program_id,program_name,institution,source_type,source_url,primary_field,secondary_fields,interests,goals,budget,format,location_preference,city,state_or_country,region,selectivity,duration,duration_weeks,season,grade_min,grade_max,support_type,tuition_usd,financial_aid,residential_option,description,keywords,academic_strength_target,recommended_gpa_range,coursework_background_expected,prior_experience_expected,academic_rigor_level,prerequisite_notes
SYN-0713,Sagebrook Academy Elite Leadership Forum in Aerospace Engineering,Sagebrook Academy,synthetic_generated,,aerospace engineering,physics;mechanical engineering,aerospace engineering;physics;mechanical engineering;mathematics,hands-on projects;skill development;career exploration,must be free,in-person only,international,Toronto,Canada,International,balanced,1 to 2 weeks,1,summer,9,12,project guidance,0,no,yes,"A 1 to 2 weeks pre-college experience focused on aerospace engineering, blending hands-on projects with skill development.",aerospace engineering;physics;mechanical engineering;hands-on projects;skill development,solid,3.2-3.49,Introductory coursework helpful but not required,No formal experience required; beginner exposure helpful,moderate,No strict prerequisite; demonstrated interest improves fit
SYN-0444,Cobalt Ridge University Discovery Workshop Series in Nursing,Cobalt Ridge University,synthetic_generated,,nursing,medicine;public health,nursing;medicine;public health;biology,leadership development;career exploration;hands-on projects,moderate cost is okay,in-person only,international,Toronto,Canada,International,balanced,4 to 8 weeks,6,summer,9,12,application guidance,4500,no,yes,"A 4 to 8 weeks pre-college experience focused on nursing, blending leadership development with career exploration.",nursing;medicine;public health;leadership development;career exploration,solid,3.2-3.49,Introductory coursework helpful but not required,No formal experience required; beginner exposure helpful,moderate,Biology/chemistry exposure helpful; healthcare interest expected
SYN-0832,Pacific Crest College Prep Discovery College Prep Seminar in International Relations,Pacific Crest College Prep,synthetic_generated,,international relations,political science;law,international relations;political science;law,career exploration;leadership development;social impact,low cost only,either,international,Oxford,England,International,open enrollment,4 to 8 weeks,8,summer,10,12,small class size,2200,need-based aid,optional,"A 4 to 8 weeks pre-college experience focused on international relations, blending career exploration with leadership development.",international relations;political science;law;career exploration;leadership development,accessible,No formal minimum / 2.5+ preferred,Introductory coursework or demonstrated interest helpful,Open to beginners; no prior experience required,accessible,No strict prerequisite; demonstrated interest improves fit
SYN-0859,Bridgewater Youth Academy Advanced Scholars Program in Architecture,Bridgewater Youth Academy,synthetic_generated,,architecture,civil engineering;design,architecture;civil engineering;design,portfolio building;academic challenge;career exploration,moderate cost is okay,in-person only,East Coast,New York,New York,East Coast,balanced,1 to 2 weeks,2,summer,9,12,small class size,2800,no,yes,"Designed for motivated teens, this program combines architecture content with portfolio building and academic challenge.",architecture;civil engineering;design;portfolio building;academic challenge,solid,3.2-3.49,Foundational coursework or portfolio-building experience helpful,No formal experience required; beginner exposure helpful,moderate,"Portfolio, writing samples, or prior creative work may strengthen fit"
REAL-0034,NYC Residential Summer,Columbia University Pre-College,real_sourced,https://precollege.sps.columbia.edu/programs/summer-programs/nyc-residential-summer,interdisciplinary,education;research;leadership,interdisciplinary;education;research;leadership,college preparation;major exploration;meeting like-minded students,not a major concern,in-person only,East Coast,New York,New York,East Coast,very competitive,2 to 4 weeks,3,summer,10,12,peer community,11500,limited,yes,Three-week residential Columbia pre-college experience on the Morningside campus.,interdisciplinary;education;research;leadership;college preparation;major exploration,exceptional,3.8+,Foundational coursework helpful but not required,Demonstrated sustained interest and prior exposure preferred,high,No strict prerequisite; demonstrated interest improves fit
SYN-0420,Compass Youth University Discovery Workshop Series in Graphic Design,Compass Youth University,synthetic_generated,,graphic design,design;marketing,graphic design;design;marketing,hands-on projects;career exploration;skill development,low cost only,hybrid,South,Miami,Florida,South,very competitive,4 to 8 weeks,8,summer,9,12,student mentorship,1200,need-based aid,optional,"A 4 to 8 weeks pre-college experience focused on graphic design, blending hands-on projects with career exploration.",graphic design;design;marketing;hands-on projects;career exploration,exceptional,3.8+,Foundational coursework or portfolio-building experience helpful,"Strong prior experience, portfolio, or sustained work preferred",high,"Portfolio, writing samples, or prior creative work may strengthen fit"
SYN-0022,Pacific Crest College Prep Applied Workshop Series in Law,Pacific Crest College Prep,synthetic_generated,,law,political science;history,law;political science;history;international relations,academic challenge;leadership development;resume building,cost matters but flexible,hybrid,East Coast,Providence,Rhode Island,East Coast,balanced,2 to 4 weeks,3,summer,10,12,small class size,7200,yes,optional,"A 2 to 4 weeks pre-college experience focused on law, blending academic challenge with leadership development.",law;political science;history;academic challenge;leadership development,solid,3.2-3.49,Introductory coursework or demonstrated interest helpful,No formal experience required; beginner exposure helpful,moderate,No strict prerequisite; demonstrated interest improves fit
SYN-0687,Mosaic Futures Academy Discovery Workshop Series in Law,Mosaic Futures Academy,synthetic_generated,,law,political science;history,law;political science;history;international relations,leadership development;academic challenge;resume building,not a major concern,mostly online,international,Toronto,Canada,International,competitive,1 to 2 weeks,1,summer,10,12,student mentorship,11800,yes,optional,This summer program helps high school students explore law through leadership development and academic challenge.,law;political science;history;leadership development;academic challenge,strong,3.5-3.79,Introductory coursework or demonstrated interest helpful,Some prior exposure helpful,moderately high,No strict prerequisite; demonstrated interest improves fit
SYN-0291,Helix Summer Scholars Foundations Explorers Program in History,Helix Summer Scholars,synthetic_generated,,history,political science;philosophy,history;political science;philosophy;international relations,college preparation;leadership development;academic challenge,not a major concern,mostly online,East Coast,Raleigh,North Carolina,East Coast,open enrollment,2 to 4 weeks,4,summer,9,12,faculty mentorship,13500,no,optional,"A 2 to 4 weeks pre-college experience focused on history, blending college preparation with leadership development.",history;political science;philosophy;college preparation;leadership development,accessible,No formal minimum / 2.5+ preferred,Introductory coursework or demonstrated interest helpful,Open to beginners; no prior experience required,accessible,No strict prerequisite; demonstrated interest improves fit
SYN-0460,Coastal Edge Institute Open Door Bootcamp in Pharmacy,Coastal Edge Institute,synthetic_generated,,pharmacy,chemistry;biochemistry,pharmacy;chemistry;biochemistry,college preparation;research experience;career exploration,low cost only,hybrid,international,Toronto,Canada,International,balanced,2 to 4 weeks,4,summer,10,12,student mentorship,1500,no,optional,"Designed for motivated teens, this program combines pharmacy content with college preparation and research experience.",pharmacy;chemistry;biochemistry;college preparation;research experience,solid,3.2-3.49,Introductory coursework helpful but not required,No formal experience required; beginner exposure helpful,moderate,Biology/chemistry exposure helpful; healthcare interest expected
SYN-0121,Northstar Future Institute Global Field School in Architecture,Northstar Future Institute,synthetic_generated,,architecture,civil engineering;design,architecture;civil engineering;design,academic challenge;portfolio building;career exploration,moderate cost is okay,in-person only,South,Nashville,Tennessee,South,balanced,2 to 4 weeks,3,summer,9,12,career guidance,2800,limited,yes,This summer program helps high school students explore architecture through academic challenge and portfolio building.,architecture;civil engineering;design;academic challenge;portfolio building,solid,3.2-3.49,Foundational coursework or portfolio-building experience helpful,No formal experience required; beginner exposure helpful,moderate,"Portfolio, writing samples, or prior creative work may strengthen fit"
SYN-0746,Cedar Grove Scholars Applied Pre-College Institute for Pharmacy,Cedar Grove Scholars,synthetic_generated,,pharmacy,chemistry;biochemistry,pharmacy;chemistry;biochemistry,college preparation;research experience;skill development,not a major concern,either,international,Singapore,Singapore,International,competitive,4 to 8 weeks,6,summer,10,12,independent exploration,10500,merit scholarships,optional,Students build confidence in pharmacy while developing transferable skills through college preparation and research experience.,pharmacy;chemistry;biochemistry;college preparation;research experience,strong,3.5-3.79,Advanced coursework preferred (honors/AP/IB or strong equivalent),Some prior exposure or self-directed projects helpful,moderately high,Biology/chemistry exposure helpful; healthcare interest expected
SYN-0355,Urban Horizon Institute Young Innovators Research Lab in Fashion Design,Urban Horizon Institute,synthetic_generated,,fashion design,design;arts,fashion design;design;arts;graphic design,portfolio building;networking;career exploration,not a major concern,hybrid,international,Singapore,Singapore,International,balanced,1 to 2 weeks,2,summer,8,12,faculty mentorship,10500,limited,optional,"Designed for motivated teens, this program combines fashion design content with portfolio building and networking.",fashion design;design;arts;portfolio building;networking,solid,3.2-3.49,Foundational coursework helpful but not required,No formal experience required; beginner exposure helpful,moderate,No strict prerequisite; demonstrated interest improves fit
SYN-0552,Maple Bridge Academy Open Door Research Lab in Public Health,Maple Bridge Academy,synthetic_generated,,public health,medicine;biology,public health;medicine;biology,leadership development;research experience;career exploration,cost matters but flexible,hybrid,East Coast,Providence,Rhode Island,East Coast,very competitive,1 to 2 weeks,2,summer,9,12,project guidance,5200,need-based aid,optional,"A 1 to 2 weeks pre-college experience focused on public health, blending leadership development with research experience.",public health;medicine;biology;leadership development;research experience,exceptional,3.8+,Introductory coursework or demonstrated interest helpful,Demonstrated sustained interest and prior exposure preferred,high,Biology/chemistry exposure helpful; healthcare interest expected
SYN-0619,Bridgewater Youth Academy Pioneer Field School in Pre-Med,Bridgewater Youth Academy,synthetic_generated,,pre-med,medicine;biology,pre-med;medicine;biology,research experience;medical exposure;college preparation,cost matters but flexible,mostly online,East Coast,Washington,District of Columbia,East Coast,competitive,4 to 8 weeks,8,summer,9,12,project guidance,6100,limited,optional,"Designed for motivated teens, this program combines pre-med content with research experience and medical exposure.",pre-med;medicine;biology;research experience;medical exposure,strong,3.5-3.79,Advanced coursework preferred (honors/AP/IB or strong equivalent),Some prior exposure or self-directed projects helpful,moderately high,Biology/chemistry exposure helpful; healthcare interest expected
SYN-0438,Orbit Learning Institute Applied Pre-College Institute for Finance,Orbit Learning Institute,synthetic_generated,,finance,economics;business,finance;economics;business,academic challenge;career exploration;networking,low cost only,mostly online,anywhere in the U.S.,Denver,Colorado,Mountain,less competitive,1 to 2 weeks,2,summer,9,12,faculty mentorship,1800,need-based aid,optional,Students build confidence in finance while developing transferable skills through academic challenge and career exploration.,finance;economics;business;academic challenge;career exploration,average,3.0-3.19,Relevant introductory coursework or strong extracurricular exposure helpful,Beginner friendly; no prior experience required,moderate-low,"Quantitative comfort, initiative, or leadership/project experience helpful"
SYN-0697,Riverview Innovation Lab Discovery Field School in Psychology,Riverview Innovation Lab,synthetic_generated,,psychology,neuroscience;public health,psychology;neuroscience;public health;biology,research experience;major exploration;career exploration,not a major concern,either,Midwest,Madison,Wisconsin,Midwest,balanced,4 to 8 weeks,6,summer,9,12,career guidance,13500,merit scholarships,optional,This summer program helps high school students explore psychology through research experience and major exploration.,psychology;neuroscience;public health;research experience;major exploration,solid,3.2-3.49,Introductory coursework or demonstrated interest helpful,No formal experience required; beginner exposure helpful,moderate,No strict prerequisite; demonstrated interest improves fit
REAL-0050,NSLC Engineering - University of Michigan,National Student Leadership Conference,real_sourced,https://www.nslcleaders.org/summer-program-locations/michigan-high-school-summer-programs/,mechanical engineering,robotics;civil engineering;physics,mechanical engineering;robotics;civil engineering;physics,hands-on projects;skill development;career exploration,moderate cost is okay,in-person only,Midwest,Ann Arbor,Michigan,Midwest,balanced,1 to 2 weeks,1.3,summer,9,12,peer community,4195,scholarships available,yes,Residential NSLC pre-college program in engineering hosted on the University of Michigan campus.,mechanical engineering;robotics;civil engineering;physics;hands-on projects;skill development,solid,3.2-3.49,Introductory coursework helpful but not required,No formal experience required; beginner exposure helpful,moderate,No strict prerequisite; demonstrated interest improves fit
SYN-0669,Prairie Stone Scholars Program Pioneer Leadership Forum in Veterinary Medicine,Prairie Stone Scholars Program,synthetic_generated,,veterinary medicine,biology;medicine,veterinary medicine;biology;medicine;chemistry,medical exposure;hands-on projects;research experience,must be free,mostly in-person,Midwest,Chicago,Illinois,Midwest,balanced,4 to 8 weeks,6,summer,9,12,career guidance,0,yes,yes,"A 4 to 8 weeks pre-college experience focused on veterinary medicine, blending medical exposure with hands-on projects.",veterinary medicine;biology;medicine;medical exposure;hands-on projects,solid,3.2-3.49,Foundational coursework helpful but not required,No formal experience required; beginner exposure helpful,moderate,No strict prerequisite; demonstrated interest improves fit
SYN-0273,Pioneer Horizon University Young Innovators Pre-College Institute for Biochemistry,Pioneer Horizon University,synthetic_generated,,biochemistry,chemistry;biology,biochemistry;chemistry;biology,academic challenge;career exploration;research experience,moderate cost is okay,in-person only,East Coast,Baltimore,Maryland,East Coast,less competitive,4 to 8 weeks,8,summer,9,12,small class size,3800,no,yes,Students build confidence in biochemistry while developing transferable skills through academic challenge and career exploration.,biochemistry;chemistry;biology;academic challenge;career exploration,average,3.0-3.19,Introductory coursework helpful but not required,Beginner friendly; no prior experience required,moderate-low,No strict prerequisite; demonstrated interest improves fit
SYN-0387,Mosaic Futures Academy Advanced Innovation Studio in Sports Management,Mosaic Futures Academy,synthetic_generated,,sports management,business;marketing,sports management;business;marketing;finance,leadership development;career exploration;resume building,low cost only,mostly in-person,West Coast,Seattle,Washington,West Coast,less competitive,2 to 4 weeks,4,summer,9,12,small class size,1500,need-based aid,yes,"A 2 to 4 weeks pre-college experience focused on sports management, blending leadership development with career exploration.",sports management;business;marketing;leadership development;career exploration,average,3.0-3.19,Foundational coursework helpful but not required,Beginner friendly; no prior experience required,moderate-low,No strict prerequisite; demonstrated interest improves fit
SYN-0727,Riverview Innovation Lab Frontier Workshop Series in Music,Riverview Innovation Lab,synthetic_generated,,music,arts;film,music;arts;film;design,meeting like-minded students;portfolio building;career exploration,must be free,mostly in-person,West Coast,Los Angeles,California,West Coast,less competitive,2 to 4 weeks,4,summer,8,12,peer community,0,yes,yes,"Designed for motivated teens, this program combines music content with meeting like-minded students and portfolio building.",music;arts;film;meeting like-minded students;portfolio building,average,3.0-3.19,Foundational coursework or portfolio-building experience helpful,Beginner friendly; no prior experience required,moderate-low,"Portfolio, writing samples, or prior creative work may strengthen fit"
SYN-0287,Lighthouse Prep Academy Open Door Workshop Series in Music,Lighthouse Prep Academy,synthetic_generated,,music,arts;film,music;arts;film;design,skill development;meeting like-minded students;portfolio building,cost matters but flexible,hybrid,anywhere in the U.S.,Denver,Colorado,Mountain,competitive,1 to 2 weeks,2,summer,8,12,student mentorship,5200,limited,optional,"A 1 to 2 weeks pre-college experience focused on music, blending skill development with meeting like-minded students.",music;arts;film;skill development;meeting like-minded students,strong,3.5-3.79,Foundational coursework or portfolio-building experience helpful,Beginner-to-intermediate portfolio or prior work helpful,moderately high,"Portfolio, writing samples, or prior creative work may strengthen fit"
SYN-0404,Silverline Summer College Elite Immersion in Arts,Silverline Summer College,synthetic_generated,,arts,design;film,arts;design;film;graphic design,skill development;meeting like-minded students;portfolio building,low cost only,mostly online,East Coast,Washington,District of Columbia,East Coast,balanced,1 to 2 weeks,1,summer,8,12,student mentorship,1500,no,optional,This summer program helps high school students explore arts through skill development and meeting like-minded students.,arts;design;film;skill development;meeting like-minded students,solid,3.2-3.49,Foundational coursework or portfolio-building experience helpful,No formal experience required; beginner exposure helpful,moderate,"Portfolio, writing samples, or prior creative work may strengthen fit"
SYN-0559,Bridgewater Youth Academy Foundations Innovation Studio in Creative Writing,Bridgewater Youth Academy,synthetic_generated,,creative writing,journalism;history,creative writing;journalism;history,college preparation;meeting like-minded students;portfolio building,must be free,hybrid,international,Singapore,Singapore,International,very competitive,1 to 2 weeks,2,summer,9,12,peer community,0,yes,optional,This summer program helps high school students explore creative writing through college preparation and meeting like-minded students.,creative writing;journalism;history;college preparation;meeting like-minded students,exceptional,3.8+,Foundational coursework or portfolio-building experience helpful,"Strong prior experience, portfolio, or sustained work preferred",high,"Portfolio, writing samples, or prior creative work may strengthen fit"
SYN-0413,Sagebrook Academy Foundations Pre-College Institute for Business,Sagebrook Academy,synthetic_generated,,business,finance;marketing,business;finance;marketing;economics,resume building;networking;leadership development,cost matters but flexible,in-person only,South,Nashville,Tennessee,South,balanced,2 to 4 weeks,4,summer,9,12,research mentorship,7200,limited,yes,This summer program helps high school students explore business through resume building and networking.,business;finance;marketing;resume building;networking,solid,3.2-3.49,Relevant introductory coursework or strong extracurricular exposure helpful,No formal experience required; beginner exposure helpful,moderate,"Quantitative comfort, initiative, or leadership/project experience helpful"
SYN-0551,Evergreen Future Lab Elite Immersion in Sports Management,Evergreen Future Lab,synthetic_generated,,sports management,business;marketing,sports management;business;marketing;finance,career exploration;resume building;leadership development,moderate cost is okay,mostly in-person,anywhere in the U.S.,Denver,Colorado,Mountain,less competitive,1 to 2 weeks,2,summer,9,12,peer community,3800,limited,yes,Students build confidence in sports management while developing transferable skills through career exploration and resume building.,sports management;business;marketing;career exploration;resume building,average,3.0-3.19,Foundational coursework helpful but not required,Beginner friendly; no prior experience required,moderate-low,No strict prerequisite; demonstrated interest improves fit
SYN-0491,Evergreen Future Lab Young Innovators Research Lab in Nursing,Evergreen Future Lab,synthetic_generated,,nursing,medicine;public health,nursing;medicine;public health;biology,leadership development;medical exposure;hands-on projects,moderate cost is okay,in-person only,Midwest,Madison,Wisconsin,Midwest,very competitive,1 to 2 weeks,2,summer,9,12,small class size,4500,no,yes,Students build confidence in nursing while developing transferable skills through leadership development and medical exposure.,nursing;medicine;public health;leadership development;medical exposure,exceptional,3.8+,Advanced coursework preferred (honors/AP/IB or strong equivalent),"Some prior projects, research, competitions, or advanced exposure preferred",high,Biology/chemistry exposure helpful; healthcare interest expected
SYN-0302,Blue Mesa Scholars Academy Elite Bootcamp in Mathematics,Blue Mesa Scholars Academy,synthetic_generated,,mathematics,statistics;physics,mathematics;statistics;physics,college preparation;skill development;major exploration,cost matters but flexible,in-person only,international,Singapore,Singapore,International,less competitive,4 to 8 weeks,6,summer,9,12,independent exploration,6100,merit scholarships,yes,"A 4 to 8 weeks pre-college experience focused on mathematics, blending college preparation with skill development.",mathematics;statistics;physics;college preparation;skill development,average,3.0-3.19,Introductory coursework helpful but not required,Beginner friendly; no prior experience required,moderate-low,No strict prerequisite; demonstrated interest improves fit
SYN-0707,Lighthouse Prep Academy Honors Innovation Studio in Finance,Lighthouse Prep Academy,synthetic_generated,,finance,economics;business,finance;economics;business,skill development;academic challenge;networking,not a major concern,mostly in-person,Arizona,Phoenix,Arizona,Southwest,balanced,1 to 2 weeks,1,summer,9,12,application guidance,13500,no,yes,This summer program helps high school students explore finance through skill development and academic challenge.,finance;economics;business;skill development;academic challenge,solid,3.2-3.49,Relevant introductory coursework or strong extracurricular exposure helpful,No formal experience required; beginner exposure helpful,moderate,"Quantitative comfort, initiative, or leadership/project experience helpful"
SYN-0567,Mosaic Futures Academy Elite Immersion in Data Science,Mosaic Futures Academy,synthetic_generated,,data science,statistics;computer science,data science;statistics;computer science;mathematics,career exploration;hands-on projects;portfolio building,must be free,either,East Coast,Providence,Rhode Island,East Coast,very competitive,2 to 4 weeks,3,summer,9,12,project guidance,0,merit scholarships,optional,This summer program helps high school students explore data science through career exploration and hands-on projects.,data science;statistics;computer science;career exploration;hands-on projects,exceptional,3.8+,Advanced coursework preferred (honors/AP/IB or strong equivalent),"Some prior projects, research, competitions, or advanced exposure preferred",high,Math/programming familiarity helpful; projects or coding exposure useful
SYN-0877,Riverview Innovation Lab Applied Research Lab in Medicine,Riverview Innovation Lab,synthetic_generated,,medicine,biology;public health,medicine;biology;public health;chemistry,hands-on projects;career exploration;medical exposure,low cost only,mostly in-person,East Coast,Philadelphia,Pennsylvania,East Coast,competitive,2 to 4 weeks,4,summer,9,12,application guidance,2200,no,yes,"A 2 to 4 weeks pre-college experience focused on medicine, blending hands-on projects with career exploration.",medicine;biology;public health;hands-on projects;career exploration,strong,3.5-3.79,Advanced coursework preferred (honors/AP/IB or strong equivalent),Some prior exposure or self-directed projects helpful,moderately high,Biology/chemistry exposure helpful; healthcare interest expected
SYN-0734,Silverline Summer College Advanced Innovation Studio in Game Development,Silverline Summer College,synthetic_generated,,game development,computer science;design,game development;computer science;design;software engineering,portfolio building;skill development;hands-on projects,strongly prefer free,mostly online,Midwest,Ann Arbor,Michigan,Midwest,balanced,2 to 4 weeks,4,summer,8,12,career guidance,500,merit scholarships,optional,"A 2 to 4 weeks pre-college experience focused on game development, blending portfolio building with skill development.",game development;computer science;design;portfolio building;skill development,solid,3.2-3.49,Foundational coursework helpful but not required,No formal experience required; beginner exposure helpful,moderate,No strict prerequisite; demonstrated interest improves fit
SYN-0433,Redwood Pathways Institute Future Leaders Innovation Studio in Entrepreneurship,Redwood Pathways Institute,synthetic_generated,,entrepreneurship,business;marketing,entrepreneurship;business;marketing;finance,hands-on projects;networking;leadership development,cost matters but flexible,hybrid,anywhere in the U.S.,Denver,Colorado,Mountain,balanced,1 to 2 weeks,2,summer,9,12,student mentorship,8400,merit scholarships,optional,"Designed for motivated teens, this program combines entrepreneurship content with hands-on projects and networking.",entrepreneurship;business;marketing;hands-on projects;networking,solid,3.2-3.49,Relevant introductory coursework or strong extracurricular exposure helpful,No formal experience required; beginner exposure helpful,moderate,"Quantitative comfort, initiative, or leadership/project experience helpful"
SYN-0861,Helix Summer Scholars Applied College Prep Seminar in Mathematics,Helix Summer Scholars,synthetic_generated,,mathematics,statistics;physics,mathematics;statistics;physics,major exploration;college preparation;academic challenge,low cost only,hybrid,South,Atlanta,Georgia,South,very competitive,4 to 8 weeks,8,summer,9,12,independent exploration,1800,merit scholarships,optional,Students build confidence in mathematics while developing transferable skills through major exploration and college preparation.,mathematics;statistics;physics;major exploration;college preparation,exceptional,3.8+,Advanced coursework preferred (honors/AP/IB or strong equivalent),"Some prior projects, research, competitions, or advanced exposure preferred",high,No strict prerequisite; demonstrated interest improves fit
SYN-0306,Catalyst Pre-College Center Global Leadership Forum in Social Impact,Catalyst Pre-College Center,synthetic_generated,,social impact,leadership;public health,social impact;leadership;public health,networking;career exploration;leadership development,cost matters but flexible,mostly online,international,Oxford,England,International,balanced,4 to 8 weeks,6,summer,9,12,faculty mentorship,5200,limited,optional,This summer program helps high school students explore social impact through networking and career exploration.,social impact;leadership;public health;networking;career exploration,solid,3.2-3.49,Introductory coursework or demonstrated interest helpful,No formal experience required; beginner exposure helpful,moderate,No strict prerequisite; demonstrated interest improves fit
SYN-0533,Sagebrook Academy Open Door Scholars Program in Software Engineering,Sagebrook Academy,synthetic_generated,,software engineering,computer science;artificial intelligence,software engineering;computer science;artificial intelligence,portfolio building;hands-on projects;career exploration,low cost only,mostly online,West Coast,Seattle,Washington,West Coast,balanced,4 to 8 weeks,6,spring,9,12,project guidance,2200,need-based aid,optional,"A 4 to 8 weeks pre-college experience focused on software engineering, blending portfolio building with hands-on projects.",software engineering;computer science;artificial intelligence;portfolio building;hands-on projects,solid,3.2-3.49,Introductory coursework helpful but not required,No formal experience required; beginner exposure helpful,moderate,Math/programming familiarity helpful; projects or coding exposure useful
SYN-0657,Mosaic Futures Academy Pioneer Explorers Program in Genetics,Mosaic Futures Academy,synthetic_generated,,genetics,biology;biotechnology,genetics;biology;biotechnology;chemistry,research experience;career exploration;academic challenge,moderate cost is okay,mostly online,anywhere in the U.S.,Denver,Colorado,Mountain,very competitive,1 to 2 weeks,2,summer,9,12,research mentorship,2800,merit scholarships,optional,"Designed for motivated teens, this program combines genetics content with research experience and career exploration.",genetics;biology;biotechnology;research experience;career exploration,exceptional,3.8+,Advanced coursework preferred (honors/AP/IB or strong equivalent),"Some prior projects, research, competitions, or advanced exposure preferred",high,No strict prerequisite; demonstrated interest improves fit
REAL-0054,NSLC Psychology & Neuroscience - University of Michigan,National Student Leadership Conference,real_sourced,https://www.nslcleaders.org/summer-program-locations/michigan-high-school-summer-programs/,psychology,neuroscience;public health;research,psychology;neuroscience;public health;research,research experience;major exploration;career exploration,moderate cost is okay,in-person only,Midwest,Ann Arbor,Michigan,Midwest,balanced,1 to 2 weeks,1.3,summer,9,12,peer community,4295,scholarships available,yes,Residential NSLC pre-college program in psychology & neuroscience hosted on the University of Michigan campus.,psychology;neuroscience;public health;research;research experience;major exploration,solid,3.2-3.49,Introductory coursework or demonstrated interest helpful,No formal experience required; beginner exposure helpful,moderate,No strict prerequisite; demonstrated interest improves fit
SYN-0363,Pioneer Horizon University Honors Pre-College Institute for Business,Pioneer Horizon University,synthetic_generated,,business,finance;marketing,business;finance;marketing;economics,leadership development;career exploration;networking,not a major concern,hybrid,international,Oxford,England,International,balanced,1 to 2 weeks,2,summer,9,12,application guidance,10500,need-based aid,optional,This summer program helps high school students explore business through leadership development and career exploration.,business;finance;marketing;leadership development;career exploration,solid,3.2-3.49,Relevant introductory coursework or strong extracurricular exposure helpful,No formal experience required; beginner exposure helpful,moderate,"Quantitative comfort, initiative, or leadership/project experience helpful"
REAL-0057,"NSLC Medicine & Health Care - University of California, Berkeley",National Student Leadership Conference,real_sourced,https://www.nslcleaders.org/youth-leadership-programs/summer-medical-programs/,medicine,biology;public health;leadership,medicine;biology;public health;leadership,medical exposure;career exploration;hands-on projects,moderate cost is okay,in-person only,West Coast,San Francisco,California,West Coast,balanced,1 to 2 weeks,1.3,summer,9,12,peer community,4395,scholarships available,yes,"Residential NSLC medicine program hosted at University of California, Berkeley.",medicine;biology;public health;leadership;medical exposure;career exploration,solid,3.2-3.49,Introductory coursework helpful but not required,No formal experience required; beginner exposure helpful,moderate,Biology/chemistry exposure helpful; healthcare interest expected
SYN-0201,Helix Summer Scholars Young Innovators Scholars Program in Finance,Helix Summer Scholars,synthetic_generated,,finance,economics;business,finance;economics;business,career exploration;academic challenge;skill development,not a major concern,hybrid,West Coast,Portland,Oregon,West Coast,balanced,1 to 2 weeks,2,summer,9,12,application guidance,11800,merit scholarships,optional,Students build confidence in finance while developing transferable skills through career exploration and academic challenge.,finance;economics;business;career exploration;academic challenge,solid,3.2-3.49,Relevant introductory coursework or strong extracurricular exposure helpful,No formal experience required; beginner exposure helpful,moderate,"Quantitative comfort, initiative, or leadership/project experience helpful"
SYN-0709,Bridgewater Youth Academy Frontier Field School in Economics,Bridgewater Youth Academy,synthetic_generated,,economics,finance;political science,economics;finance;political science,networking;academic challenge;career exploration,moderate cost is okay,online only,remote only,Remote,Remote,Remote,balanced,4 to 8 weeks,8,summer,9,12,small class size,4500,need-based aid,no,Students build confidence in economics while developing transferable skills through networking and academic challenge.,economics;finance;political science;networking;academic challenge,solid,3.2-3.49,Relevant introductory coursework or strong extracurricular exposure helpful,No formal experience required; beginner exposure helpful,moderate,"Quantitative comfort, initiative, or leadership/project experience helpful"
SYN-0122,Blue Mesa Scholars Academy Discovery Leadership Forum in Dentistry,Blue Mesa Scholars Academy,synthetic_generated,,dentistry,medicine;biology,dentistry;medicine;biology,medical exposure;skill development;career exploration,strongly prefer free,mostly in-person,West Coast,Seattle,Washington,West Coast,less competitive,2 to 4 weeks,3,summer,10,12,career guidance,500,need-based aid,yes,This summer program helps high school students explore dentistry through medical exposure and skill development.,dentistry;medicine;biology;medical exposure;skill development,average,3.0-3.19,Foundational coursework helpful but not required,Beginner friendly; no prior experience required,moderate-low,No strict prerequisite; demonstrated interest improves fit
SYN-0403,Redwood Pathways Institute Applied Bootcamp in Medicine,Redwood Pathways Institute,synthetic_generated,,medicine,biology;public health,medicine;biology;public health;chemistry,medical exposure;career exploration;hands-on projects,strongly prefer free,in-person only,South,Atlanta,Georgia,South,balanced,1 to 2 weeks,1,summer,9,12,peer community,750,no,yes,"A 1 to 2 weeks pre-college experience focused on medicine, blending medical exposure with career exploration.",medicine;biology;public health;medical exposure;career exploration,solid,3.2-3.49,Introductory coursework helpful but not required,No formal experience required; beginner exposure helpful,moderate,Biology/chemistry exposure helpful; healthcare interest expected
SYN-0726,Catalyst Pre-College Center Pioneer Research Lab in Artificial Intelligence,Catalyst Pre-College Center,synthetic_generated,,artificial intelligence,machine learning;computer science,artificial intelligence;machine learning;computer science,skill development;hands-on projects;research experience,moderate cost is okay,hybrid,West Coast,Los Angeles,California,West Coast,balanced,4 to 8 weeks,8,summer,9,12,faculty mentorship,4500,merit scholarships,optional,"Designed for motivated teens, this program combines artificial intelligence content with skill development and hands-on projects.",artificial intelligence;machine learning;computer science;skill development;hands-on projects,solid,3.2-3.49,Introductory coursework helpful but not required,No formal experience required; beginner exposure helpful,moderate,Math/programming familiarity helpful; projects or coding exposure useful
SYN-0111,Helix Summer Scholars Open Door Immersion in Journalism,Helix Summer Scholars,synthetic_generated,,journalism,creative writing;political science,journalism;creative writing;political science,career exploration;portfolio building;networking,moderate cost is okay,in-person only,international,Singapore,Singapore,International,very competitive,1 to 2 weeks,2,summer,9,12,student mentorship,3200,no,yes,Students build confidence in journalism while developing transferable skills through career exploration and portfolio building.,journalism;creative writing;political science;career exploration;portfolio building,exceptional,3.8+,Foundational coursework or portfolio-building experience helpful,"Strong prior experience, portfolio, or sustained work preferred",high,"Portfolio, writing samples, or prior creative work may strengthen fit"
SYN-0087,Mosaic Futures Academy Discovery Research Lab in Machine Learning,Mosaic Futures Academy,synthetic_generated,,machine learning,artificial intelligence;data science,machine learning;artificial intelligence;data science,portfolio building;research experience;skill development,not a major concern,hybrid,South,Atlanta,Georgia,South,competitive,2 to 4 weeks,3,summer,9,12,student mentorship,11800,yes,optional,"A 2 to 4 weeks pre-college experience focused on machine learning, blending portfolio building with research experience.",machine learning;artificial intelligence;data science;portfolio building;research experience,strong,3.5-3.79,Advanced coursework preferred (honors/AP/IB or strong equivalent),Some prior exposure or self-directed projects helpful,moderately high,Math/programming familiarity helpful; projects or coding exposure useful
SYN-0678,Orbit Learning Institute Elite Field School in Chemistry,Orbit Learning Institute,synthetic_generated,,chemistry,biochemistry;research,chemistry;biochemistry;research,academic challenge;hands-on projects;research experience,strongly prefer free,in-person only,international,Toronto,Canada,International,balanced,4 to 8 weeks,8,summer,9,12,student mentorship,350,no,yes,"Designed for motivated teens, this program combines chemistry content with academic challenge and hands-on projects.",chemistry;biochemistry;research;academic challenge;hands-on projects,solid,3.2-3.49,Introductory coursework helpful but not required,No formal experience required; beginner exposure helpful,moderate,No strict prerequisite; demonstrated interest improves fit
SYN-0050,Granite Point Institute Young Innovators College Prep Seminar in Computer Science,Granite Point Institute,synthetic_generated,,computer science,software engineering;artificial intelligence,computer science;software engineering;artificial intelligence,hands-on projects;portfolio building;career exploration,low cost only,hybrid,West Coast,San Diego,California,West Coast,competitive,2 to 4 weeks,4,summer,9,12,student mentorship,1500,yes,optional,"Designed for motivated teens, this program combines computer science content with hands-on projects and portfolio building.",computer science;software engineering;artificial intelligence;hands-on projects;portfolio building,strong,3.5-3.79,Advanced coursework preferred (honors/AP/IB or strong equivalent),Some prior exposure or self-directed projects helpful,moderately high,Math/programming familiarity helpful; projects or coding exposure useful
SYN-0365,Summit Forge Academy Discovery Leadership Forum in Cybersecurity,Summit Forge Academy,synthetic_generated,,cybersecurity,computer science;law,cybersecurity;computer science;law;software engineering,skill development;career exploration;leadership development,must be free,either,South,Miami,Florida,South,less competitive,1 to 2 weeks,1,summer,9,12,independent exploration,0,merit scholarships,optional,Students build confidence in cybersecurity while developing transferable skills through skill development and career exploration.,cybersecurity;computer science;law;skill development;career exploration,average,3.0-3.19,Introductory coursework helpful but not required,Beginner friendly; no prior experience required,moderate-low,Math/programming familiarity helpful; projects or coding exposure useful
SYN-0902,Blue Mesa Scholars Academy Future Leaders Pre-College Institute for Mathematics,Blue Mesa Scholars Academy,synthetic_generated,,mathematics,statistics;physics,mathematics;statistics;physics,college preparation;skill development;major exploration,not a major concern,mostly online,South,Atlanta,Georgia,South,less competitive,2 to 4 weeks,3,summer,9,12,independent exploration,13500,limited,optional,"Designed for motivated teens, this program combines mathematics content with college preparation and skill development.",mathematics;statistics;physics;college preparation;skill development,average,3.0-3.19,Introductory coursework helpful but not required,Beginner friendly; no prior experience required,moderate-low,No strict prerequisite; demonstrated interest improves fit
REAL-0019,International Relations Academy,Georgetown University,real_sourced,https://summer.georgetown.edu/programs/SHS14/international-relations-academy/,international relations,political science;leadership;history,international relations;political science;leadership;history,leadership development;career exploration;networking,moderate cost is okay,in-person only,East Coast,Washington,District of Columbia,East Coast,competitive,1 to 2 weeks,1,summer,8,12,peer community,3725,limited,yes,One-week international relations academy focused on diplomacy and global affairs.,international relations;political science;leadership;history;leadership development;career exploration,strong,3.5-3.79,Introductory coursework or demonstrated interest helpful,Some prior exposure helpful,moderately high,No strict prerequisite; demonstrated interest improves fit
SYN-0126,Catalyst Pre-College Center Elite Workshop Series in Neuroscience,Catalyst Pre-College Center,synthetic_generated,,neuroscience,biology;psychology,neuroscience;biology;psychology;chemistry,major exploration;career exploration;research experience,moderate cost is okay,in-person only,international,Singapore,Singapore,International,very competitive,1 to 2 weeks,2,summer,9,12,peer community,4500,no,yes,"Designed for motivated teens, this program combines neuroscience content with major exploration and career exploration.",neuroscience;biology;psychology;major exploration;career exploration,exceptional,3.8+,Advanced coursework preferred (honors/AP/IB or strong equivalent),"Some prior projects, research, competitions, or advanced exposure preferred",high,No strict prerequisite; demonstrated interest improves fit
SYN-0351,Helix Summer Scholars Pioneer Field School in Arts,Helix Summer Scholars,synthetic_generated,,arts,design;film,arts;design;film;graphic design,portfolio building;skill development;meeting like-minded students,moderate cost is okay,mostly online,East Coast,Philadelphia,Pennsylvania,East Coast,less competitive,4 to 8 weeks,8,summer,8,12,faculty mentorship,3800,limited,optional,"A 4 to 8 weeks pre-college experience focused on arts, blending portfolio building with skill development.",arts;design;film;portfolio building;skill development,average,3.0-3.19,Foundational coursework or portfolio-building experience helpful,Beginner friendly; no prior experience required,moderate-low,"Portfolio, writing samples, or prior creative work may strengthen fit"
SYN-0526,Skyline Discovery Institute Frontier Scholars Program in History,Skyline Discovery Institute,synthetic_generated,,history,political science;philosophy,history;political science;philosophy;international relations,major exploration;college preparation;leadership development,low cost only,mostly online,East Coast,New York,New York,East Coast,balanced,1 to 2 weeks,2,summer,9,12,student mentorship,1200,no,optional,"A 1 to 2 weeks pre-college experience focused on history, blending major exploration with college preparation.",history;political science;philosophy;major exploration;college preparation,solid,3.2-3.49,Introductory coursework or demonstrated interest helpful,No formal experience required; beginner exposure helpful,moderate,No strict prerequisite; demonstrated interest improves fit
SYN-0603,Pioneer Horizon University Young Innovators College Prep Seminar in Genetics,Pioneer Horizon University,synthetic_generated,,genetics,biology;biotechnology,genetics;biology;biotechnology;chemistry,college preparation;academic challenge;career exploration,moderate cost is okay,mostly online,West Coast,Los Angeles,California,West Coast,balanced,1 to 2 weeks,1,summer,9,12,career guidance,3800,need-based aid,optional,This summer program helps high school students explore genetics through college preparation and academic challenge.,genetics;biology;biotechnology;college preparation;academic challenge,solid,3.2-3.49,Introductory coursework helpful but not required,No formal experience required; beginner exposure helpful,moderate,No strict prerequisite; demonstrated interest improves fit
SYN-0700,Coastal Edge Institute Frontier Research Lab in International Relations,Coastal Edge Institute,synthetic_generated,,international relations,political science;law,international relations;political science;law,career exploration;networking;social impact,moderate cost is okay,either,Arizona,Phoenix,Arizona,Southwest,very competitive,1 to 2 weeks,2,summer,10,12,peer community,2800,need-based aid,optional,Students build confidence in international relations while developing transferable skills through career exploration and networking.,international relations;political science;law;career exploration;networking,exceptional,3.8+,Introductory coursework or demonstrated interest helpful,Demonstrated sustained interest and prior exposure preferred,high,No strict prerequisite; demonstrated interest improves fit
SYN-0158,Crescent Peak University Applied Workshop Series in Business,Crescent Peak University,synthetic_generated,,business,finance;marketing,business;finance;marketing;economics,career exploration;leadership development;networking,must be free,either,South,Miami,Florida,South,less competitive,4 to 8 weeks,6,summer,9,12,project guidance,0,no,optional,Students build confidence in business while developing transferable skills through career exploration and leadership development.,business;finance;marketing;career exploration;leadership development,average,3.0-3.19,Relevant introductory coursework or strong extracurricular exposure helpful,Beginner friendly; no prior experience required,moderate-low,"Quantitative comfort, initiative, or leadership/project experience helpful"
SYN-0523,Redwood Pathways Institute Honors Scholars Program in Economics,Redwood Pathways Institute,synthetic_generated,,economics,finance;political science,economics;finance;political science,networking;academic challenge;career exploration,must be free,hybrid,East Coast,Philadelphia,Pennsylvania,East Coast,less competitive,1 to 2 weeks,2,summer,9,12,independent exploration,0,no,optional,Students build confidence in economics while developing transferable skills through networking and academic challenge.,economics;finance;political science;networking;academic challenge,average,3.0-3.19,Relevant introductory coursework or strong extracurricular exposure helpful,Beginner friendly; no prior experience required,moderate-low,"Quantitative comfort, initiative, or leadership/project experience helpful"
SYN-0518,Crescent Peak University Open Door Summer Academy in Machine Learning,Crescent Peak University,synthetic_generated,,machine learning,artificial intelligence;data science,machine learning;artificial intelligence;data science,research experience;hands-on projects;portfolio building,low cost only,in-person only,East Coast,Philadelphia,Pennsylvania,East Coast,open enrollment,4 to 8 weeks,6,summer,9,12,application guidance,1800,limited,yes,This summer program helps high school students explore machine learning through research experience and hands-on projects.,machine learning;artificial intelligence;data science;research experience;hands-on projects,accessible,No formal minimum / 2.5+ preferred,Introductory coursework helpful but not required,Open to beginners; no prior experience required,accessible,Math/programming familiarity helpful; projects or coding exposure useful
SYN-0236,Cedar Grove Scholars Young Innovators Immersion in Biology,Cedar Grove Scholars,synthetic_generated,,biology,chemistry;research,biology;chemistry;research;biochemistry,academic challenge;research experience;hands-on projects,must be free,mostly in-person,international,Oxford,England,International,balanced,1 to 2 weeks,2,summer,9,12,project guidance,0,yes,yes,"Designed for motivated teens, this program combines biology content with academic challenge and research experience.",biology;chemistry;research;academic challenge;research experience,solid,3.2-3.49,Introductory coursework helpful but not required,No formal experience required; beginner exposure helpful,moderate,No strict prerequisite; demonstrated interest improves fit
SYN-0575,Summit Forge Academy Foundations College Prep Seminar in Biochemistry,Summit Forge Academy,synthetic_generated,,biochemistry,chemistry;biology,biochemistry;chemistry;biology,research experience;academic challenge;career exploration,not a major concern,hybrid,East Coast,Philadelphia,Pennsylvania,East Coast,competitive,2 to 4 weeks,4,summer,9,12,peer community,9200,need-based aid,optional,"Designed for motivated teens, this program combines biochemistry content with research experience and academic challenge.",biochemistry;chemistry;biology;research experience;academic challenge,strong,3.5-3.79,Advanced coursework preferred (honors/AP/IB or strong equivalent),Some prior exposure or self-directed projects helpful,moderately high,No strict prerequisite; demonstrated interest improves fit
SYN-0323,Sagebrook Academy Global Immersion in Psychology,Sagebrook Academy,synthetic_generated,,psychology,neuroscience;public health,psychology;neuroscience;public health;biology,academic challenge;research experience;career exploration,cost matters but flexible,either,East Coast,Philadelphia,Pennsylvania,East Coast,open enrollment,1 to 2 weeks,1,summer,9,12,research mentorship,5200,yes,optional,"Designed for motivated teens, this program combines psychology content with academic challenge and research experience.",psychology;neuroscience;public health;academic challenge;research experience,accessible,No formal minimum / 2.5+ preferred,Introductory coursework or demonstrated interest helpful,Open to beginners; no prior experience required,accessible,No strict prerequisite; demonstrated interest improves fit
SYN-0301,Northstar Future Institute Applied Immersion in Software Engineering,Northstar Future Institute,synthetic_generated,,software engineering,computer science;artificial intelligence,software engineering;computer science;artificial intelligence,portfolio building;career exploration;skill development,moderate cost is okay,mostly online,West Coast,San Francisco,California,West Coast,balanced,1 to 2 weeks,2,summer,9,12,independent exploration,3800,need-based aid,optional,Students build confidence in software engineering while developing transferable skills through portfolio building and career exploration.,software engineering;computer science;artificial intelligence;portfolio building;career exploration,solid,3.2-3.49,Introductory coursework helpful but not required,No formal experience required; beginner exposure helpful,moderate,Math/programming familiarity helpful; projects or coding exposure useful
SYN-0816,Catalyst Pre-College Center Open Door Research Lab in Entrepreneurship,Catalyst Pre-College Center,synthetic_generated,,entrepreneurship,business;marketing,entrepreneurship;business;marketing;finance,portfolio building;leadership development;hands-on projects,not a major concern,in-person only,Arizona,Phoenix,Arizona,Southwest,balanced,1 to 2 weeks,2,summer,9,12,small class size,13500,merit scholarships,yes,This summer program helps high school students explore entrepreneurship through portfolio building and leadership development.,entrepreneurship;business;marketing;portfolio building;leadership development,solid,3.2-3.49,Relevant introductory coursework or strong extracurricular exposure helpful,No formal experience required; beginner exposure helpful,moderate,"Quantitative comfort, initiative, or leadership/project experience helpful"
SYN-0271,Northstar Future Institute Pioneer Summer Academy in Cybersecurity,Northstar Future Institute,synthetic_generated,,cybersecurity,computer science;law,cybersecurity;computer science;law;software engineering,leadership development;career exploration;hands-on projects,not a major concern,online only,remote only,Remote,Remote,Remote,balanced,4 to 8 weeks,8,summer,9,12,independent exploration,10500,yes,no,This summer program helps high school students explore cybersecurity through leadership development and career exploration.,cybersecurity;computer science;law;leadership development;career exploration,solid,3.2-3.49,Introductory coursework helpful but not required,No formal experience required; beginner exposure helpful,moderate,Math/programming familiarity helpful; projects or coding exposure useful
REAL-0017,Medical Academy,Georgetown University,real_sourced,https://summer.georgetown.edu/programs/SHS19/medical-academy/,medicine,biology;public health;research,medicine;biology;public health;research,medical exposure;career exploration;hands-on projects,moderate cost is okay,in-person only,East Coast,Washington,District of Columbia,East Coast,competitive,1 to 2 weeks,1,summer,9,12,career guidance,4120,limited,yes,"One-week medical academy introducing anatomy, physiology, radiology, surgery, and biomedical ethics.",medicine;biology;public health;research;medical exposure;career exploration,strong,3.5-3.79,Advanced coursework preferred (honors/AP/IB or strong equivalent),Some prior exposure or self-directed projects helpful,moderately high,Biology/chemistry exposure helpful; healthcare interest expected
SYN-0139,Bridgewater Youth Academy Frontier Workshop Series in Biochemistry,Bridgewater Youth Academy,synthetic_generated,,biochemistry,chemistry;biology,biochemistry;chemistry;biology,academic challenge;research experience;skill development,must be free,mostly online,Midwest,Ann Arbor,Michigan,Midwest,competitive,4 to 8 weeks,8,summer,9,12,student mentorship,0,limited,optional,"Designed for motivated teens, this program combines biochemistry content with academic challenge and research experience.",biochemistry;chemistry;biology;academic challenge;research experience,strong,3.5-3.79,Advanced coursework preferred (honors/AP/IB or strong equivalent),Some prior exposure or self-directed projects helpful,moderately high,No strict prerequisite; demonstrated interest improves fit
REAL-0002,Artificial Intelligence Academy,Georgetown University,real_sourced,https://summer.georgetown.edu/programs/SHS31/artificial-intelligence-academy/,artificial intelligence,machine learning;computer science;data science,artificial intelligence;machine learning;computer science;data science,hands-on projects;skill development;career exploration,moderate cost is okay,in-person only,East Coast,Washington,District of Columbia,East Coast,competitive,1 to 2 weeks,1,summer,8,12,project guidance,3725,limited,yes,"One-week academy focused on AI concepts, activities, and group discussion.",artificial intelligence;machine learning;computer science;data science;hands-on projects;skill development,strong,3.5-3.79,Advanced coursework preferred (honors/AP/IB or strong equivalent),Some prior exposure or self-directed projects helpful,moderately high,Math/programming familiarity helpful; projects or coding exposure useful
REAL-0039,Academic Year Weekend,Columbia University Pre-College,real_sourced,https://precollege.sps.columbia.edu/programs/academic-year/academic-year-weekend,education,interdisciplinary;leadership;college preparation,education;interdisciplinary;leadership;college preparation,college preparation;major exploration;meeting like-minded students,low cost only,online only,remote only,Remote,Remote,Remote,competitive,1 to 2 weeks,1.75,fall,9,12,student mentorship,2400,limited,no,Weekend-format virtual pre-college program over seven weekends during the academic year.,education;interdisciplinary;leadership;college preparation;college preparation;major exploration,strong,3.5-3.79,Introductory coursework or demonstrated interest helpful,Some prior exposure helpful,moderately high,No strict prerequisite; demonstrated interest improves fit
SYN-0227,Lighthouse Prep Academy Elite Summer Academy in Design,Lighthouse Prep Academy,synthetic_generated,,design,graphic design;entrepreneurship,design;graphic design;entrepreneurship,portfolio building;skill development;career exploration,not a major concern,mostly in-person,East Coast,Boston,Massachusetts,East Coast,very competitive,2 to 4 weeks,3,summer,9,12,career guidance,13500,yes,yes,This summer program helps high school students explore design through portfolio building and skill development.,design;graphic design;entrepreneurship;portfolio building;skill development,exceptional,3.8+,Foundational coursework or portfolio-building experience helpful,"Strong prior experience, portfolio, or sustained work preferred",high,"Portfolio, writing samples, or prior creative work may strengthen fit"
SYN-0430,Coastal Edge Institute Global Summer Academy in Interdisciplinary,Coastal Edge Institute,synthetic_generated,,interdisciplinary,leadership;research,interdisciplinary;leadership;research;social impact,college preparation;major exploration;academic challenge,must be free,mostly online,anywhere in the U.S.,Boulder,Colorado,Mountain,very competitive,1 to 2 weeks,1,summer,9,12,peer community,0,need-based aid,optional,Students build confidence in interdisciplinary while developing transferable skills through college preparation and major exploration.,interdisciplinary;leadership;research;college preparation;major exploration,exceptional,3.8+,Foundational coursework helpful but not required,Demonstrated sustained interest and prior exposure preferred,high,No strict prerequisite; demonstrated interest improves fit
SYN-0184,Aurora Youth Research Institute Open Door Research Lab in Artificial Intelligence,Aurora Youth Research Institute,synthetic_generated,,artificial intelligence,machine learning;computer science,artificial intelligence;machine learning;computer science,career exploration;skill development;research experience,low cost only,mostly online,South,Houston,Texas,South,competitive,4 to 8 weeks,6,summer,9,12,small class size,1200,need-based aid,optional,"A 4 to 8 weeks pre-college experience focused on artificial intelligence, blending career exploration with skill development.",artificial intelligence;machine learning;computer science;career exploration;skill development,strong,3.5-3.79,Advanced coursework preferred (honors/AP/IB or strong equivalent),Some prior exposure or self-directed projects helpful,moderately high,Math/programming familiarity helpful; projects or coding exposure useful
SYN-0443,Sagebrook Academy Open Door Research Lab in Nursing,Sagebrook Academy,synthetic_generated,,nursing,medicine;public health,nursing;medicine;public health;biology,medical exposure;leadership development;career exploration,moderate cost is okay,in-person only,East Coast,Boston,Massachusetts,East Coast,less competitive,2 to 4 weeks,3,summer,9,12,student mentorship,3800,need-based aid,yes,Students build confidence in nursing while developing transferable skills through medical exposure and leadership development.,nursing;medicine;public health;medical exposure;leadership development,average,3.0-3.19,Introductory coursework helpful but not required,Beginner friendly; no prior experience required,moderate-low,Biology/chemistry exposure helpful; healthcare interest expected
SYN-0833,Sagebrook Academy Global Leadership Forum in Data Science,Sagebrook Academy,synthetic_generated,,data science,statistics;computer science,data science;statistics;computer science;mathematics,career exploration;portfolio building;hands-on projects,must be free,hybrid,South,Atlanta,Georgia,South,competitive,1 to 2 weeks,2,summer,9,12,project guidance,0,merit scholarships,optional,"Designed for motivated teens, this program combines data science content with career exploration and portfolio building.",data science;statistics;computer science;career exploration;portfolio building,strong,3.5-3.79,Advanced coursework preferred (honors/AP/IB or strong equivalent),Some prior exposure or self-directed projects helpful,moderately high,Math/programming familiarity helpful; projects or coding exposure useful
SYN-0650,Granite Point Institute Applied Explorers Program in Interdisciplinary,Granite Point Institute,synthetic_generated,,interdisciplinary,leadership;research,interdisciplinary;leadership;research;social impact,major exploration;college preparation;meeting like-minded students,moderate cost is okay,online only,remote only,Remote,Remote,Remote,competitive,1 to 2 weeks,2,summer,9,12,peer community,4500,merit scholarships,no,Students build confidence in interdisciplinary while developing transferable skills through major exploration and college preparation.,interdisciplinary;leadership;research;major exploration;college preparation,strong,3.5-3.79,Foundational coursework helpful but not required,Some prior exposure helpful,moderately high,No strict prerequisite; demonstrated interest improves fit
SYN-0828,Orbit Learning Institute Foundations Summer Academy in Marketing,Orbit Learning Institute,synthetic_generated,,marketing,business;design,marketing;business;design;finance,portfolio building;leadership development;networking,cost matters but flexible,online only,remote only,Remote,Remote,Remote,competitive,1 to 2 weeks,1,summer,9,12,project guidance,7200,no,no,This summer program helps high school students explore marketing through portfolio building and leadership development.,marketing;business;design;portfolio building;leadership development,strong,3.5-3.79,Relevant introductory coursework or strong extracurricular exposure helpful,Some prior exposure helpful,moderately high,"Quantitative comfort, initiative, or leadership/project experience helpful"
SYN-0013,Redwood Pathways Institute Frontier Immersion in Biochemistry,Redwood Pathways Institute,synthetic_generated,,biochemistry,chemistry;biology,biochemistry;chemistry;biology,skill development;research experience;career exploration,moderate cost is okay,hybrid,international,Oxford,England,International,less competitive,4 to 8 weeks,6,summer,9,12,small class size,4500,need-based aid,optional,Students build confidence in biochemistry while developing transferable skills through skill development and research experience.,biochemistry;chemistry;biology;skill development;research experience,average,3.0-3.19,Introductory coursework helpful but not required,Beginner friendly; no prior experience required,moderate-low,No strict prerequisite; demonstrated interest improves fit
SYN-0848,Crescent Peak University Honors Explorers Program in Pre-Med,Crescent Peak University,synthetic_generated,,pre-med,medicine;biology,pre-med;medicine;biology,resume building;research experience;college preparation,must be free,in-person only,West Coast,Seattle,Washington,West Coast,balanced,4 to 8 weeks,6,spring,9,12,faculty mentorship,0,limited,yes,"Designed for motivated teens, this program combines pre-med content with resume building and research experience.",pre-med;medicine;biology;resume building;research experience,solid,3.2-3.49,Introductory coursework helpful but not required,No formal experience required; beginner exposure helpful,moderate,Biology/chemistry exposure helpful; healthcare interest expected
SYN-0729,Prairie Stone Scholars Program Frontier Summer Academy in Environmental Science,Prairie Stone Scholars Program,synthetic_generated,,environmental science,sustainability;biology,environmental science;sustainability;biology,hands-on projects;research experience;career exploration,must be free,in-person only,South,Austin,Texas,South,balanced,1 to 2 weeks,2,spring,9,12,independent exploration,0,merit scholarships,yes,Students build confidence in environmental science while developing transferable skills through hands-on projects and research experience.,environmental science;sustainability;biology;hands-on projects;research experience,solid,3.2-3.49,Introductory coursework helpful but not required,No formal experience required; beginner exposure helpful,moderate,No strict prerequisite; demonstrated interest improves fit
SYN-0445,Urban Horizon Institute Elite Summer Academy in Fashion Design,Urban Horizon Institute,synthetic_generated,,fashion design,design;arts,fashion design;design;arts;graphic design,career exploration;networking;portfolio building,moderate cost is okay,in-person only,East Coast,Providence,Rhode Island,East Coast,balanced,1 to 2 weeks,1,summer,8,12,small class size,2800,merit scholarships,yes,This summer program helps high school students explore fashion design through career exploration and networking.,fashion design;design;arts;career exploration;networking,solid,3.2-3.49,Foundational coursework helpful but not required,No formal experience required; beginner exposure helpful,moderate,No strict prerequisite; demonstrated interest improves fit
SYN-0114,Cobalt Ridge University Pioneer Summer Academy in Sports Management,Cobalt Ridge University,synthetic_generated,,sports management,business;marketing,sports management;business;marketing;finance,resume building;networking;career exploration,not a major concern,in-person only,South,Houston,Texas,South,less competitive,1 to 2 weeks,1,summer,9,12,career guidance,9200,yes,yes,"A 1 to 2 weeks pre-college experience focused on sports management, blending resume building with networking.",sports management;business;marketing;resume building;networking,average,3.0-3.19,Foundational coursework helpful but not required,Beginner friendly; no prior experience required,moderate-low,No strict prerequisite; demonstrated interest improves fit
SYN-0779,Brightwater Institute Honors Explorers Program in International Relations,Brightwater Institute,synthetic_generated,,international relations,political science;law,international relations;political science;law,networking;social impact;career exploration,low cost only,mostly online,South,Atlanta,Georgia,South,competitive,2 to 4 weeks,3,summer,10,12,faculty mentorship,1200,yes,optional,Students build confidence in international relations while developing transferable skills through networking and social impact.,international relations;political science;law;networking;social impact,strong,3.5-3.79,Introductory coursework or demonstrated interest helpful,Some prior exposure helpful,moderately high,No strict prerequisite; demonstrated interest improves fit
SYN-0137,Lighthouse Prep Academy Global Immersion in Architecture,Lighthouse Prep Academy,synthetic_generated,,architecture,civil engineering;design,architecture;civil engineering;design,academic challenge;career exploration;hands-on projects,low cost only,in-person only,East Coast,New York,New York,East Coast,balanced,2 to 4 weeks,3,summer,9,12,small class size,1500,merit scholarships,yes,"A 2 to 4 weeks pre-college experience focused on architecture, blending academic challenge with career exploration.",architecture;civil engineering;design;academic challenge;career exploration,solid,3.2-3.49,Foundational coursework or portfolio-building experience helpful,No formal experience required; beginner exposure helpful,moderate,"Portfolio, writing samples, or prior creative work may strengthen fit"
SYN-0702,Maple Bridge Academy Foundations Research Lab in Mechanical Engineering,Maple Bridge Academy,synthetic_generated,,mechanical engineering,robotics;civil engineering,mechanical engineering;robotics;civil engineering,skill development;career exploration;academic challenge,must be free,in-person only,Midwest,Madison,Wisconsin,Midwest,balanced,1 to 2 weeks,1,summer,9,12,project guidance,0,merit scholarships,yes,This summer program helps high school students explore mechanical engineering through skill development and career exploration.,mechanical engineering;robotics;civil engineering;skill development;career exploration,solid,3.2-3.49,Introductory coursework helpful but not required,No formal experience required; beginner exposure helpful,moderate,No strict prerequisite; demonstrated interest improves fit
SYN-0846,Catalyst Pre-College Center Honors Pre-College Institute for Film,Catalyst Pre-College Center,synthetic_generated,,film,arts;creative writing,film;arts;creative writing;design,hands-on projects;meeting like-minded students;portfolio building,not a major concern,in-person only,international,Oxford,England,International,less competitive,1 to 2 weeks,2,summer,9,12,small class size,10500,no,yes,"A 1 to 2 weeks pre-college experience focused on film, blending hands-on projects with meeting like-minded students.",film;arts;creative writing;hands-on projects;meeting like-minded students,average,3.0-3.19,Foundational coursework or portfolio-building experience helpful,Beginner friendly; no prior experience required,moderate-low,"Portfolio, writing samples, or prior creative work may strengthen fit"
SYN-0230,Granite Point Institute Open Door Innovation Studio in Pre-Med,Granite Point Institute,synthetic_generated,,pre-med,medicine;biology,pre-med;medicine;biology,medical exposure;research experience;college preparation,moderate cost is okay,mostly in-person,anywhere in the U.S.,Denver,Colorado,Mountain,open enrollment,2 to 4 weeks,4,summer,9,12,independent exploration,3200,yes,yes,This summer program helps high school students explore pre-med through medical exposure and research experience.,pre-med;medicine;biology;medical exposure;research experience,accessible,No formal minimum / 2.5+ preferred,Introductory coursework helpful but not required,Open to beginners; no prior experience required,accessible,Biology/chemistry exposure helpful; healthcare interest expected
SYN-0475,Urban Horizon Institute Applied Leadership Forum in Physics,Urban Horizon Institute,synthetic_generated,,physics,mathematics;engineering,physics;mathematics;engineering;statistics,academic challenge;college preparation;hands-on projects,must be free,in-person only,West Coast,Los Angeles,California,West Coast,less competitive,1 to 2 weeks,2,summer,9,12,student mentorship,0,no,yes,"A 1 to 2 weeks pre-college experience focused on physics, blending academic challenge with college preparation.",physics;mathematics;engineering;academic challenge;college preparation,average,3.0-3.19,Introductory coursework helpful but not required,Beginner friendly; no prior experience required,moderate-low,No strict prerequisite; demonstrated interest improves fit
REAL-0025,1 Week Enrichment,University of Chicago,real_sourced,https://summer.uchicago.edu/pre-college/pre-college/1-week-enrichment/,interdisciplinary,education;history;leadership,interdisciplinary;education;history;leadership,major exploration;meeting like-minded students;college preparation,moderate cost is okay,in-person only,Midwest,Chicago,Illinois,Midwest,competitive,1 to 2 weeks,1,summer,9,12,peer community,2800,limited,yes,One-week enrichment programs exploring distinctive UChicago subject areas.,interdisciplinary;education;history;leadership;major exploration;meeting like-minded students,strong,3.5-3.79,Foundational coursework helpful but not required,Some prior exposure helpful,moderately high,No strict prerequisite; demonstrated interest improves fit
SYN-0631,Northstar Future Institute Honors Scholars Program in Robotics,Northstar Future Institute,synthetic_generated,,robotics,mechanical engineering;electrical engineering,robotics;mechanical engineering;electrical engineering,career exploration;hands-on projects;academic challenge,strongly prefer free,either,West Coast,Los Angeles,California,West Coast,competitive,4 to 8 weeks,8,summer,9,12,small class size,500,limited,optional,This summer program helps high school students explore robotics through career exploration and hands-on projects.,robotics;mechanical engineering;electrical engineering;career exploration;hands-on projects,strong,3.5-3.79,Advanced coursework preferred (honors/AP/IB or strong equivalent),Some prior exposure or self-directed projects helpful,moderately high,Math/programming familiarity helpful; projects or coding exposure useful
SYN-0147,Mosaic Futures Academy Future Leaders Explorers Program in Economics,Mosaic Futures Academy,synthetic_generated,,economics,finance;political science,economics;finance;political science,leadership development;academic challenge;networking,low cost only,hybrid,East Coast,Raleigh,North Carolina,East Coast,competitive,4 to 8 weeks,6,summer,9,12,small class size,1200,merit scholarships,optional,"A 4 to 8 weeks pre-college experience focused on economics, blending leadership development with academic challenge.",economics;finance;political science;leadership development;academic challenge,strong,3.5-3.79,Relevant introductory coursework or strong extracurricular exposure helpful,Some prior exposure helpful,moderately high,"Quantitative comfort, initiative, or leadership/project experience helpful"
SYN-0361,Northstar Future Institute Future Leaders Workshop Series in Music,Northstar Future Institute,synthetic_generated,,music,arts;film,music;arts;film;design,skill development;meeting like-minded students;portfolio building,low cost only,mostly in-person,West Coast,Seattle,Washington,West Coast,open enrollment,1 to 2 weeks,2,summer,8,12,peer community,1800,limited,yes,This summer program helps high school students explore music through skill development and meeting like-minded students.,music;arts;film;skill development;meeting like-minded students,accessible,No formal minimum / 2.5+ preferred,Foundational coursework or portfolio-building experience helpful,Open to beginners; no prior experience required,accessible,"Portfolio, writing samples, or prior creative work may strengthen fit"
SYN-0465,Meridian Scholars Collective Young Innovators Pre-College Institute for Public Health,Meridian Scholars Collective,synthetic_generated,,public health,medicine;biology,public health;medicine;biology,career exploration;social impact;research experience,not a major concern,mostly in-person,South,Atlanta,Georgia,South,less competitive,2 to 4 weeks,3,summer,9,12,application guidance,13500,yes,yes,Students build confidence in public health while developing transferable skills through career exploration and social impact.,public health;medicine;biology;career exploration;social impact,average,3.0-3.19,Introductory coursework or demonstrated interest helpful,Beginner friendly; no prior experience required,moderate-low,Biology/chemistry exposure helpful; healthcare interest expected
REAL-0035,NYC Commuter Summer - 1 Week,Columbia University Pre-College,real_sourced,https://precollege.sps.columbia.edu/programs/summer-programs,interdisciplinary,education;research;leadership,interdisciplinary;education;research;leadership,college preparation;major exploration;meeting like-minded students,low cost only,mostly in-person,East Coast,New York,New York,East Coast,competitive,1 to 2 weeks,1,summer,8,12,peer community,2500,limited,yes,One-week commuter summer option at Columbia.,interdisciplinary;education;research;leadership;college preparation;major exploration,strong,3.5-3.79,Foundational coursework helpful but not required,Some prior exposure helpful,moderately high,No strict prerequisite; demonstrated interest improves fit
SYN-0865,Urban Horizon Institute Open Door Bootcamp in Philosophy,Urban Horizon Institute,synthetic_generated,,philosophy,history;law,philosophy;history;law;political science,college preparation;major exploration;meeting like-minded students,strongly prefer free,either,East Coast,Boston,Massachusetts,East Coast,competitive,1 to 2 weeks,1,summer,9,12,career guidance,500,merit scholarships,optional,Students build confidence in philosophy while developing transferable skills through college preparation and major exploration.,philosophy;history;law;college preparation;major exploration,strong,3.5-3.79,Introductory coursework or demonstrated interest helpful,Some prior exposure helpful,moderately high,No strict prerequisite; demonstrated interest improves fit
SYN-0335,Summit Forge Academy Discovery Workshop Series in Nursing,Summit Forge Academy,synthetic_generated,,nursing,medicine;public health,nursing;medicine;public health;biology,medical exposure;career exploration;hands-on projects,moderate cost is okay,in-person only,East Coast,Providence,Rhode Island,East Coast,less competitive,2 to 4 weeks,4,winter,9,12,application guidance,2800,merit scholarships,yes,Students build confidence in nursing while developing transferable skills through medical exposure and career exploration.,nursing;medicine;public health;medical exposure;career exploration,average,3.0-3.19,Introductory coursework helpful but not required,Beginner friendly; no prior experience required,moderate-low,Biology/chemistry exposure helpful; healthcare interest expected
SYN-0544,Aurora Youth Research Institute Elite Summer Academy in Leadership,Aurora Youth Research Institute,synthetic_generated,,leadership,social impact;business,leadership;social impact;business,meeting like-minded students;leadership development;college preparation,not a major concern,hybrid,anywhere in the U.S.,Denver,Colorado,Mountain,open enrollment,4 to 8 weeks,6,summer,9,12,peer community,9200,merit scholarships,optional,This summer program helps high school students explore leadership through meeting like-minded students and leadership development.,leadership;social impact;business;meeting like-minded students;leadership development,accessible,No formal minimum / 2.5+ preferred,Introductory coursework or demonstrated interest helpful,Open to beginners; no prior experience required,accessible,No strict prerequisite; demonstrated interest improves fit
SYN-0235,Urban Horizon Institute Global Leadership Forum in Fashion Design,Urban Horizon Institute,synthetic_generated,,fashion design,design;arts,fashion design;design;arts;graphic design,networking;career exploration;portfolio building,cost matters but flexible,in-person only,international,Singapore,Singapore,International,open enrollment,4 to 8 weeks,8,summer,8,12,faculty mentorship,8400,limited,yes,"A 4 to 8 weeks pre-college experience focused on fashion design, blending networking with career exploration.",fashion design;design;arts;networking;career exploration,accessible,No formal minimum / 2.5+ preferred,Foundational coursework helpful but not required,Open to beginners; no prior experience required,accessible,No strict prerequisite; demonstrated interest improves fit
SYN-0785,Summit Forge Academy Young Innovators Explorers Program in Arts,Summit Forge Academy,synthetic_generated,,arts,design;film,arts;design;film;graphic design,hands-on projects;skill development;portfolio building,not a major concern,in-person only,anywhere in the U.S.,Denver,Colorado,Mountain,competitive,2 to 4 weeks,3,summer,8,12,project guidance,10500,limited,yes,Students build confidence in arts while developing transferable skills through hands-on projects and skill development.,arts;design;film;hands-on projects;skill development,strong,3.5-3.79,Foundational coursework or portfolio-building experience helpful,Beginner-to-intermediate portfolio or prior work helpful,moderately high,"Portfolio, writing samples, or prior creative work may strengthen fit"
SYN-0605,Summit Forge Academy Elite Pre-College Institute for Dentistry,Summit Forge Academy,synthetic_generated,,dentistry,medicine;biology,dentistry;medicine;biology,medical exposure;skill development;resume building,not a major concern,mostly in-person,West Coast,Los Angeles,California,West Coast,balanced,4 to 8 weeks,6,fall,10,12,research mentorship,9200,no,yes,This fall program helps high school students explore dentistry through medical exposure and skill development.,dentistry;medicine;biology;medical exposure;skill development,solid,3.2-3.49,Foundational coursework helpful but not required,No formal experience required; beginner exposure helpful,moderate,No strict prerequisite; demonstrated interest improves fit
SYN-0219,Prairie Stone Scholars Program Young Innovators Bootcamp in Graphic Design,Prairie Stone Scholars Program,synthetic_generated,,graphic design,design;marketing,graphic design;design;marketing,career exploration;hands-on projects;portfolio building,cost matters but flexible,online only,remote only,Remote,Remote,Remote,competitive,1 to 2 weeks,1,summer,9,12,research mentorship,8400,need-based aid,no,"A 1 to 2 weeks pre-college experience focused on graphic design, blending career exploration with hands-on projects.",graphic design;design;marketing;career exploration;hands-on projects,strong,3.5-3.79,Foundational coursework or portfolio-building experience helpful,Beginner-to-intermediate portfolio or prior work helpful,moderately high,"Portfolio, writing samples, or prior creative work may strengthen fit"
SYN-0876,Catalyst Pre-College Center Young Innovators Pre-College Institute for Design,Catalyst Pre-College Center,synthetic_generated,,design,graphic design;entrepreneurship,design;graphic design;entrepreneurship,hands-on projects;career exploration;skill development,must be free,in-person only,international,Oxford,England,International,balanced,2 to 4 weeks,4,summer,9,12,application guidance,0,merit scholarships,yes,"A 2 to 4 weeks pre-college experience focused on design, blending hands-on projects with career exploration.",design;graphic design;entrepreneurship;hands-on projects;career exploration,solid,3.2-3.49,Foundational coursework or portfolio-building experience helpful,No formal experience required; beginner exposure helpful,moderate,"Portfolio, writing samples, or prior creative work may strengthen fit"
SYN-0881,Evergreen Future Lab Discovery Workshop Series in Creative Writing,Evergreen Future Lab,synthetic_generated,,creative writing,journalism;history,creative writing;journalism;history,college preparation;meeting like-minded students;skill development,cost matters but flexible,hybrid,international,Singapore,Singapore,International,less competitive,4 to 8 weeks,6,summer,9,12,small class size,6100,merit scholarships,optional,Students build confidence in creative writing while developing transferable skills through college preparation and meeting like-minded students.,creative writing;journalism;history;college preparation;meeting like-minded students,average,3.0-3.19,Foundational coursework or portfolio-building experience helpful,Beginner friendly; no prior experience required,moderate-low,"Portfolio, writing samples, or prior creative work may strengthen fit"
SYN-0543,Pioneer Horizon University Young Innovators Scholars Program in Medicine,Pioneer Horizon University,synthetic_generated,,medicine,biology;public health,medicine;biology;public health;chemistry,hands-on projects;career exploration;medical exposure,must be free,mostly in-person,East Coast,Boston,Massachusetts,East Coast,less competitive,2 to 4 weeks,3,summer,9,12,small class size,0,no,yes,"A 2 to 4 weeks pre-college experience focused on medicine, blending hands-on projects with career exploration.",medicine;biology;public health;hands-on projects;career exploration,average,3.0-3.19,Introductory coursework helpful but not required,Beginner friendly; no prior experience required,moderate-low,Biology/chemistry exposure helpful; healthcare interest expected
SYN-0896,Cedar Grove Scholars Applied College Prep Seminar in Interdisciplinary,Cedar Grove Scholars,synthetic_generated,,interdisciplinary,leadership;research,interdisciplinary;leadership;research;social impact,college preparation;major exploration;academic challenge,low cost only,hybrid,East Coast,Philadelphia,Pennsylvania,East Coast,balanced,1 to 2 weeks,1,summer,9,12,project guidance,1200,yes,optional,"A 1 to 2 weeks pre-college experience focused on interdisciplinary, blending college preparation with major exploration.",interdisciplinary;leadership;research;college preparation;major exploration,solid,3.2-3.49,Foundational coursework helpful but not required,No formal experience required; beginner exposure helpful,moderate,No strict prerequisite; demonstrated interest improves fit
SYN-0871,Northstar Future Institute Future Leaders Summer Academy in Entrepreneurship,Northstar Future Institute,synthetic_generated,,entrepreneurship,business;marketing,entrepreneurship;business;marketing;finance,networking;leadership development;hands-on projects,low cost only,hybrid,international,Oxford,England,International,competitive,2 to 4 weeks,4,summer,9,12,career guidance,1800,need-based aid,optional,"Designed for motivated teens, this program combines entrepreneurship content with networking and leadership development.",entrepreneurship;business;marketing;networking;leadership development,strong,3.5-3.79,Relevant introductory coursework or strong extracurricular exposure helpful,Some prior exposure helpful,moderately high,"Quantitative comfort, initiative, or leadership/project experience helpful"
SYN-0668,Crescent Peak University Foundations Research Lab in Artificial Intelligence,Crescent Peak University,synthetic_generated,,artificial intelligence,machine learning;computer science,artificial intelligence;machine learning;computer science,hands-on projects;career exploration;skill development,strongly prefer free,mostly online,Midwest,Chicago,Illinois,Midwest,balanced,2 to 4 weeks,3,summer,9,12,career guidance,350,need-based aid,optional,"Designed for motivated teens, this program combines artificial intelligence content with hands-on projects and career exploration.",artificial intelligence;machine learning;computer science;hands-on projects;career exploration,solid,3.2-3.49,Introductory coursework helpful but not required,No formal experience required; beginner exposure helpful,moderate,Math/programming familiarity helpful; projects or coding exposure useful
SYN-0224,Silverline Summer College Frontier College Prep Seminar in History,Silverline Summer College,synthetic_generated,,history,political science;philosophy,history;political science;philosophy;international relations,college preparation;academic challenge;leadership development,moderate cost is okay,in-person only,East Coast,Pittsburgh,Pennsylvania,East Coast,balanced,1 to 2 weeks,2,summer,9,12,small class size,4500,need-based aid,yes,Students build confidence in history while developing transferable skills through college preparation and academic challenge.,history;political science;philosophy;college preparation;academic challenge,solid,3.2-3.49,Introductory coursework or demonstrated interest helpful,No formal experience required; beginner exposure helpful,moderate,No strict prerequisite; demonstrated interest improves fit
SYN-0464,Silverline Summer College Honors Explorers Program in Mechanical Engineering,Silverline Summer College,synthetic_generated,,mechanical engineering,robotics;civil engineering,mechanical engineering;robotics;civil engineering,academic challenge;hands-on projects;career exploration,must be free,mostly online,international,Singapore,Singapore,International,balanced,1 to 2 weeks,1,summer,9,12,student mentorship,0,merit scholarships,optional,"A 1 to 2 weeks pre-college experience focused on mechanical engineering, blending academic challenge with hands-on projects.",mechanical engineering;robotics;civil engineering;academic challenge;hands-on projects,solid,3.2-3.49,Introductory coursework helpful but not required,No formal experience required; beginner exposure helpful,moderate,No strict prerequisite; demonstrated interest improves fit
SYN-0744,Cobalt Ridge University Applied Explorers Program in Arts,Cobalt Ridge University,synthetic_generated,,arts,design;film,arts;design;film;graphic design,meeting like-minded students;skill development;hands-on projects,cost matters but flexible,mostly online,East Coast,Baltimore,Maryland,East Coast,competitive,1 to 2 weeks,2,summer,8,12,faculty mentorship,5200,no,optional,"Designed for motivated teens, this program combines arts content with meeting like-minded students and skill development.",arts;design;film;meeting like-minded students;skill development,strong,3.5-3.79,Foundational coursework or portfolio-building experience helpful,Beginner-to-intermediate portfolio or prior work helpful,moderately high,"Portfolio, writing samples, or prior creative work may strengthen fit"
SYN-0166,Skyline Discovery Institute Advanced Pre-College Institute for Architecture,Skyline Discovery Institute,synthetic_generated,,architecture,civil engineering;design,architecture;civil engineering;design,hands-on projects;portfolio building;academic challenge,strongly prefer free,hybrid,South,Nashville,Tennessee,South,very competitive,4 to 8 weeks,6,summer,9,12,research mentorship,350,limited,optional,"A 4 to 8 weeks pre-college experience focused on architecture, blending hands-on projects with portfolio building.",architecture;civil engineering;design;hands-on projects;portfolio building,exceptional,3.8+,Foundational coursework or portfolio-building experience helpful,"Strong prior experience, portfolio, or sustained work preferred",high,"Portfolio, writing samples, or prior creative work may strengthen fit"
SYN-0373,Redwood Pathways Institute Global Leadership Forum in International Relations,Redwood Pathways Institute,synthetic_generated,,international relations,political science;law,international relations;political science;law,leadership development;networking;social impact,low cost only,mostly in-person,West Coast,San Francisco,California,West Coast,very competitive,2 to 4 weeks,3,summer,10,12,career guidance,1800,need-based aid,yes,Students build confidence in international relations while developing transferable skills through leadership development and networking.,international relations;political science;law;leadership development;networking,exceptional,3.8+,Introductory coursework or demonstrated interest helpful,Demonstrated sustained interest and prior exposure preferred,high,No strict prerequisite; demonstrated interest improves fit
REAL-0029,Pre-College Summer Language Institute,University of Chicago,real_sourced,https://summer.uchicago.edu/pre-college/pre-college/pre-college-summer-language-institute/,interdisciplinary,history;international relations;education,interdisciplinary;history;international relations;education,skill development;college preparation;academic challenge,cost matters but flexible,in-person only,Midwest,Chicago,Illinois,Midwest,competitive,4 to 8 weeks,7,summer,11,12,faculty mentorship,8400,limited,yes,Intensive pre-college language study over six to eight weeks.,interdisciplinary;history;international relations;education;skill development;college preparation,strong,3.5-3.79,Foundational coursework helpful but not required,Some prior exposure helpful,moderately high,No strict prerequisite; demonstrated interest improves fit
SYN-0311,Evergreen Future Lab Honors Bootcamp in Computer Science,Evergreen Future Lab,synthetic_generated,,computer science,software engineering;artificial intelligence,computer science;software engineering;artificial intelligence,skill development;hands-on projects;career exploration,strongly prefer free,online only,remote only,Remote,Remote,Remote,competitive,1 to 2 weeks,1,summer,9,12,application guidance,500,no,no,Students build confidence in computer science while developing transferable skills through skill development and hands-on projects.,computer science;software engineering;artificial intelligence;skill development;hands-on projects,strong,3.5-3.79,Advanced coursework preferred (honors/AP/IB or strong equivalent),Some prior exposure or self-directed projects helpful,moderately high,Math/programming familiarity helpful; projects or coding exposure useful
SYN-0756,Catalyst Pre-College Center Honors Innovation Studio in Arts,Catalyst Pre-College Center,synthetic_generated,,arts,design;film,arts;design;film;graphic design,skill development;hands-on projects;meeting like-minded students,not a major concern,mostly in-person,West Coast,Los Angeles,California,West Coast,balanced,4 to 8 weeks,6,summer,8,12,career guidance,11800,limited,yes,Students build confidence in arts while developing transferable skills through skill development and hands-on projects.,arts;design;film;skill development;hands-on projects,solid,3.2-3.49,Foundational coursework or portfolio-building experience helpful,No formal experience required; beginner exposure helpful,moderate,"Portfolio, writing samples, or prior creative work may strengthen fit"
SYN-0253,Redwood Pathways Institute Frontier Bootcamp in Artificial Intelligence,Redwood Pathways Institute,synthetic_generated,,artificial intelligence,machine learning;computer science,artificial intelligence;machine learning;computer science,career exploration;hands-on projects;research experience,strongly prefer free,online only,remote only,Remote,Remote,Remote,less competitive,4 to 8 weeks,6,summer,9,12,faculty mentorship,750,limited,no,"Designed for motivated teens, this program combines artificial intelligence content with career exploration and hands-on projects.",artificial intelligence;machine learning;computer science;career exploration;hands-on projects,average,3.0-3.19,Introductory coursework helpful but not required,Beginner friendly; no prior experience required,moderate-low,Math/programming familiarity helpful; projects or coding exposure useful
SYN-0497,Lighthouse Prep Academy Applied Summer Academy in Graphic Design,Lighthouse Prep Academy,synthetic_generated,,graphic design,design;marketing,graphic design;design;marketing,career exploration;portfolio building;hands-on projects,strongly prefer free,in-person only,South,Miami,Florida,South,balanced,1 to 2 weeks,2,summer,9,12,research mentorship,750,yes,yes,"Designed for motivated teens, this program combines graphic design content with career exploration and portfolio building.",graphic design;design;marketing;career exploration;portfolio building,solid,3.2-3.49,Foundational coursework or portfolio-building experience helpful,No formal experience required; beginner exposure helpful,moderate,"Portfolio, writing samples, or prior creative work may strengthen fit"
SYN-0178,Vertex Learning Center Young Innovators Scholars Program in Pharmacy,Vertex Learning Center,synthetic_generated,,pharmacy,chemistry;biochemistry,pharmacy;chemistry;biochemistry,career exploration;skill development;research experience,must be free,either,South,Nashville,Tennessee,South,balanced,2 to 4 weeks,4,summer,10,12,research mentorship,0,yes,optional,"A 2 to 4 weeks pre-college experience focused on pharmacy, blending career exploration with skill development.",pharmacy;chemistry;biochemistry;career exploration;skill development,solid,3.2-3.49,Introductory coursework helpful but not required,No formal experience required; beginner exposure helpful,moderate,Biology/chemistry exposure helpful; healthcare interest expected
SYN-0086,Cedar Grove Scholars Discovery Scholars Program in Artificial Intelligence,Cedar Grove Scholars,synthetic_generated,,artificial intelligence,machine learning;computer science,artificial intelligence;machine learning;computer science,skill development;research experience;career exploration,not a major concern,mostly online,Midwest,Ann Arbor,Michigan,Midwest,less competitive,4 to 8 weeks,8,summer,9,12,project guidance,11800,need-based aid,optional,Students build confidence in artificial intelligence while developing transferable skills through skill development and research experience.,artificial intelligence;machine learning;computer science;skill development;research experience,average,3.0-3.19,Introductory coursework helpful but not required,Beginner friendly; no prior experience required,moderate-low,Math/programming familiarity helpful; projects or coding exposure useful
SYN-0453,Pioneer Horizon University Applied Workshop Series in Veterinary Medicine,Pioneer Horizon University,synthetic_generated,,veterinary medicine,biology;medicine,veterinary medicine;biology;medicine;chemistry,medical exposure;research experience;hands-on projects,low cost only,in-person only,West Coast,Seattle,Washington,West Coast,competitive,2 to 4 weeks,4,summer,9,12,faculty mentorship,1200,merit scholarships,yes,"Designed for motivated teens, this program combines veterinary medicine content with medical exposure and research experience.",veterinary medicine;biology;medicine;medical exposure;research experience,strong,3.5-3.79,Foundational coursework helpful but not required,Some prior exposure helpful,moderately high,No strict prerequisite; demonstrated interest improves fit
SYN-0354,Cobalt Ridge University Advanced Bootcamp in Journalism,Cobalt Ridge University,synthetic_generated,,journalism,creative writing;political science,journalism;creative writing;political science,career exploration;networking;portfolio building,moderate cost is okay,mostly in-person,South,Miami,Florida,South,balanced,4 to 8 weeks,6,summer,9,12,independent exploration,4500,merit scholarships,yes,This summer program helps high school students explore journalism through career exploration and networking.,journalism;creative writing;political science;career exploration;networking,solid,3.2-3.49,Foundational coursework or portfolio-building experience helpful,No formal experience required; beginner exposure helpful,moderate,"Portfolio, writing samples, or prior creative work may strengthen fit"
SYN-0597,Mosaic Futures Academy Advanced Leadership Forum in History,Mosaic Futures Academy,synthetic_generated,,history,political science;philosophy,history;political science;philosophy;international relations,college preparation;academic challenge;major exploration,not a major concern,hybrid,East Coast,Providence,Rhode Island,East Coast,open enrollment,4 to 8 weeks,8,winter,9,12,small class size,9200,need-based aid,optional,Students build confidence in history while developing transferable skills through college preparation and academic challenge.,history;political science;philosophy;college preparation;academic challenge,accessible,No formal minimum / 2.5+ preferred,Introductory coursework or demonstrated interest helpful,Open to beginners; no prior experience required,accessible,No strict prerequisite; demonstrated interest improves fit
SYN-0135,Meridian Scholars Collective Discovery Bootcamp in Economics,Meridian Scholars Collective,synthetic_generated,,economics,finance;political science,economics;finance;political science,career exploration;networking;academic challenge,moderate cost is okay,hybrid,South,Miami,Florida,South,competitive,1 to 2 weeks,2,summer,9,12,research mentorship,4500,need-based aid,optional,This summer program helps high school students explore economics through career exploration and networking.,economics;finance;political science;career exploration;networking,strong,3.5-3.79,Relevant introductory coursework or strong extracurricular exposure helpful,Some prior exposure helpful,moderately high,"Quantitative comfort, initiative, or leadership/project experience helpful"
SYN-0522,Maple Bridge Academy Foundations Scholars Program in Aerospace Engineering,Maple Bridge Academy,synthetic_generated,,aerospace engineering,physics;mechanical engineering,aerospace engineering;physics;mechanical engineering;mathematics,hands-on projects;skill development;career exploration,low cost only,mostly in-person,South,Houston,Texas,South,balanced,4 to 8 weeks,6,summer,9,12,student mentorship,1500,merit scholarships,yes,"Designed for motivated teens, this program combines aerospace engineering content with hands-on projects and skill development.",aerospace engineering;physics;mechanical engineering;hands-on projects;skill development,solid,3.2-3.49,Introductory coursework helpful but not required,No formal experience required; beginner exposure helpful,moderate,No strict prerequisite; demonstrated interest improves fit
SYN-0262,Pacific Crest College Prep Pioneer Scholars Program in Architecture,Pacific Crest College Prep,synthetic_generated,,architecture,civil engineering;design,architecture;civil engineering;design,academic challenge;hands-on projects;portfolio building,cost matters but flexible,in-person only,East Coast,Philadelphia,Pennsylvania,East Coast,competitive,1 to 2 weeks,1,winter,9,12,small class size,7200,no,yes,Students build confidence in architecture while developing transferable skills through academic challenge and hands-on projects.,architecture;civil engineering;design;academic challenge;hands-on projects,strong,3.5-3.79,Foundational coursework or portfolio-building experience helpful,Beginner-to-intermediate portfolio or prior work helpful,moderately high,"Portfolio, writing samples, or prior creative work may strengthen fit"
SYN-0760,Coastal Edge Institute Future Leaders Workshop Series in Architecture,Coastal Edge Institute,synthetic_generated,,architecture,civil engineering;design,architecture;civil engineering;design,hands-on projects;portfolio building;academic challenge,low cost only,in-person only,West Coast,San Francisco,California,West Coast,balanced,1 to 2 weeks,1,summer,9,12,project guidance,1800,limited,yes,"Designed for motivated teens, this program combines architecture content with hands-on projects and portfolio building.",architecture;civil engineering;design;hands-on projects;portfolio building,solid,3.2-3.49,Foundational coursework or portfolio-building experience helpful,No formal experience required; beginner exposure helpful,moderate,"Portfolio, writing samples, or prior creative work may strengthen fit"
SYN-0639,Prairie Stone Scholars Program Advanced Immersion in International Relations,Prairie Stone Scholars Program,synthetic_generated,,international relations,political science;law,international relations;political science;law,networking;career exploration;leadership development,moderate cost is okay,mostly in-person,South,Miami,Florida,South,balanced,1 to 2 weeks,2,summer,10,12,student mentorship,3800,need-based aid,yes,"A 1 to 2 weeks pre-college experience focused on international relations, blending networking with career exploration.",international relations;political science;law;networking;career exploration,solid,3.2-3.49,Introductory coursework or demonstrated interest helpful,No formal experience required; beginner exposure helpful,moderate,No strict prerequisite; demonstrated interest improves fit
SYN-0886,Skyline Discovery Institute Applied Workshop Series in Creative Writing,Skyline Discovery Institute,synthetic_generated,,creative writing,journalism;history,creative writing;journalism;history,meeting like-minded students;portfolio building;college preparation,cost matters but flexible,mostly online,South,Atlanta,Georgia,South,less competitive,1 to 2 weeks,2,summer,9,12,independent exploration,8400,yes,optional,"A 1 to 2 weeks pre-college experience focused on creative writing, blending meeting like-minded students with portfolio building.",creative writing;journalism;history;meeting like-minded students;portfolio building,average,3.0-3.19,Foundational coursework or portfolio-building experience helpful,Beginner friendly; no prior experience required,moderate-low,"Portfolio, writing samples, or prior creative work may strengthen fit"
SYN-0452,Blue Mesa Scholars Academy Advanced Innovation Studio in International Relations,Blue Mesa Scholars Academy,synthetic_generated,,international relations,political science;law,international relations;political science;law,leadership development;networking;social impact,not a major concern,hybrid,East Coast,Philadelphia,Pennsylvania,East Coast,open enrollment,1 to 2 weeks,2,fall,10,12,independent exploration,11800,need-based aid,optional,"Designed for motivated teens, this program combines international relations content with leadership development and networking.",international relations;political science;law;leadership development;networking,accessible,No formal minimum / 2.5+ preferred,Introductory coursework or demonstrated interest helpful,Open to beginners; no prior experience required,accessible,No strict prerequisite; demonstrated interest improves fit
SYN-0801,Helix Summer Scholars Open Door Pre-College Institute for Environmental Science,Helix Summer Scholars,synthetic_generated,,environmental science,sustainability;biology,environmental science;sustainability;biology,career exploration;research experience;social impact,not a major concern,mostly online,South,Austin,Texas,South,balanced,4 to 8 weeks,6,summer,9,12,faculty mentorship,13500,no,optional,"Designed for motivated teens, this program combines environmental science content with career exploration and research experience.",environmental science;sustainability;biology;career exploration;research experience,solid,3.2-3.49,Introductory coursework helpful but not required,No formal experience required; beginner exposure helpful,moderate,No strict prerequisite; demonstrated interest improves fit
SYN-0773,Sagebrook Academy Frontier Innovation Studio in Biology,Sagebrook Academy,synthetic_generated,,biology,chemistry;research,biology;chemistry;research;biochemistry,college preparation;academic challenge;research experience,strongly prefer free,mostly in-person,South,Austin,Texas,South,competitive,1 to 2 weeks,2,summer,9,12,student mentorship,350,no,yes,"A 1 to 2 weeks pre-college experience focused on biology, blending college preparation with academic challenge.",biology;chemistry;research;college preparation;academic challenge,strong,3.5-3.79,Advanced coursework preferred (honors/AP/IB or strong equivalent),Some prior exposure or self-directed projects helpful,moderately high,No strict prerequisite; demonstrated interest improves fit
SYN-0814,Aurora Youth Research Institute Frontier Explorers Program in Animation,Aurora Youth Research Institute,synthetic_generated,,animation,design;film,animation;design;film;graphic design,hands-on projects;skill development;portfolio building,strongly prefer free,online only,remote only,Remote,Remote,Remote,open enrollment,2 to 4 weeks,4,summer,8,12,research mentorship,350,need-based aid,no,"Designed for motivated teens, this program combines animation content with hands-on projects and skill development.",animation;design;film;hands-on projects;skill development,accessible,No formal minimum / 2.5+ preferred,Foundational coursework helpful but not required,Open to beginners; no prior experience required,accessible,No strict prerequisite; demonstrated interest improves fit
SYN-0296,Cedar Grove Scholars Global Scholars Program in Sustainability,Cedar Grove Scholars,synthetic_generated,,sustainability,environmental science;social impact,sustainability;environmental science;social impact,social impact;career exploration;hands-on projects,cost matters but flexible,in-person only,South,Miami,Florida,South,less competitive,1 to 2 weeks,2,summer,9,12,application guidance,7200,limited,yes,"Designed for motivated teens, this program combines sustainability content with social impact and career exploration.",sustainability;environmental science;social impact;social impact;career exploration,average,3.0-3.19,Foundational coursework helpful but not required,Beginner friendly; no prior experience required,moderate-low,No strict prerequisite; demonstrated interest improves fit
SYN-0531,Helix Summer Scholars Advanced Leadership Forum in Research,Helix Summer Scholars,synthetic_generated,,research,biology;computer science,research;biology;computer science;chemistry,mentorship;academic challenge;research experience,strongly prefer free,in-person only,South,Atlanta,Georgia,South,balanced,4 to 8 weeks,6,summer,10,12,project guidance,500,yes,yes,This summer program helps high school students explore research through mentorship and academic challenge.,research;biology;computer science;mentorship;academic challenge,solid,3.2-3.49,Foundational coursework helpful but not required,No formal experience required; beginner exposure helpful,moderate,No strict prerequisite; demonstrated interest improves fit
SYN-0725,Summit Forge Academy Elite Field School in Cybersecurity,Summit Forge Academy,synthetic_generated,,cybersecurity,computer science;law,cybersecurity;computer science;law;software engineering,hands-on projects;career exploration;skill development,moderate cost is okay,hybrid,West Coast,Los Angeles,California,West Coast,less competitive,1 to 2 weeks,1,summer,9,12,research mentorship,2800,yes,optional,Students build confidence in cybersecurity while developing transferable skills through hands-on projects and career exploration.,cybersecurity;computer science;law;hands-on projects;career exploration,average,3.0-3.19,Introductory coursework helpful but not required,Beginner friendly; no prior experience required,moderate-low,Math/programming familiarity helpful; projects or coding exposure useful
SYN-0125,Summit Forge Academy Open Door Workshop Series in Design,Summit Forge Academy,synthetic_generated,,design,graphic design;entrepreneurship,design;graphic design;entrepreneurship,hands-on projects;skill development;portfolio building,moderate cost is okay,hybrid,South,Atlanta,Georgia,South,balanced,1 to 2 weeks,1,summer,9,12,project guidance,3800,merit scholarships,optional,This summer program helps high school students explore design through hands-on projects and skill development.,design;graphic design;entrepreneurship;hands-on projects;skill development,solid,3.2-3.49,Foundational coursework or portfolio-building experience helpful,No formal experience required; beginner exposure helpful,moderate,"Portfolio, writing samples, or prior creative work may strengthen fit"
SYN-0003,Pioneer Horizon University Open Door Workshop Series in Business,Pioneer Horizon University,synthetic_generated,,business,finance;marketing,business;finance;marketing;economics,networking;resume building;career exploration,moderate cost is okay,online only,remote only,Remote,Remote,Remote,balanced,2 to 4 weeks,3,summer,9,12,faculty mentorship,4500,merit scholarships,no,"A 2 to 4 weeks pre-college experience focused on business, blending networking with resume building.",business;finance;marketing;networking;resume building,solid,3.2-3.49,Relevant introductory coursework or strong extracurricular exposure helpful,No formal experience required; beginner exposure helpful,moderate,"Quantitative comfort, initiative, or leadership/project experience helpful"
SYN-0292,Pacific Crest College Prep Frontier College Prep Seminar in Finance,Pacific Crest College Prep,synthetic_generated,,finance,economics;business,finance;economics;business,skill development;academic challenge;career exploration,strongly prefer free,in-person only,international,Toronto,Canada,International,open enrollment,1 to 2 weeks,1,summer,9,12,project guidance,500,yes,yes,Students build confidence in finance while developing transferable skills through skill development and academic challenge.,finance;economics;business;skill development;academic challenge,accessible,No formal minimum / 2.5+ preferred,Relevant introductory coursework or strong extracurricular exposure helpful,Open to beginners; no prior experience required,accessible,"Quantitative comfort, initiative, or leadership/project experience helpful"
SYN-0736,Skyline Discovery Institute Pioneer Explorers Program in Environmental Science,Skyline Discovery Institute,synthetic_generated,,environmental science,sustainability;biology,environmental science;sustainability;biology,social impact;hands-on projects;career exploration,not a major concern,hybrid,international,Toronto,Canada,International,open enrollment,1 to 2 weeks,2,summer,9,12,career guidance,11800,limited,optional,"A 1 to 2 weeks pre-college experience focused on environmental science, blending social impact with hands-on projects.",environmental science;sustainability;biology;social impact;hands-on projects,accessible,No formal minimum / 2.5+ preferred,Introductory coursework helpful but not required,Open to beginners; no prior experience required,accessible,No strict prerequisite; demonstrated interest improves fit
SYN-0839,Brightwater Institute Advanced Research Lab in Social Impact,Brightwater Institute,synthetic_generated,,social impact,leadership;public health,social impact;leadership;public health,leadership development;social impact;networking,must be free,hybrid,East Coast,Boston,Massachusetts,East Coast,balanced,4 to 8 weeks,8,summer,9,12,small class size,0,no,optional,Students build confidence in social impact while developing transferable skills through leadership development and social impact.,social impact;leadership;public health;leadership development;social impact,solid,3.2-3.49,Introductory coursework or demonstrated interest helpful,No formal experience required; beginner exposure helpful,moderate,No strict prerequisite; demonstrated interest improves fit
SYN-0857,Lighthouse Prep Academy Future Leaders College Prep Seminar in Animation,Lighthouse Prep Academy,synthetic_generated,,animation,design;film,animation;design;film;graphic design,hands-on projects;portfolio building;skill development,cost matters but flexible,online only,remote only,Remote,Remote,Remote,less competitive,1 to 2 weeks,2,summer,8,12,project guidance,6100,merit scholarships,no,"A 1 to 2 weeks pre-college experience focused on animation, blending hands-on projects with portfolio building.",animation;design;film;hands-on projects;portfolio building,average,3.0-3.19,Foundational coursework helpful but not required,Beginner friendly; no prior experience required,moderate-low,No strict prerequisite; demonstrated interest improves fit
SYN-0879,Prairie Stone Scholars Program Honors Bootcamp in Environmental Science,Prairie Stone Scholars Program,synthetic_generated,,environmental science,sustainability;biology,environmental science;sustainability;biology,social impact;research experience;career exploration,strongly prefer free,hybrid,East Coast,Baltimore,Maryland,East Coast,balanced,1 to 2 weeks,1,summer,9,12,peer community,500,merit scholarships,optional,This summer program helps high school students explore environmental science through social impact and research experience.,environmental science;sustainability;biology;social impact;research experience,solid,3.2-3.49,Introductory coursework helpful but not required,No formal experience required; beginner exposure helpful,moderate,No strict prerequisite; demonstrated interest improves fit
SYN-0267,Mosaic Futures Academy Discovery Workshop Series in Robotics,Mosaic Futures Academy,synthetic_generated,,robotics,mechanical engineering;electrical engineering,robotics;mechanical engineering;electrical engineering,career exploration;skill development;hands-on projects,not a major concern,mostly online,Midwest,Madison,Wisconsin,Midwest,competitive,1 to 2 weeks,2,summer,9,12,application guidance,10500,need-based aid,optional,This summer program helps high school students explore robotics through career exploration and skill development.,robotics;mechanical engineering;electrical engineering;career exploration;skill development,strong,3.5-3.79,Advanced coursework preferred (honors/AP/IB or strong equivalent),Some prior exposure or self-directed projects helpful,moderately high,Math/programming familiarity helpful; projects or coding exposure useful
SYN-0664,Aurora Youth Research Institute Future Leaders College Prep Seminar in Physics,Aurora Youth Research Institute,synthetic_generated,,physics,mathematics;engineering,physics;mathematics;engineering;statistics,college preparation;research experience;academic challenge,must be free,either,South,Nashville,Tennessee,South,balanced,4 to 8 weeks,8,summer,9,12,faculty mentorship,0,need-based aid,optional,This summer program helps high school students explore physics through college preparation and research experience.,physics;mathematics;engineering;college preparation;research experience,solid,3.2-3.49,Introductory coursework helpful but not required,No formal experience required; beginner exposure helpful,moderate,No strict prerequisite; demonstrated interest improves fit
SYN-0333,Pioneer Horizon University Global Innovation Studio in Animation,Pioneer Horizon University,synthetic_generated,,animation,design;film,animation;design;film;graphic design,career exploration;skill development;hands-on projects,cost matters but flexible,hybrid,East Coast,Philadelphia,Pennsylvania,East Coast,open enrollment,4 to 8 weeks,8,fall,8,12,peer community,5200,no,optional,Students build confidence in animation while developing transferable skills through career exploration and skill development.,animation;design;film;career exploration;skill development,accessible,No formal minimum / 2.5+ preferred,Foundational coursework helpful but not required,Open to beginners; no prior experience required,accessible,No strict prerequisite; demonstrated interest improves fit
SYN-0400,Coastal Edge Institute Advanced Field School in Education,Coastal Edge Institute,synthetic_generated,,education,leadership;social impact,education;leadership;social impact,leadership development;college preparation;social impact,not a major concern,either,West Coast,Portland,Oregon,West Coast,competitive,1 to 2 weeks,2,summer,9,12,project guidance,10500,limited,optional,"Designed for motivated teens, this program combines education content with leadership development and college preparation.",education;leadership;social impact;leadership development;college preparation,strong,3.5-3.79,Introductory coursework or demonstrated interest helpful,Some prior exposure helpful,moderately high,No strict prerequisite; demonstrated interest improves fit
SYN-0330,Compass Youth University Advanced Summer Academy in Marine Biology,Compass Youth University,synthetic_generated,,marine biology,biology;environmental science,marine biology;biology;environmental science;chemistry,research experience;career exploration;hands-on projects,must be free,in-person only,South,Austin,Texas,South,balanced,1 to 2 weeks,2,summer,9,12,small class size,0,no,yes,"A 1 to 2 weeks pre-college experience focused on marine biology, blending research experience with career exploration.",marine biology;biology;environmental science;research experience;career exploration,solid,3.2-3.49,Foundational coursework helpful but not required,No formal experience required; beginner exposure helpful,moderate,No strict prerequisite; demonstrated interest improves fit
SYN-0248,Crescent Peak University Open Door Scholars Program in Software Engineering,Crescent Peak University,synthetic_generated,,software engineering,computer science;artificial intelligence,software engineering;computer science;artificial intelligence,portfolio building;career exploration;hands-on projects,moderate cost is okay,mostly online,East Coast,Raleigh,North Carolina,East Coast,very competitive,1 to 2 weeks,2,summer,9,12,small class size,3200,merit scholarships,optional,This summer program helps high school students explore software engineering through portfolio building and career exploration.,software engineering;computer science;artificial intelligence;portfolio building;career exploration,exceptional,3.8+,Advanced coursework preferred (honors/AP/IB or strong equivalent),"Some prior projects, research, competitions, or advanced exposure preferred",high,Math/programming familiarity helpful; projects or coding exposure useful
SYN-0617,Lighthouse Prep Academy Global Workshop Series in Graphic Design,Lighthouse Prep Academy,synthetic_generated,,graphic design,design;marketing,graphic design;design;marketing,skill development;hands-on projects;portfolio building,must be free,either,East Coast,Washington,District of Columbia,East Coast,less competitive,1 to 2 weeks,1,summer,9,12,application guidance,0,need-based aid,optional,Students build confidence in graphic design while developing transferable skills through skill development and hands-on projects.,graphic design;design;marketing;skill development;hands-on projects,average,3.0-3.19,Foundational coursework or portfolio-building experience helpful,Beginner friendly; no prior experience required,moderate-low,"Portfolio, writing samples, or prior creative work may strengthen fit"
SYN-0681,Helix Summer Scholars Foundations Research Lab in Animation,Helix Summer Scholars,synthetic_generated,,animation,design;film,animation;design;film;graphic design,hands-on projects;skill development;portfolio building,cost matters but flexible,online only,remote only,Remote,Remote,Remote,balanced,2 to 4 weeks,3,summer,8,12,research mentorship,7200,need-based aid,no,Students build confidence in animation while developing transferable skills through hands-on projects and skill development.,animation;design;film;hands-on projects;skill development,solid,3.2-3.49,Foundational coursework helpful but not required,No formal experience required; beginner exposure helpful,moderate,No strict prerequisite; demonstrated interest improves fit
SYN-0858,Orbit Learning Institute Applied Research Lab in Environmental Science,Orbit Learning Institute,synthetic_generated,,environmental science,sustainability;biology,environmental science;sustainability;biology,career exploration;hands-on projects;research experience,strongly prefer free,mostly online,East Coast,Philadelphia,Pennsylvania,East Coast,balanced,2 to 4 weeks,3,summer,9,12,application guidance,750,limited,optional,"Designed for motivated teens, this program combines environmental science content with career exploration and hands-on projects.",environmental science;sustainability;biology;career exploration;hands-on projects,solid,3.2-3.49,Introductory coursework helpful but not required,No formal experience required; beginner exposure helpful,moderate,No strict prerequisite; demonstrated interest improves fit
SYN-0398,Crescent Peak University Discovery Bootcamp in Statistics,Crescent Peak University,synthetic_generated,,statistics,mathematics;data science,statistics;mathematics;data science,college preparation;career exploration;academic challenge,not a major concern,online only,remote only,Remote,Remote,Remote,less competitive,4 to 8 weeks,6,spring,9,12,application guidance,11800,merit scholarships,no,This spring program helps high school students explore statistics through college preparation and career exploration.,statistics;mathematics;data science;college preparation;career exploration,average,3.0-3.19,Introductory coursework helpful but not required,Beginner friendly; no prior experience required,moderate-low,No strict prerequisite; demonstrated interest improves fit
SYN-0459,Prairie Stone Scholars Program Pioneer Innovation Studio in Dentistry,Prairie Stone Scholars Program,synthetic_generated,,dentistry,medicine;biology,dentistry;medicine;biology,skill development;resume building;medical exposure,moderate cost is okay,mostly in-person,South,Miami,Florida,South,competitive,1 to 2 weeks,1,summer,10,12,project guidance,2800,need-based aid,yes,This summer program helps high school students explore dentistry through skill development and resume building.,dentistry;medicine;biology;skill development;resume building,strong,3.5-3.79,Foundational coursework helpful but not required,Some prior exposure helpful,moderately high,No strict prerequisite; demonstrated interest improves fit
SYN-0568,Vertex Learning Center Elite Leadership Forum in Architecture,Vertex Learning Center,synthetic_generated,,architecture,civil engineering;design,architecture;civil engineering;design,academic challenge;hands-on projects;portfolio building,not a major concern,in-person only,Arizona,Phoenix,Arizona,Southwest,open enrollment,4 to 8 weeks,8,fall,9,12,project guidance,11800,yes,yes,"Designed for motivated teens, this program combines architecture content with academic challenge and hands-on projects.",architecture;civil engineering;design;academic challenge;hands-on projects,accessible,No formal minimum / 2.5+ preferred,Foundational coursework or portfolio-building experience helpful,Open to beginners; no prior experience required,accessible,"Portfolio, writing samples, or prior creative work may strengthen fit"
SYN-0427,Riverview Innovation Lab Future Leaders Bootcamp in Statistics,Riverview Innovation Lab,synthetic_generated,,statistics,mathematics;data science,statistics;mathematics;data science,academic challenge;college preparation;career exploration,not a major concern,in-person only,West Coast,Portland,Oregon,West Coast,balanced,4 to 8 weeks,8,summer,9,12,career guidance,10500,no,yes,"Designed for motivated teens, this program combines statistics content with academic challenge and college preparation.",statistics;mathematics;data science;academic challenge;college preparation,solid,3.2-3.49,Introductory coursework helpful but not required,No formal experience required; beginner exposure helpful,moderate,No strict prerequisite; demonstrated interest improves fit
SYN-0132,Maple Bridge Academy Discovery Scholars Program in Entrepreneurship,Maple Bridge Academy,synthetic_generated,,entrepreneurship,business;marketing,entrepreneurship;business;marketing;finance,portfolio building;hands-on projects;networking,not a major concern,in-person only,East Coast,Washington,District of Columbia,East Coast,balanced,4 to 8 weeks,8,summer,9,12,career guidance,10500,no,yes,"A 4 to 8 weeks pre-college experience focused on entrepreneurship, blending portfolio building with hands-on projects.",entrepreneurship;business;marketing;portfolio building;hands-on projects,solid,3.2-3.49,Relevant introductory coursework or strong extracurricular exposure helpful,No formal experience required; beginner exposure helpful,moderate,"Quantitative comfort, initiative, or leadership/project experience helpful"
SYN-0193,Redwood Pathways Institute Foundations Research Lab in Pharmacy,Redwood Pathways Institute,synthetic_generated,,pharmacy,chemistry;biochemistry,pharmacy;chemistry;biochemistry,research experience;career exploration;college preparation,must be free,online only,remote only,Remote,Remote,Remote,less competitive,2 to 4 weeks,3,summer,10,12,independent exploration,0,limited,no,This summer program helps high school students explore pharmacy through research experience and career exploration.,pharmacy;chemistry;biochemistry;research experience;career exploration,average,3.0-3.19,Introductory coursework helpful but not required,Beginner friendly; no prior experience required,moderate-low,Biology/chemistry exposure helpful; healthcare interest expected
SYN-0630,Compass Youth University Applied Summer Academy in Data Science,Compass Youth University,synthetic_generated,,data science,statistics;computer science,data science;statistics;computer science;mathematics,career exploration;skill development;portfolio building,not a major concern,mostly in-person,South,Miami,Florida,South,open enrollment,1 to 2 weeks,1,summer,9,12,project guidance,10500,yes,yes,"Designed for motivated teens, this program combines data science content with career exploration and skill development.",data science;statistics;computer science;career exploration;skill development,accessible,No formal minimum / 2.5+ preferred,Introductory coursework helpful but not required,Open to beginners; no prior experience required,accessible,Math/programming familiarity helpful; projects or coding exposure useful
SYN-0677,Lighthouse Prep Academy Future Leaders Innovation Studio in Film,Lighthouse Prep Academy,synthetic_generated,,film,arts;creative writing,film;arts;creative writing;design,portfolio building;meeting like-minded students;career exploration,low cost only,mostly online,anywhere in the U.S.,Boulder,Colorado,Mountain,balanced,1 to 2 weeks,1,summer,9,12,peer community,1200,no,optional,Students build confidence in film while developing transferable skills through portfolio building and meeting like-minded students.,film;arts;creative writing;portfolio building;meeting like-minded students,solid,3.2-3.49,Foundational coursework or portfolio-building experience helpful,No formal experience required; beginner exposure helpful,moderate,"Portfolio, writing samples, or prior creative work may strengthen fit"
SYN-0514,Aurora Youth Research Institute Pioneer Leadership Forum in Journalism,Aurora Youth Research Institute,synthetic_generated,,journalism,creative writing;political science,journalism;creative writing;political science,leadership development;career exploration;portfolio building,cost matters but flexible,in-person only,anywhere in the U.S.,Boulder,Colorado,Mountain,balanced,4 to 8 weeks,8,summer,9,12,career guidance,5200,merit scholarships,yes,"A 4 to 8 weeks pre-college experience focused on journalism, blending leadership development with career exploration.",journalism;creative writing;political science;leadership development;career exploration,solid,3.2-3.49,Foundational coursework or portfolio-building experience helpful,No formal experience required; beginner exposure helpful,moderate,"Portfolio, writing samples, or prior creative work may strengthen fit"
SYN-0094,Aurora Youth Research Institute Pioneer Innovation Studio in Leadership,Aurora Youth Research Institute,synthetic_generated,,leadership,social impact;business,leadership;social impact;business,college preparation;networking;leadership development,moderate cost is okay,either,South,Atlanta,Georgia,South,balanced,4 to 8 weeks,8,summer,9,12,peer community,3200,yes,optional,Students build confidence in leadership while developing transferable skills through college preparation and networking.,leadership;social impact;business;college preparation;networking,solid,3.2-3.49,Introductory coursework or demonstrated interest helpful,No formal experience required; beginner exposure helpful,moderate,No strict prerequisite; demonstrated interest improves fit
SYN-0549,Prairie Stone Scholars Program Global Explorers Program in Medicine,Prairie Stone Scholars Program,synthetic_generated,,medicine,biology;public health,medicine;biology;public health;chemistry,medical exposure;college preparation;career exploration,not a major concern,in-person only,South,Atlanta,Georgia,South,balanced,1 to 2 weeks,1,summer,9,12,application guidance,13500,yes,yes,This summer program helps high school students explore medicine through medical exposure and college preparation.,medicine;biology;public health;medical exposure;college preparation,solid,3.2-3.49,Introductory coursework helpful but not required,No formal experience required; beginner exposure helpful,moderate,Biology/chemistry exposure helpful; healthcare interest expected
SYN-0329,Brightwater Institute Frontier Pre-College Institute for Electrical Engineering,Brightwater Institute,synthetic_generated,,electrical engineering,physics;robotics,electrical engineering;physics;robotics;mathematics,academic challenge;skill development;career exploration,moderate cost is okay,mostly in-person,Midwest,Madison,Wisconsin,Midwest,competitive,1 to 2 weeks,2,summer,9,12,research mentorship,3200,no,yes,"A 1 to 2 weeks pre-college experience focused on electrical engineering, blending academic challenge with skill development.",electrical engineering;physics;robotics;academic challenge;skill development,strong,3.5-3.79,Advanced coursework preferred (honors/AP/IB or strong equivalent),Some prior exposure or self-directed projects helpful,moderately high,No strict prerequisite; demonstrated interest improves fit
SYN-0906,Catalyst Pre-College Center Future Leaders Summer Academy in Political Science,Catalyst Pre-College Center,synthetic_generated,,political science,international relations;law,political science;international relations;law,career exploration;leadership development;academic challenge,strongly prefer free,in-person only,Arizona,Phoenix,Arizona,Southwest,balanced,2 to 4 weeks,3,summer,10,12,independent exploration,750,no,yes,"A 2 to 4 weeks pre-college experience focused on political science, blending career exploration with leadership development.",political science;international relations;law;career exploration;leadership development,solid,3.2-3.49,Introductory coursework or demonstrated interest helpful,No formal experience required; beginner exposure helpful,moderate,No strict prerequisite; demonstrated interest improves fit
SYN-0625,Urban Horizon Institute Foundations Pre-College Institute for Game Development,Urban Horizon Institute,synthetic_generated,,game development,computer science;design,game development;computer science;design;software engineering,portfolio building;hands-on projects;meeting like-minded students,low cost only,mostly online,Arizona,Phoenix,Arizona,Southwest,open enrollment,1 to 2 weeks,2,summer,8,12,career guidance,1800,merit scholarships,optional,"A 1 to 2 weeks pre-college experience focused on game development, blending portfolio building with hands-on projects.",game development;computer science;design;portfolio building;hands-on projects,accessible,No formal minimum / 2.5+ preferred,Foundational coursework helpful but not required,Open to beginners; no prior experience required,accessible,No strict prerequisite; demonstrated interest improves fit
SYN-0298,Vertex Learning Center Foundations Summer Academy in Finance,Vertex Learning Center,synthetic_generated,,finance,economics;business,finance;economics;business,networking;career exploration;academic challenge,moderate cost is okay,online only,remote only,Remote,Remote,Remote,open enrollment,2 to 4 weeks,3,summer,9,12,faculty mentorship,4500,yes,no,"Designed for motivated teens, this program combines finance content with networking and career exploration.",finance;economics;business;networking;career exploration,accessible,No formal minimum / 2.5+ preferred,Relevant introductory coursework or strong extracurricular exposure helpful,Open to beginners; no prior experience required,accessible,"Quantitative comfort, initiative, or leadership/project experience helpful"
SYN-0753,Pioneer Horizon University Pioneer Innovation Studio in Philosophy,Pioneer Horizon University,synthetic_generated,,philosophy,history;law,philosophy;history;law;political science,major exploration;meeting like-minded students;academic challenge,not a major concern,in-person only,Midwest,Chicago,Illinois,Midwest,balanced,2 to 4 weeks,4,summer,9,12,research mentorship,10500,need-based aid,yes,"Designed for motivated teens, this program combines philosophy content with major exploration and meeting like-minded students.",philosophy;history;law;major exploration;meeting like-minded students,solid,3.2-3.49,Introductory coursework or demonstrated interest helpful,No formal experience required; beginner exposure helpful,moderate,No strict prerequisite; demonstrated interest improves fit
SYN-0338,Crescent Peak University Global College Prep Seminar in Data Science,Crescent Peak University,synthetic_generated,,data science,statistics;computer science,data science;statistics;computer science;mathematics,skill development;hands-on projects;career exploration,low cost only,mostly online,anywhere in the U.S.,Denver,Colorado,Mountain,balanced,1 to 2 weeks,2,summer,9,12,peer community,1200,need-based aid,optional,This summer program helps high school students explore data science through skill development and hands-on projects.,data science;statistics;computer science;skill development;hands-on projects,solid,3.2-3.49,Introductory coursework helpful but not required,No formal experience required; beginner exposure helpful,moderate,Math/programming familiarity helpful; projects or coding exposure useful
SYN-0029,Brightwater Institute Honors Research Lab in Environmental Science,Brightwater Institute,synthetic_generated,,environmental science,sustainability;biology,environmental science;sustainability;biology,social impact;hands-on projects;career exploration,strongly prefer free,hybrid,Arizona,Phoenix,Arizona,Southwest,less competitive,2 to 4 weeks,3,winter,9,12,small class size,750,limited,optional,Students build confidence in environmental science while developing transferable skills through social impact and hands-on projects.,environmental science;sustainability;biology;social impact;hands-on projects,average,3.0-3.19,Introductory coursework helpful but not required,Beginner friendly; no prior experience required,moderate-low,No strict prerequisite; demonstrated interest improves fit
SYN-0854,Silverline Summer College Frontier Innovation Studio in Robotics,Silverline Summer College,synthetic_generated,,robotics,mechanical engineering;electrical engineering,robotics;mechanical engineering;electrical engineering,academic challenge;skill development;career exploration,strongly prefer free,in-person only,South,Nashville,Tennessee,South,very competitive,4 to 8 weeks,8,summer,9,12,project guidance,350,yes,yes,Students build confidence in robotics while developing transferable skills through academic challenge and skill development.,robotics;mechanical engineering;electrical engineering;academic challenge;skill development,exceptional,3.8+,Advanced coursework preferred (honors/AP/IB or strong equivalent),"Some prior projects, research, competitions, or advanced exposure preferred",high,Math/programming familiarity helpful; projects or coding exposure useful
SYN-0426,Catalyst Pre-College Center Elite Leadership Forum in Data Science,Catalyst Pre-College Center,synthetic_generated,,data science,statistics;computer science,data science;statistics;computer science;mathematics,skill development;hands-on projects;career exploration,low cost only,mostly online,South,Houston,Texas,South,balanced,1 to 2 weeks,1,summer,9,12,career guidance,1200,yes,optional,"Designed for motivated teens, this program combines data science content with skill development and hands-on projects.",data science;statistics;computer science;skill development;hands-on projects,solid,3.2-3.49,Introductory coursework helpful but not required,No formal experience required; beginner exposure helpful,moderate,Math/programming familiarity helpful; projects or coding exposure useful
SYN-0388,Vertex Learning Center Open Door Immersion in Veterinary Medicine,Vertex Learning Center,synthetic_generated,,veterinary medicine,biology;medicine,veterinary medicine;biology;medicine;chemistry,medical exposure;career exploration;research experience,cost matters but flexible,mostly in-person,Midwest,Chicago,Illinois,Midwest,balanced,1 to 2 weeks,2,summer,9,12,independent exploration,6100,need-based aid,yes,This summer program helps high school students explore veterinary medicine through medical exposure and career exploration.,veterinary medicine;biology;medicine;medical exposure;career exploration,solid,3.2-3.49,Foundational coursework helpful but not required,No formal experience required; beginner exposure helpful,moderate,No strict prerequisite; demonstrated interest improves fit
SYN-0188,Crescent Peak University Global Innovation Studio in Mathematics,Crescent Peak University,synthetic_generated,,mathematics,statistics;physics,mathematics;statistics;physics,major exploration;college preparation;skill development,must be free,either,South,Atlanta,Georgia,South,open enrollment,1 to 2 weeks,1,summer,9,12,career guidance,0,yes,optional,"Designed for motivated teens, this program combines mathematics content with major exploration and college preparation.",mathematics;statistics;physics;major exploration;college preparation,accessible,No formal minimum / 2.5+ preferred,Introductory coursework helpful but not required,Open to beginners; no prior experience required,accessible,No strict prerequisite; demonstrated interest improves fit
SYN-0590,Granite Point Institute Honors Innovation Studio in Genetics,Granite Point Institute,synthetic_generated,,genetics,biology;biotechnology,genetics;biology;biotechnology;chemistry,academic challenge;research experience;college preparation,low cost only,in-person only,West Coast,San Francisco,California,West Coast,balanced,2 to 4 weeks,4,summer,9,12,application guidance,1200,limited,yes,"A 2 to 4 weeks pre-college experience focused on genetics, blending academic challenge with research experience.",genetics;biology;biotechnology;academic challenge;research experience,solid,3.2-3.49,Introductory coursework helpful but not required,No formal experience required; beginner exposure helpful,moderate,No strict prerequisite; demonstrated interest improves fit
SYN-0706,Skyline Discovery Institute Discovery Summer Academy in Software Engineering,Skyline Discovery Institute,synthetic_generated,,software engineering,computer science;artificial intelligence,software engineering;computer science;artificial intelligence,portfolio building;career exploration;hands-on projects,moderate cost is okay,mostly in-person,East Coast,New York,New York,East Coast,competitive,1 to 2 weeks,1,summer,9,12,research mentorship,4500,need-based aid,yes,"Designed for motivated teens, this program combines software engineering content with portfolio building and career exploration.",software engineering;computer science;artificial intelligence;portfolio building;career exploration,strong,3.5-3.79,Advanced coursework preferred (honors/AP/IB or strong equivalent),Some prior exposure or self-directed projects helpful,moderately high,Math/programming familiarity helpful; projects or coding exposure useful
SYN-0607,Riverview Innovation Lab Foundations Field School in Graphic Design,Riverview Innovation Lab,synthetic_generated,,graphic design,design;marketing,graphic design;design;marketing,hands-on projects;career exploration;portfolio building,must be free,online only,remote only,Remote,Remote,Remote,less competitive,2 to 4 weeks,3,summer,9,12,project guidance,0,need-based aid,no,"A 2 to 4 weeks pre-college experience focused on graphic design, blending hands-on projects with career exploration.",graphic design;design;marketing;hands-on projects;career exploration,average,3.0-3.19,Foundational coursework or portfolio-building experience helpful,Beginner friendly; no prior experience required,moderate-low,"Portfolio, writing samples, or prior creative work may strengthen fit"
SYN-0066,Catalyst Pre-College Center Foundations Pre-College Institute for Research,Catalyst Pre-College Center,synthetic_generated,,research,biology;computer science,research;biology;computer science;chemistry,mentorship;research experience;college preparation,cost matters but flexible,in-person only,West Coast,San Diego,California,West Coast,balanced,1 to 2 weeks,1,summer,10,12,small class size,6100,no,yes,Students build confidence in research while developing transferable skills through mentorship and research experience.,research;biology;computer science;mentorship;research experience,solid,3.2-3.49,Foundational coursework helpful but not required,No formal experience required; beginner exposure helpful,moderate,No strict prerequisite; demonstrated interest improves fit
SYN-0574,Aurora Youth Research Institute Foundations Innovation Studio in Genetics,Aurora Youth Research Institute,synthetic_generated,,genetics,biology;biotechnology,genetics;biology;biotechnology;chemistry,college preparation;career exploration;research experience,must be free,in-person only,East Coast,Pittsburgh,Pennsylvania,East Coast,balanced,4 to 8 weeks,6,summer,9,12,faculty mentorship,0,limited,yes,"Designed for motivated teens, this program combines genetics content with college preparation and career exploration.",genetics;biology;biotechnology;college preparation;career exploration,solid,3.2-3.49,Introductory coursework helpful but not required,No formal experience required; beginner exposure helpful,moderate,No strict prerequisite; demonstrated interest improves fit
SYN-0928,Vertex Learning Center Advanced Scholars Program in Architecture,Vertex Learning Center,synthetic_generated,,architecture,civil engineering;design,architecture;civil engineering;design,hands-on projects;portfolio building;academic challenge,cost matters but flexible,either,Arizona,Phoenix,Arizona,Southwest,balanced,1 to 2 weeks,1,summer,9,12,student mentorship,6100,no,optional,"Designed for motivated teens, this program combines architecture content with hands-on projects and portfolio building.",architecture;civil engineering;design;hands-on projects;portfolio building,solid,3.2-3.49,Foundational coursework or portfolio-building experience helpful,No formal experience required; beginner exposure helpful,moderate,"Portfolio, writing samples, or prior creative work may strengthen fit"
SYN-0279,Prairie Stone Scholars Program Foundations Workshop Series in Game Development,Prairie Stone Scholars Program,synthetic_generated,,game development,computer science;design,game development;computer science;design;software engineering,hands-on projects;portfolio building;skill development,low cost only,in-person only,South,Austin,Texas,South,open enrollment,4 to 8 weeks,6,summer,8,12,small class size,2200,yes,yes,Students build confidence in game development while developing transferable skills through hands-on projects and portfolio building.,game development;computer science;design;hands-on projects;portfolio building,accessible,No formal minimum / 2.5+ preferred,Foundational coursework helpful but not required,Open to beginners; no prior experience required,accessible,No strict prerequisite; demonstrated interest improves fit
SYN-0245,Summit Forge Academy Foundations Immersion in Mathematics,Summit Forge Academy,synthetic_generated,,mathematics,statistics;physics,mathematics;statistics;physics,academic challenge;skill development;major exploration,low cost only,mostly in-person,Midwest,Madison,Wisconsin,Midwest,less competitive,1 to 2 weeks,1,summer,9,12,small class size,2200,yes,yes,Students build confidence in mathematics while developing transferable skills through academic challenge and skill development.,mathematics;statistics;physics;academic challenge;skill development,average,3.0-3.19,Introductory coursework helpful but not required,Beginner friendly; no prior experience required,moderate-low,No strict prerequisite; demonstrated interest improves fit
SYN-0073,Redwood Pathways Institute Frontier Field School in Artificial Intelligence,Redwood Pathways Institute,synthetic_generated,,artificial intelligence,machine learning;computer science,artificial intelligence;machine learning;computer science,hands-on projects;career exploration;research experience,cost matters but flexible,online only,remote only,Remote,Remote,Remote,competitive,1 to 2 weeks,2,summer,9,12,peer community,7200,no,no,This summer program helps high school students explore artificial intelligence through hands-on projects and career exploration.,artificial intelligence;machine learning;computer science;hands-on projects;career exploration,strong,3.5-3.79,Advanced coursework preferred (honors/AP/IB or strong equivalent),Some prior exposure or self-directed projects helpful,moderately high,Math/programming familiarity helpful; projects or coding exposure useful
SYN-0025,Urban Horizon Institute Advanced Immersion in Physics,Urban Horizon Institute,synthetic_generated,,physics,mathematics;engineering,physics;mathematics;engineering;statistics,research experience;college preparation;hands-on projects,must be free,hybrid,East Coast,Washington,District of Columbia,East Coast,balanced,2 to 4 weeks,3,summer,9,12,research mentorship,0,no,optional,"Designed for motivated teens, this program combines physics content with research experience and college preparation.",physics;mathematics;engineering;research experience;college preparation,solid,3.2-3.49,Introductory coursework helpful but not required,No formal experience required; beginner exposure helpful,moderate,No strict prerequisite; demonstrated interest improves fit
SYN-0264,Cobalt Ridge University Discovery Leadership Forum in Graphic Design,Cobalt Ridge University,synthetic_generated,,graphic design,design;marketing,graphic design;design;marketing,skill development;career exploration;hands-on projects,not a major concern,hybrid,East Coast,Raleigh,North Carolina,East Coast,balanced,1 to 2 weeks,1,summer,9,12,independent exploration,9200,limited,optional,This summer program helps high school students explore graphic design through skill development and career exploration.,graphic design;design;marketing;skill development;career exploration,solid,3.2-3.49,Foundational coursework or portfolio-building experience helpful,No formal experience required; beginner exposure helpful,moderate,"Portfolio, writing samples, or prior creative work may strengthen fit"
SYN-0412,Pacific Crest College Prep Pioneer Innovation Studio in Data Science,Pacific Crest College Prep,synthetic_generated,,data science,statistics;computer science,data science;statistics;computer science;mathematics,career exploration;hands-on projects;portfolio building,not a major concern,online only,remote only,Remote,Remote,Remote,very competitive,1 to 2 weeks,1,summer,9,12,small class size,10500,no,no,Students build confidence in data science while developing transferable skills through career exploration and hands-on projects.,data science;statistics;computer science;career exploration;hands-on projects,exceptional,3.8+,Advanced coursework preferred (honors/AP/IB or strong equivalent),"Some prior projects, research, competitions, or advanced exposure preferred",high,Math/programming familiarity helpful; projects or coding exposure useful
SYN-0918,Orbit Learning Institute Frontier Bootcamp in Business,Orbit Learning Institute,synthetic_generated,,business,finance;marketing,business;finance;marketing;economics,networking;leadership development;resume building,moderate cost is okay,mostly online,Midwest,Ann Arbor,Michigan,Midwest,balanced,4 to 8 weeks,6,summer,9,12,research mentorship,4500,yes,optional,This summer program helps high school students explore business through networking and leadership development.,business;finance;marketing;networking;leadership development,solid,3.2-3.49,Relevant introductory coursework or strong extracurricular exposure helpful,No formal experience required; beginner exposure helpful,moderate,"Quantitative comfort, initiative, or leadership/project experience helpful"
SYN-0787,Riverview Innovation Lab Elite Workshop Series in Sports Management,Riverview Innovation Lab,synthetic_generated,,sports management,business;marketing,sports management;business;marketing;finance,networking;career exploration;leadership development,not a major concern,in-person only,South,Nashville,Tennessee,South,balanced,1 to 2 weeks,1,summer,9,12,career guidance,10500,merit scholarships,yes,Students build confidence in sports management while developing transferable skills through networking and career exploration.,sports management;business;marketing;networking;career exploration,solid,3.2-3.49,Foundational coursework helpful but not required,No formal experience required; beginner exposure helpful,moderate,No strict prerequisite; demonstrated interest improves fit
SYN-0829,Bridgewater Youth Academy Future Leaders Bootcamp in Pre-Med,Bridgewater Youth Academy,synthetic_generated,,pre-med,medicine;biology,pre-med;medicine;biology,medical exposure;resume building;college preparation,must be free,mostly in-person,Midwest,Madison,Wisconsin,Midwest,competitive,2 to 4 weeks,4,summer,9,12,student mentorship,0,no,yes,"Designed for motivated teens, this program combines pre-med content with medical exposure and resume building.",pre-med;medicine;biology;medical exposure;resume building,strong,3.5-3.79,Advanced coursework preferred (honors/AP/IB or strong equivalent),Some prior exposure or self-directed projects helpful,moderately high,Biology/chemistry exposure helpful; healthcare interest expected
SYN-0312,Maple Bridge Academy Advanced Innovation Studio in Physics,Maple Bridge Academy,synthetic_generated,,physics,mathematics;engineering,physics;mathematics;engineering;statistics,college preparation;hands-on projects;research experience,low cost only,mostly online,anywhere in the U.S.,Denver,Colorado,Mountain,competitive,1 to 2 weeks,2,summer,9,12,faculty mentorship,2200,no,optional,"A 1 to 2 weeks pre-college experience focused on physics, blending college preparation with hands-on projects.",physics;mathematics;engineering;college preparation;hands-on projects,strong,3.5-3.79,Advanced coursework preferred (honors/AP/IB or strong equivalent),Some prior exposure or self-directed projects helpful,moderately high,No strict prerequisite; demonstrated interest improves fit
SYN-0115,Urban Horizon Institute Honors Innovation Studio in Electrical Engineering,Urban Horizon Institute,synthetic_generated,,electrical engineering,physics;robotics,electrical engineering;physics;robotics;mathematics,skill development;career exploration;academic challenge,low cost only,in-person only,Midwest,Madison,Wisconsin,Midwest,balanced,1 to 2 weeks,1,summer,9,12,project guidance,1200,merit scholarships,yes,"A 1 to 2 weeks pre-college experience focused on electrical engineering, blending skill development with career exploration.",electrical engineering;physics;robotics;skill development;career exploration,solid,3.2-3.49,Introductory coursework helpful but not required,No formal experience required; beginner exposure helpful,moderate,No strict prerequisite; demonstrated interest improves fit
REAL-0027,Summer Online,University of Chicago,real_sourced,https://summer.uchicago.edu/pre-college/pre-college/summer-online/,interdisciplinary,education;research;leadership,interdisciplinary;education;research;leadership,academic challenge;college preparation;major exploration,moderate cost is okay,online only,remote only,Remote,Remote,Remote,competitive,1 to 2 weeks,2,summer,9,11,independent exploration,3200,limited,no,Online pre-college courses designed for current 9th-11th graders.,interdisciplinary;education;research;leadership;academic challenge;college preparation,strong,3.5-3.79,Foundational coursework helpful but not required,Some prior exposure helpful,moderately high,No strict prerequisite; demonstrated interest improves fit
SYN-0286,Skyline Discovery Institute Open Door Field School in Biochemistry,Skyline Discovery Institute,synthetic_generated,,biochemistry,chemistry;biology,biochemistry;chemistry;biology,career exploration;research experience;academic challenge,must be free,mostly online,international,Toronto,Canada,International,less competitive,1 to 2 weeks,2,summer,9,12,small class size,0,need-based aid,optional,Students build confidence in biochemistry while developing transferable skills through career exploration and research experience.,biochemistry;chemistry;biology;career exploration;research experience,average,3.0-3.19,Introductory coursework helpful but not required,Beginner friendly; no prior experience required,moderate-low,No strict prerequisite; demonstrated interest improves fit
SYN-0436,Skyline Discovery Institute Discovery Explorers Program in Creative Writing,Skyline Discovery Institute,synthetic_generated,,creative writing,journalism;history,creative writing;journalism;history,meeting like-minded students;portfolio building;college preparation,not a major concern,mostly online,Midwest,Ann Arbor,Michigan,Midwest,balanced,4 to 8 weeks,6,summer,9,12,career guidance,11800,merit scholarships,optional,Students build confidence in creative writing while developing transferable skills through meeting like-minded students and portfolio building.,creative writing;journalism;history;meeting like-minded students;portfolio building,solid,3.2-3.49,Foundational coursework or portfolio-building experience helpful,No formal experience required; beginner exposure helpful,moderate,"Portfolio, writing samples, or prior creative work may strengthen fit"
SYN-0411,Helix Summer Scholars Elite Leadership Forum in Civil Engineering,Helix Summer Scholars,synthetic_generated,,civil engineering,architecture;sustainability,civil engineering;architecture;sustainability,social impact;hands-on projects;skill development,low cost only,mostly in-person,Arizona,Phoenix,Arizona,Southwest,very competitive,1 to 2 weeks,2,summer,9,12,application guidance,2200,merit scholarships,yes,Students build confidence in civil engineering while developing transferable skills through social impact and hands-on projects.,civil engineering;architecture;sustainability;social impact;hands-on projects,exceptional,3.8+,Advanced coursework preferred (honors/AP/IB or strong equivalent),"Some prior projects, research, competitions, or advanced exposure preferred",high,No strict prerequisite; demonstrated interest improves fit
SYN-0554,Silverline Summer College Elite Leadership Forum in Mechanical Engineering,Silverline Summer College,synthetic_generated,,mechanical engineering,robotics;civil engineering,mechanical engineering;robotics;civil engineering,career exploration;skill development;hands-on projects,low cost only,hybrid,anywhere in the U.S.,Boulder,Colorado,Mountain,competitive,4 to 8 weeks,8,summer,9,12,project guidance,1800,need-based aid,optional,"Designed for motivated teens, this program combines mechanical engineering content with career exploration and skill development.",mechanical engineering;robotics;civil engineering;career exploration;skill development,strong,3.5-3.79,Advanced coursework preferred (honors/AP/IB or strong equivalent),Some prior exposure or self-directed projects helpful,moderately high,No strict prerequisite; demonstrated interest improves fit
SYN-0634,Aurora Youth Research Institute Pioneer Explorers Program in Economics,Aurora Youth Research Institute,synthetic_generated,,economics,finance;political science,economics;finance;political science,career exploration;academic challenge;leadership development,not a major concern,mostly online,South,Houston,Texas,South,balanced,1 to 2 weeks,2,summer,9,12,independent exploration,9200,merit scholarships,optional,"Designed for motivated teens, this program combines economics content with career exploration and academic challenge.",economics;finance;political science;career exploration;academic challenge,solid,3.2-3.49,Relevant introductory coursework or strong extracurricular exposure helpful,No formal experience required; beginner exposure helpful,moderate,"Quantitative comfort, initiative, or leadership/project experience helpful"
REAL-0051,NSLC Law & Advocacy - University of Michigan,National Student Leadership Conference,real_sourced,https://www.nslcleaders.org/summer-program-locations/michigan-high-school-summer-programs/,law,political science;history;journalism,law;political science;history;journalism,career exploration;leadership development;academic challenge,moderate cost is okay,in-person only,Midwest,Ann Arbor,Michigan,Midwest,balanced,1 to 2 weeks,1.3,summer,9,12,peer community,4195,scholarships available,yes,Residential NSLC pre-college program in law & advocacy hosted on the University of Michigan campus.,law;political science;history;journalism;career exploration;leadership development,solid,3.2-3.49,Introductory coursework or demonstrated interest helpful,No formal experience required; beginner exposure helpful,moderate,No strict prerequisite; demonstrated interest improves fit
SYN-0148,Vertex Learning Center Applied Bootcamp in Education,Vertex Learning Center,synthetic_generated,,education,leadership;social impact,education;leadership;social impact,leadership development;career exploration;college preparation,strongly prefer free,mostly online,South,Houston,Texas,South,balanced,1 to 2 weeks,2,summer,9,12,student mentorship,750,limited,optional,This summer program helps high school students explore education through leadership development and career exploration.,education;leadership;social impact;leadership development;career exploration,solid,3.2-3.49,Introductory coursework or demonstrated interest helpful,No formal experience required; beginner exposure helpful,moderate,No strict prerequisite; demonstrated interest improves fit
SYN-0318,Orbit Learning Institute Global Immersion in Artificial Intelligence,Orbit Learning Institute,synthetic_generated,,artificial intelligence,machine learning;computer science,artificial intelligence;machine learning;computer science,skill development;research experience;hands-on projects,low cost only,in-person only,East Coast,New York,New York,East Coast,competitive,4 to 8 weeks,6,summer,9,12,small class size,1500,limited,yes,"A 4 to 8 weeks pre-college experience focused on artificial intelligence, blending skill development with research experience.",artificial intelligence;machine learning;computer science;skill development;research experience,strong,3.5-3.79,Advanced coursework preferred (honors/AP/IB or strong equivalent),Some prior exposure or self-directed projects helpful,moderately high,Math/programming familiarity helpful; projects or coding exposure useful
SYN-0820,Coastal Edge Institute Foundations Research Lab in Cybersecurity,Coastal Edge Institute,synthetic_generated,,cybersecurity,computer science;law,cybersecurity;computer science;law;software engineering,skill development;career exploration;leadership development,strongly prefer free,mostly online,East Coast,Washington,District of Columbia,East Coast,competitive,1 to 2 weeks,1,summer,9,12,small class size,500,yes,optional,"Designed for motivated teens, this program combines cybersecurity content with skill development and career exploration.",cybersecurity;computer science;law;skill development;career exploration,strong,3.5-3.79,Advanced coursework preferred (honors/AP/IB or strong equivalent),Some prior exposure or self-directed projects helpful,moderately high,Math/programming familiarity helpful; projects or coding exposure useful
SYN-0110,Granite Point Institute Global Research Lab in Economics,Granite Point Institute,synthetic_generated,,economics,finance;political science,economics;finance;political science,career exploration;networking;leadership development,strongly prefer free,in-person only,East Coast,Providence,Rhode Island,East Coast,balanced,2 to 4 weeks,4,summer,9,12,small class size,750,yes,yes,"A 2 to 4 weeks pre-college experience focused on economics, blending career exploration with networking.",economics;finance;political science;career exploration;networking,solid,3.2-3.49,Relevant introductory coursework or strong extracurricular exposure helpful,No formal experience required; beginner exposure helpful,moderate,"Quantitative comfort, initiative, or leadership/project experience helpful"
SYN-0084,Cobalt Ridge University Honors Scholars Program in Design,Cobalt Ridge University,synthetic_generated,,design,graphic design;entrepreneurship,design;graphic design;entrepreneurship,portfolio building;skill development;career exploration,cost matters but flexible,mostly online,Midwest,Madison,Wisconsin,Midwest,balanced,1 to 2 weeks,2,summer,9,12,project guidance,8400,limited,optional,"Designed for motivated teens, this program combines design content with portfolio building and skill development.",design;graphic design;entrepreneurship;portfolio building;skill development,solid,3.2-3.49,Foundational coursework or portfolio-building experience helpful,No formal experience required; beginner exposure helpful,moderate,"Portfolio, writing samples, or prior creative work may strengthen fit"
SYN-0356,Cedar Grove Scholars Applied Explorers Program in Environmental Science,Cedar Grove Scholars,synthetic_generated,,environmental science,sustainability;biology,environmental science;sustainability;biology,career exploration;hands-on projects;research experience,moderate cost is okay,mostly online,West Coast,San Diego,California,West Coast,competitive,1 to 2 weeks,2,summer,9,12,research mentorship,4500,no,optional,This summer program helps high school students explore environmental science through career exploration and hands-on projects.,environmental science;sustainability;biology;career exploration;hands-on projects,strong,3.5-3.79,Advanced coursework preferred (honors/AP/IB or strong equivalent),Some prior exposure or self-directed projects helpful,moderately high,No strict prerequisite; demonstrated interest improves fit
SYN-0898,Vertex Learning Center Elite Summer Academy in Biology,Vertex Learning Center,synthetic_generated,,biology,chemistry;research,biology;chemistry;research;biochemistry,academic challenge;research experience;hands-on projects,not a major concern,either,Midwest,Ann Arbor,Michigan,Midwest,open enrollment,1 to 2 weeks,1,summer,9,12,project guidance,11800,yes,optional,This summer program helps high school students explore biology through academic challenge and research experience.,biology;chemistry;research;academic challenge;research experience,accessible,No formal minimum / 2.5+ preferred,Introductory coursework helpful but not required,Open to beginners; no prior experience required,accessible,No strict prerequisite; demonstrated interest improves fit
SYN-0085,Urban Horizon Institute Open Door College Prep Seminar in Game Development,Urban Horizon Institute,synthetic_generated,,game development,computer science;design,game development;computer science;design;software engineering,hands-on projects;skill development;meeting like-minded students,cost matters but flexible,in-person only,Midwest,Chicago,Illinois,Midwest,balanced,1 to 2 weeks,1,summer,8,12,small class size,8400,limited,yes,"Designed for motivated teens, this program combines game development content with hands-on projects and skill development.",game development;computer science;design;hands-on projects;skill development,solid,3.2-3.49,Foundational coursework helpful but not required,No formal experience required; beginner exposure helpful,moderate,No strict prerequisite; demonstrated interest improves fit
SYN-0912,Maple Bridge Academy Pioneer Leadership Forum in Biomedical Engineering,Maple Bridge Academy,synthetic_generated,,biomedical engineering,medicine;mechanical engineering,biomedical engineering;medicine;mechanical engineering;biology,career exploration;research experience;medical exposure,strongly prefer free,in-person only,West Coast,Seattle,Washington,West Coast,competitive,1 to 2 weeks,2,summer,10,12,project guidance,750,limited,yes,Students build confidence in biomedical engineering while developing transferable skills through career exploration and research experience.,biomedical engineering;medicine;mechanical engineering;career exploration;research experience,strong,3.5-3.79,Advanced coursework preferred (honors/AP/IB or strong equivalent),Some prior exposure or self-directed projects helpful,moderately high,No strict prerequisite; demonstrated interest improves fit
SYN-0016,Skyline Discovery Institute Applied Innovation Studio in Psychology,Skyline Discovery Institute,synthetic_generated,,psychology,neuroscience;public health,psychology;neuroscience;public health;biology,research experience;major exploration;academic challenge,moderate cost is okay,mostly in-person,international,Oxford,England,International,balanced,2 to 4 weeks,3,summer,9,12,faculty mentorship,3200,limited,yes,Students build confidence in psychology while developing transferable skills through research experience and major exploration.,psychology;neuroscience;public health;research experience;major exploration,solid,3.2-3.49,Introductory coursework or demonstrated interest helpful,No formal experience required; beginner exposure helpful,moderate,No strict prerequisite; demonstrated interest improves fit
SYN-0712,Pacific Crest College Prep Foundations Scholars Program in Statistics,Pacific Crest College Prep,synthetic_generated,,statistics,mathematics;data science,statistics;mathematics;data science,college preparation;academic challenge;career exploration,cost matters but flexible,mostly online,West Coast,San Francisco,California,West Coast,balanced,1 to 2 weeks,2,winter,9,12,peer community,6100,no,optional,This winter program helps high school students explore statistics through college preparation and academic challenge.,statistics;mathematics;data science;college preparation;academic challenge,solid,3.2-3.49,Introductory coursework helpful but not required,No formal experience required; beginner exposure helpful,moderate,No strict prerequisite; demonstrated interest improves fit
SYN-0239,Brightwater Institute Honors College Prep Seminar in Research,Brightwater Institute,synthetic_generated,,research,biology;computer science,research;biology;computer science;chemistry,mentorship;academic challenge;college preparation,not a major concern,either,South,Nashville,Tennessee,South,competitive,1 to 2 weeks,1,summer,10,12,peer community,11800,limited,optional,"Designed for motivated teens, this program combines research content with mentorship and academic challenge.",research;biology;computer science;mentorship;academic challenge,strong,3.5-3.79,Foundational coursework helpful but not required,Some prior exposure helpful,moderately high,No strict prerequisite; demonstrated interest improves fit
SYN-0932,Blue Mesa Scholars Academy Honors Explorers Program in Graphic Design,Blue Mesa Scholars Academy,synthetic_generated,,graphic design,design;marketing,graphic design;design;marketing,hands-on projects;skill development;career exploration,moderate cost is okay,in-person only,South,Atlanta,Georgia,South,less competitive,4 to 8 weeks,8,fall,9,12,small class size,4500,need-based aid,yes,This fall program helps high school students explore graphic design through hands-on projects and skill development.,graphic design;design;marketing;hands-on projects;skill development,average,3.0-3.19,Foundational coursework or portfolio-building experience helpful,Beginner friendly; no prior experience required,moderate-low,"Portfolio, writing samples, or prior creative work may strengthen fit"
SYN-0462,Maple Bridge Academy Advanced Innovation Studio in Biomedical Engineering,Maple Bridge Academy,synthetic_generated,,biomedical engineering,medicine;mechanical engineering,biomedical engineering;medicine;mechanical engineering;biology,medical exposure;hands-on projects;research experience,must be free,mostly in-person,Midwest,Madison,Wisconsin,Midwest,balanced,2 to 4 weeks,3,summer,10,12,research mentorship,0,merit scholarships,yes,This summer program helps high school students explore biomedical engineering through medical exposure and hands-on projects.,biomedical engineering;medicine;mechanical engineering;medical exposure;hands-on projects,solid,3.2-3.49,Introductory coursework helpful but not required,No formal experience required; beginner exposure helpful,moderate,No strict prerequisite; demonstrated interest improves fit
SYN-0711,Helix Summer Scholars Applied Bootcamp in Finance,Helix Summer Scholars,synthetic_generated,,finance,economics;business,finance;economics;business,career exploration;academic challenge;networking,moderate cost is okay,in-person only,East Coast,Providence,Rhode Island,East Coast,open enrollment,1 to 2 weeks,1,summer,9,12,peer community,2800,merit scholarships,yes,"A 1 to 2 weeks pre-college experience focused on finance, blending career exploration with academic challenge.",finance;economics;business;career exploration;academic challenge,accessible,No formal minimum / 2.5+ preferred,Relevant introductory coursework or strong extracurricular exposure helpful,Open to beginners; no prior experience required,accessible,"Quantitative comfort, initiative, or leadership/project experience helpful"
SYN-0168,Orbit Learning Institute Elite College Prep Seminar in Design,Orbit Learning Institute,synthetic_generated,,design,graphic design;entrepreneurship,design;graphic design;entrepreneurship,career exploration;portfolio building;hands-on projects,strongly prefer free,online only,remote only,Remote,Remote,Remote,balanced,4 to 8 weeks,6,summer,9,12,career guidance,750,limited,no,This summer program helps high school students explore design through career exploration and portfolio building.,design;graphic design;entrepreneurship;career exploration;portfolio building,solid,3.2-3.49,Foundational coursework or portfolio-building experience helpful,No formal experience required; beginner exposure helpful,moderate,"Portfolio, writing samples, or prior creative work may strengthen fit"
SYN-0562,Pacific Crest College Prep Young Innovators Research Lab in Cybersecurity,Pacific Crest College Prep,synthetic_generated,,cybersecurity,computer science;law,cybersecurity;computer science;law;software engineering,career exploration;hands-on projects;leadership development,moderate cost is okay,online only,remote only,Remote,Remote,Remote,competitive,2 to 4 weeks,3,summer,9,12,career guidance,4500,limited,no,This summer program helps high school students explore cybersecurity through career exploration and hands-on projects.,cybersecurity;computer science;law;career exploration;hands-on projects,strong,3.5-3.79,Advanced coursework preferred (honors/AP/IB or strong equivalent),Some prior exposure or self-directed projects helpful,moderately high,Math/programming familiarity helpful; projects or coding exposure useful
SYN-0737,Lighthouse Prep Academy Global College Prep Seminar in Biochemistry,Lighthouse Prep Academy,synthetic_generated,,biochemistry,chemistry;biology,biochemistry;chemistry;biology,research experience;career exploration;academic challenge,cost matters but flexible,mostly in-person,East Coast,New York,New York,East Coast,balanced,1 to 2 weeks,1,summer,9,12,independent exploration,8400,limited,yes,"Designed for motivated teens, this program combines biochemistry content with research experience and career exploration.",biochemistry;chemistry;biology;research experience;career exploration,solid,3.2-3.49,Introductory coursework helpful but not required,No formal experience required; beginner exposure helpful,moderate,No strict prerequisite; demonstrated interest improves fit
SYN-0498,Orbit Learning Institute Frontier Innovation Studio in Veterinary Medicine,Orbit Learning Institute,synthetic_generated,,veterinary medicine,biology;medicine,veterinary medicine;biology;medicine;chemistry,career exploration;research experience;hands-on projects,must be free,in-person only,Midwest,Madison,Wisconsin,Midwest,balanced,2 to 4 weeks,3,summer,9,12,independent exploration,0,no,yes,"Designed for motivated teens, this program combines veterinary medicine content with career exploration and research experience.",veterinary medicine;biology;medicine;career exploration;research experience,solid,3.2-3.49,Foundational coursework helpful but not required,No formal experience required; beginner exposure helpful,moderate,No strict prerequisite; demonstrated interest improves fit
SYN-0446,Cedar Grove Scholars Advanced Innovation Studio in Economics,Cedar Grove Scholars,synthetic_generated,,economics,finance;political science,economics;finance;political science,leadership development;career exploration;academic challenge,cost matters but flexible,online only,remote only,Remote,Remote,Remote,less competitive,4 to 8 weeks,6,summer,9,12,application guidance,6100,limited,no,Students build confidence in economics while developing transferable skills through leadership development and career exploration.,economics;finance;political science;leadership development;career exploration,average,3.0-3.19,Relevant introductory coursework or strong extracurricular exposure helpful,Beginner friendly; no prior experience required,moderate-low,"Quantitative comfort, initiative, or leadership/project experience helpful"
SYN-0777,Mosaic Futures Academy Pioneer Bootcamp in Neuroscience,Mosaic Futures Academy,synthetic_generated,,neuroscience,biology;psychology,neuroscience;biology;psychology;chemistry,major exploration;research experience;career exploration,low cost only,hybrid,East Coast,Boston,Massachusetts,East Coast,less competitive,4 to 8 weeks,6,summer,9,12,application guidance,1200,limited,optional,Students build confidence in neuroscience while developing transferable skills through major exploration and research experience.,neuroscience;biology;psychology;major exploration;research experience,average,3.0-3.19,Introductory coursework helpful but not required,Beginner friendly; no prior experience required,moderate-low,No strict prerequisite; demonstrated interest improves fit
SYN-0431,Evergreen Future Lab Frontier Leadership Forum in Creative Writing,Evergreen Future Lab,synthetic_generated,,creative writing,journalism;history,creative writing;journalism;history,meeting like-minded students;skill development;college preparation,must be free,mostly in-person,East Coast,New York,New York,East Coast,less competitive,4 to 8 weeks,8,summer,9,12,faculty mentorship,0,yes,yes,"A 4 to 8 weeks pre-college experience focused on creative writing, blending meeting like-minded students with skill development.",creative writing;journalism;history;meeting like-minded students;skill development,average,3.0-3.19,Foundational coursework or portfolio-building experience helpful,Beginner friendly; no prior experience required,moderate-low,"Portfolio, writing samples, or prior creative work may strengthen fit"
SYN-0056,Cedar Grove Scholars Elite Scholars Program in Dentistry,Cedar Grove Scholars,synthetic_generated,,dentistry,medicine;biology,dentistry;medicine;biology,career exploration;skill development;medical exposure,moderate cost is okay,hybrid,West Coast,Seattle,Washington,West Coast,balanced,1 to 2 weeks,1,summer,10,12,career guidance,3800,yes,optional,"A 1 to 2 weeks pre-college experience focused on dentistry, blending career exploration with skill development.",dentistry;medicine;biology;career exploration;skill development,solid,3.2-3.49,Foundational coursework helpful but not required,No formal experience required; beginner exposure helpful,moderate,No strict prerequisite; demonstrated interest improves fit
SYN-0414,Cobalt Ridge University Open Door Summer Academy in History,Cobalt Ridge University,synthetic_generated,,history,political science;philosophy,history;political science;philosophy;international relations,academic challenge;leadership development;major exploration,cost matters but flexible,in-person only,international,Toronto,Canada,International,balanced,4 to 8 weeks,6,summer,9,12,research mentorship,5200,merit scholarships,yes,Students build confidence in history while developing transferable skills through academic challenge and leadership development.,history;political science;philosophy;academic challenge;leadership development,solid,3.2-3.49,Introductory coursework or demonstrated interest helpful,No formal experience required; beginner exposure helpful,moderate,No strict prerequisite; demonstrated interest improves fit
SYN-0081,Helix Summer Scholars Honors Summer Academy in Mechanical Engineering,Helix Summer Scholars,synthetic_generated,,mechanical engineering,robotics;civil engineering,mechanical engineering;robotics;civil engineering,academic challenge;career exploration;hands-on projects,cost matters but flexible,hybrid,South,Miami,Florida,South,less competitive,1 to 2 weeks,2,winter,9,12,project guidance,7200,need-based aid,optional,This winter program helps high school students explore mechanical engineering through academic challenge and career exploration.,mechanical engineering;robotics;civil engineering;academic challenge;career exploration,average,3.0-3.19,Introductory coursework helpful but not required,Beginner friendly; no prior experience required,moderate-low,No strict prerequisite; demonstrated interest improves fit
REAL-0030,Pre-College Program,Harvard Summer School,real_sourced,https://summer.harvard.edu/high-school-programs/pre-college-program/,interdisciplinary,education;college preparation;leadership,interdisciplinary;education;college preparation;leadership,college preparation;major exploration;meeting like-minded students,cost matters but flexible,in-person only,East Coast,Cambridge,Massachusetts,East Coast,very competitive,1 to 2 weeks,2,summer,9,12,peer community,6100,limited,yes,Two-week non-credit residential program offering college-level learning and campus life.,interdisciplinary;education;college preparation;leadership;college preparation;major exploration,exceptional,3.8+,Foundational coursework helpful but not required,Demonstrated sustained interest and prior exposure preferred,high,No strict prerequisite; demonstrated interest improves fit
SYN-0847,Riverview Innovation Lab Foundations Innovation Studio in Cybersecurity,Riverview Innovation Lab,synthetic_generated,,cybersecurity,computer science;law,cybersecurity;computer science;law;software engineering,skill development;hands-on projects;career exploration,strongly prefer free,mostly online,South,Nashville,Tennessee,South,less competitive,1 to 2 weeks,2,summer,9,12,project guidance,750,yes,optional,This summer program helps high school students explore cybersecurity through skill development and hands-on projects.,cybersecurity;computer science;law;skill development;hands-on projects,average,3.0-3.19,Introductory coursework helpful but not required,Beginner friendly; no prior experience required,moderate-low,Math/programming familiarity helpful; projects or coding exposure useful
SYN-0058,Vertex Learning Center Elite Scholars Program in Philosophy,Vertex Learning Center,synthetic_generated,,philosophy,history;law,philosophy;history;law;political science,college preparation;academic challenge;meeting like-minded students,strongly prefer free,online only,remote only,Remote,Remote,Remote,very competitive,2 to 4 weeks,4,summer,9,12,project guidance,750,need-based aid,no,"Designed for motivated teens, this program combines philosophy content with college preparation and academic challenge.",philosophy;history;law;college preparation;academic challenge,exceptional,3.8+,Introductory coursework or demonstrated interest helpful,Demonstrated sustained interest and prior exposure preferred,high,No strict prerequisite; demonstrated interest improves fit
SYN-0542,Blue Mesa Scholars Academy Honors Research Lab in Social Impact,Blue Mesa Scholars Academy,synthetic_generated,,social impact,leadership;public health,social impact;leadership;public health,career exploration;social impact;leadership development,not a major concern,mostly in-person,Midwest,Madison,Wisconsin,Midwest,competitive,4 to 8 weeks,8,summer,9,12,small class size,10500,yes,yes,"A 4 to 8 weeks pre-college experience focused on social impact, blending career exploration with social impact.",social impact;leadership;public health;career exploration;social impact,strong,3.5-3.79,Introductory coursework or demonstrated interest helpful,Some prior exposure helpful,moderately high,No strict prerequisite; demonstrated interest improves fit
REAL-0062,NSLC Engineering - Duke University,National Student Leadership Conference,real_sourced,https://www.nslcleaders.org/summer-program-locations/raleigh-durham-high-school-programs/,mechanical engineering,robotics;civil engineering;physics,mechanical engineering;robotics;civil engineering;physics,hands-on projects;skill development;career exploration,moderate cost is okay,in-person only,East Coast,Durham,North Carolina,East Coast,balanced,1 to 2 weeks,1.3,summer,9,12,peer community,4295,scholarships available,yes,Residential NSLC pre-college program in engineering hosted on the Duke campus.,mechanical engineering;robotics;civil engineering;physics;hands-on projects;skill development,solid,3.2-3.49,Introductory coursework helpful but not required,No formal experience required; beginner exposure helpful,moderate,No strict prerequisite; demonstrated interest improves fit
SYN-0808,Vertex Learning Center Young Innovators Workshop Series in Biomedical Engineering,Vertex Learning Center,synthetic_generated,,biomedical engineering,medicine;mechanical engineering,biomedical engineering;medicine;mechanical engineering;biology,research experience;hands-on projects;medical exposure,strongly prefer free,either,international,Toronto,Canada,International,balanced,1 to 2 weeks,1,summer,10,12,application guidance,350,no,optional,"Designed for motivated teens, this program combines biomedical engineering content with research experience and hands-on projects.",biomedical engineering;medicine;mechanical engineering;research experience;hands-on projects,solid,3.2-3.49,Introductory coursework helpful but not required,No formal experience required; beginner exposure helpful,moderate,No strict prerequisite; demonstrated interest improves fit
SYN-0509,Brightwater Institute Honors Leadership Forum in Education,Brightwater Institute,synthetic_generated,,education,leadership;social impact,education;leadership;social impact,college preparation;career exploration;social impact,not a major concern,hybrid,Midwest,Madison,Wisconsin,Midwest,competitive,1 to 2 weeks,1,summer,9,12,peer community,10500,yes,optional,"Designed for motivated teens, this program combines education content with college preparation and career exploration.",education;leadership;social impact;college preparation;career exploration,strong,3.5-3.79,Introductory coursework or demonstrated interest helpful,Some prior exposure helpful,moderately high,No strict prerequisite; demonstrated interest improves fit
REAL-0006,Foreign Policy Academy,Georgetown University,real_sourced,https://summer.georgetown.edu/pre-college-programs/academies/academy-finder/,international relations,political science;law;leadership,international relations;political science;law;leadership,leadership development;career exploration;networking,not a major concern,in-person only,East Coast,Washington,District of Columbia,East Coast,competitive,2 to 4 weeks,3,summer,8,12,faculty mentorship,9085,limited,yes,Three-week foreign policy academy emphasizing diplomacy and global affairs.,international relations;political science;law;leadership;leadership development;career exploration,strong,3.5-3.79,Introductory coursework or demonstrated interest helpful,Some prior exposure helpful,moderately high,No strict prerequisite; demonstrated interest improves fit
SYN-0863,Sagebrook Academy Frontier Immersion in Pre-Med,Sagebrook Academy,synthetic_generated,,pre-med,medicine;biology,pre-med;medicine;biology,college preparation;resume building;medical exposure,cost matters but flexible,mostly online,East Coast,Pittsburgh,Pennsylvania,East Coast,balanced,1 to 2 weeks,2,summer,9,12,project guidance,6100,no,optional,This summer program helps high school students explore pre-med through college preparation and resume building.,pre-med;medicine;biology;college preparation;resume building,solid,3.2-3.49,Introductory coursework helpful but not required,No formal experience required; beginner exposure helpful,moderate,Biology/chemistry exposure helpful; healthcare interest expected
SYN-0576,Catalyst Pre-College Center Pioneer Innovation Studio in Economics,Catalyst Pre-College Center,synthetic_generated,,economics,finance;political science,economics;finance;political science,career exploration;leadership development;networking,not a major concern,either,West Coast,Los Angeles,California,West Coast,open enrollment,1 to 2 weeks,2,summer,9,12,faculty mentorship,10500,no,optional,This summer program helps high school students explore economics through career exploration and leadership development.,economics;finance;political science;career exploration;leadership development,accessible,No formal minimum / 2.5+ preferred,Relevant introductory coursework or strong extracurricular exposure helpful,Open to beginners; no prior experience required,accessible,"Quantitative comfort, initiative, or leadership/project experience helpful"
SYN-0376,Skyline Discovery Institute Frontier Workshop Series in Nursing,Skyline Discovery Institute,synthetic_generated,,nursing,medicine;public health,nursing;medicine;public health;biology,leadership development;hands-on projects;career exploration,moderate cost is okay,mostly in-person,West Coast,Los Angeles,California,West Coast,open enrollment,1 to 2 weeks,2,summer,9,12,independent exploration,2800,yes,yes,This summer program helps high school students explore nursing through leadership development and hands-on projects.,nursing;medicine;public health;leadership development;hands-on projects,accessible,No formal minimum / 2.5+ preferred,Introductory coursework helpful but not required,Open to beginners; no prior experience required,accessible,Biology/chemistry exposure helpful; healthcare interest expected
SYN-0666,Catalyst Pre-College Center Applied Scholars Program in Medicine,Catalyst Pre-College Center,synthetic_generated,,medicine,biology;public health,medicine;biology;public health;chemistry,medical exposure;college preparation;hands-on projects,must be free,mostly in-person,East Coast,Philadelphia,Pennsylvania,East Coast,less competitive,1 to 2 weeks,2,summer,9,12,faculty mentorship,0,yes,yes,"A 1 to 2 weeks pre-college experience focused on medicine, blending medical exposure with college preparation.",medicine;biology;public health;medical exposure;college preparation,average,3.0-3.19,Introductory coursework helpful but not required,Beginner friendly; no prior experience required,moderate-low,Biology/chemistry exposure helpful; healthcare interest expected
SYN-0130,Coastal Edge Institute Honors Innovation Studio in Biotechnology,Coastal Edge Institute,synthetic_generated,,biotechnology,biology;chemistry,biotechnology;biology;chemistry,skill development;hands-on projects;research experience,low cost only,in-person only,Midwest,Ann Arbor,Michigan,Midwest,very competitive,1 to 2 weeks,1,summer,9,12,research mentorship,2200,merit scholarships,yes,"A 1 to 2 weeks pre-college experience focused on biotechnology, blending skill development with hands-on projects.",biotechnology;biology;chemistry;skill development;hands-on projects,exceptional,3.8+,Advanced coursework preferred (honors/AP/IB or strong equivalent),"Some prior projects, research, competitions, or advanced exposure preferred",high,No strict prerequisite; demonstrated interest improves fit
SYN-0689,Brightwater Institute Frontier Summer Academy in Game Development,Brightwater Institute,synthetic_generated,,game development,computer science;design,game development;computer science;design;software engineering,meeting like-minded students;portfolio building;skill development,must be free,hybrid,East Coast,Philadelphia,Pennsylvania,East Coast,less competitive,4 to 8 weeks,8,summer,8,12,project guidance,0,no,optional,Students build confidence in game development while developing transferable skills through meeting like-minded students and portfolio building.,game development;computer science;design;meeting like-minded students;portfolio building,average,3.0-3.19,Foundational coursework helpful but not required,Beginner friendly; no prior experience required,moderate-low,No strict prerequisite; demonstrated interest improves fit
SYN-0563,Sagebrook Academy Pioneer Bootcamp in Computer Science,Sagebrook Academy,synthetic_generated,,computer science,software engineering;artificial intelligence,computer science;software engineering;artificial intelligence,hands-on projects;portfolio building;career exploration,strongly prefer free,mostly online,East Coast,Pittsburgh,Pennsylvania,East Coast,less competitive,1 to 2 weeks,1,summer,9,12,small class size,350,limited,optional,"A 1 to 2 weeks pre-college experience focused on computer science, blending hands-on projects with portfolio building.",computer science;software engineering;artificial intelligence;hands-on projects;portfolio building,average,3.0-3.19,Introductory coursework helpful but not required,Beginner friendly; no prior experience required,moderate-low,Math/programming familiarity helpful; projects or coding exposure useful
SYN-0508,Vertex Learning Center Discovery Explorers Program in Neuroscience,Vertex Learning Center,synthetic_generated,,neuroscience,biology;psychology,neuroscience;biology;psychology;chemistry,research experience;major exploration;academic challenge,not a major concern,in-person only,East Coast,Baltimore,Maryland,East Coast,balanced,1 to 2 weeks,1,summer,9,12,career guidance,13500,need-based aid,yes,"A 1 to 2 weeks pre-college experience focused on neuroscience, blending research experience with major exploration.",neuroscience;biology;psychology;research experience;major exploration,solid,3.2-3.49,Introductory coursework helpful but not required,No formal experience required; beginner exposure helpful,moderate,No strict prerequisite; demonstrated interest improves fit
REAL-0018,Law Academy,Georgetown University,real_sourced,https://summer.georgetown.edu/pre-college-programs/academies/academy-finder/,law,political science;history;leadership,law;political science;history;leadership,career exploration;leadership development;academic challenge,moderate cost is okay,in-person only,East Coast,Washington,District of Columbia,East Coast,competitive,1 to 2 weeks,1,summer,8,12,faculty mentorship,3725,limited,yes,"One-week law academy exploring legal reasoning, advocacy, and public policy.",law;political science;history;leadership;career exploration;leadership development,strong,3.5-3.79,Introductory coursework or demonstrated interest helpful,Some prior exposure helpful,moderately high,No strict prerequisite; demonstrated interest improves fit
SYN-0679,Bridgewater Youth Academy Young Innovators Innovation Studio in Arts,Bridgewater Youth Academy,synthetic_generated,,arts,design;film,arts;design;film;graphic design,hands-on projects;portfolio building;skill development,moderate cost is okay,mostly online,East Coast,Pittsburgh,Pennsylvania,East Coast,balanced,2 to 4 weeks,4,summer,8,12,research mentorship,3800,limited,optional,"A 2 to 4 weeks pre-college experience focused on arts, blending hands-on projects with portfolio building.",arts;design;film;hands-on projects;portfolio building,solid,3.2-3.49,Foundational coursework or portfolio-building experience helpful,No formal experience required; beginner exposure helpful,moderate,"Portfolio, writing samples, or prior creative work may strengthen fit"
SYN-0851,Evergreen Future Lab Pioneer College Prep Seminar in Fashion Design,Evergreen Future Lab,synthetic_generated,,fashion design,design;arts,fashion design;design;arts;graphic design,hands-on projects;networking;portfolio building,must be free,hybrid,South,Nashville,Tennessee,South,less competitive,4 to 8 weeks,6,summer,8,12,peer community,0,yes,optional,"Designed for motivated teens, this program combines fashion design content with hands-on projects and networking.",fashion design;design;arts;hands-on projects;networking,average,3.0-3.19,Foundational coursework helpful but not required,Beginner friendly; no prior experience required,moderate-low,No strict prerequisite; demonstrated interest improves fit
SYN-0447,Mosaic Futures Academy Discovery Scholars Program in Economics,Mosaic Futures Academy,synthetic_generated,,economics,finance;political science,economics;finance;political science,career exploration;academic challenge;leadership development,moderate cost is okay,hybrid,West Coast,San Diego,California,West Coast,very competitive,1 to 2 weeks,1,summer,9,12,faculty mentorship,3200,no,optional,This summer program helps high school students explore economics through career exploration and academic challenge.,economics;finance;political science;career exploration;academic challenge,exceptional,3.8+,Relevant introductory coursework or strong extracurricular exposure helpful,Demonstrated sustained interest and prior exposure preferred,high,"Quantitative comfort, initiative, or leadership/project experience helpful"
SYN-0510,Compass Youth University Discovery Leadership Forum in Education,Compass Youth University,synthetic_generated,,education,leadership;social impact,education;leadership;social impact,social impact;leadership development;career exploration,strongly prefer free,in-person only,East Coast,New York,New York,East Coast,balanced,4 to 8 weeks,6,winter,9,12,student mentorship,750,yes,yes,"A 4 to 8 weeks pre-college experience focused on education, blending social impact with leadership development.",education;leadership;social impact;social impact;leadership development,solid,3.2-3.49,Introductory coursework or demonstrated interest helpful,No formal experience required; beginner exposure helpful,moderate,No strict prerequisite; demonstrated interest improves fit
SYN-0075,Meridian Scholars Collective Young Innovators Pre-College Institute for Robotics,Meridian Scholars Collective,synthetic_generated,,robotics,mechanical engineering;electrical engineering,robotics;mechanical engineering;electrical engineering,career exploration;skill development;academic challenge,not a major concern,in-person only,Midwest,Madison,Wisconsin,Midwest,competitive,4 to 8 weeks,8,summer,9,12,project guidance,11800,need-based aid,yes,"A 4 to 8 weeks pre-college experience focused on robotics, blending career exploration with skill development.",robotics;mechanical engineering;electrical engineering;career exploration;skill development,strong,3.5-3.79,Advanced coursework preferred (honors/AP/IB or strong equivalent),Some prior exposure or self-directed projects helpful,moderately high,Math/programming familiarity helpful; projects or coding exposure useful
SYN-0128,Crescent Peak University Foundations Innovation Studio in Mechanical Engineering,Crescent Peak University,synthetic_generated,,mechanical engineering,robotics;civil engineering,mechanical engineering;robotics;civil engineering,hands-on projects;academic challenge;career exploration,not a major concern,mostly in-person,West Coast,Los Angeles,California,West Coast,balanced,2 to 4 weeks,4,summer,9,12,career guidance,13500,need-based aid,yes,This summer program helps high school students explore mechanical engineering through hands-on projects and academic challenge.,mechanical engineering;robotics;civil engineering;hands-on projects;academic challenge,solid,3.2-3.49,Introductory coursework helpful but not required,No formal experience required; beginner exposure helpful,moderate,No strict prerequisite; demonstrated interest improves fit
REAL-0005,Global Business Academy,Georgetown University,real_sourced,https://summer.georgetown.edu/programs/SHS03/global-business-academy/,business,finance;entrepreneurship;marketing,business;finance;entrepreneurship;marketing,leadership development;networking;career exploration,not a major concern,in-person only,East Coast,Washington,District of Columbia,East Coast,competitive,2 to 4 weeks,3,summer,8,12,career guidance,9085,limited,yes,Three-week business academy linked to Georgetown's McDonough School of Business.,business;finance;entrepreneurship;marketing;leadership development;networking,strong,3.5-3.79,Relevant introductory coursework or strong extracurricular exposure helpful,Some prior exposure helpful,moderately high,"Quantitative comfort, initiative, or leadership/project experience helpful"
SYN-0380,Granite Point Institute Advanced Summer Academy in Electrical Engineering,Granite Point Institute,synthetic_generated,,electrical engineering,physics;robotics,electrical engineering;physics;robotics;mathematics,academic challenge;hands-on projects;career exploration,not a major concern,mostly online,West Coast,Los Angeles,California,West Coast,less competitive,1 to 2 weeks,2,summer,9,12,faculty mentorship,13500,no,optional,"A 1 to 2 weeks pre-college experience focused on electrical engineering, blending academic challenge with hands-on projects.",electrical engineering;physics;robotics;academic challenge;hands-on projects,average,3.0-3.19,Introductory coursework helpful but not required,Beginner friendly; no prior experience required,moderate-low,No strict prerequisite; demonstrated interest improves fit
REAL-0021,Creative Writing Academy,Georgetown University,real_sourced,https://summer.georgetown.edu/pre-college-programs/academies/academy-finder/,creative writing,journalism;history;arts,creative writing;journalism;history;arts,portfolio building;skill development;meeting like-minded students,moderate cost is okay,in-person only,East Coast,Washington,District of Columbia,East Coast,balanced,1 to 2 weeks,1,summer,8,12,student mentorship,3725,limited,yes,One-week academy for aspiring writers building craft and voice.,creative writing;journalism;history;arts;portfolio building;skill development,solid,3.2-3.49,Foundational coursework or portfolio-building experience helpful,No formal experience required; beginner exposure helpful,moderate,"Portfolio, writing samples, or prior creative work may strengthen fit"
SYN-0150,Compass Youth University Elite Workshop Series in Neuroscience,Compass Youth University,synthetic_generated,,neuroscience,biology;psychology,neuroscience;biology;psychology;chemistry,major exploration;academic challenge;research experience,cost matters but flexible,in-person only,South,Austin,Texas,South,balanced,1 to 2 weeks,1,summer,9,12,peer community,7200,limited,yes,Students build confidence in neuroscience while developing transferable skills through major exploration and academic challenge.,neuroscience;biology;psychology;major exploration;academic challenge,solid,3.2-3.49,Introductory coursework helpful but not required,No formal experience required; beginner exposure helpful,moderate,No strict prerequisite; demonstrated interest improves fit
SYN-0001,Northstar Future Institute Frontier Field School in Political Science,Northstar Future Institute,synthetic_generated,,political science,international relations;law,political science;international relations;law,career exploration;leadership development;academic challenge,strongly prefer free,mostly in-person,West Coast,San Diego,California,West Coast,less competitive,2 to 4 weeks,3,summer,10,12,student mentorship,350,need-based aid,yes,This summer program helps high school students explore political science through career exploration and leadership development.,political science;international relations;law;career exploration;leadership development,average,3.0-3.19,Introductory coursework or demonstrated interest helpful,Beginner friendly; no prior experience required,moderate-low,No strict prerequisite; demonstrated interest improves fit
SYN-0348,Orbit Learning Institute Global Innovation Studio in Artificial Intelligence,Orbit Learning Institute,synthetic_generated,,artificial intelligence,machine learning;computer science,artificial intelligence;machine learning;computer science,career exploration;research experience;hands-on projects,must be free,hybrid,South,Houston,Texas,South,balanced,4 to 8 weeks,6,summer,9,12,student mentorship,0,need-based aid,optional,"Designed for motivated teens, this program combines artificial intelligence content with career exploration and research experience.",artificial intelligence;machine learning;computer science;career exploration;research experience,solid,3.2-3.49,Introductory coursework helpful but not required,No formal experience required; beginner exposure helpful,moderate,Math/programming familiarity helpful; projects or coding exposure useful
SYN-0238,Vertex Learning Center Frontier Workshop Series in Animation,Vertex Learning Center,synthetic_generated,,animation,design;film,animation;design;film;graphic design,portfolio building;skill development;career exploration,low cost only,mostly online,South,Austin,Texas,South,less competitive,4 to 8 weeks,6,summer,8,12,student mentorship,1200,yes,optional,"A 4 to 8 weeks pre-college experience focused on animation, blending portfolio building with skill development.",animation;design;film;portfolio building;skill development,average,3.0-3.19,Foundational coursework helpful but not required,Beginner friendly; no prior experience required,moderate-low,No strict prerequisite; demonstrated interest improves fit
SYN-0270,Compass Youth University Foundations Explorers Program in Physics,Compass Youth University,synthetic_generated,,physics,mathematics;engineering,physics;mathematics;engineering;statistics,academic challenge;hands-on projects;college preparation,low cost only,in-person only,West Coast,Los Angeles,California,West Coast,very competitive,2 to 4 weeks,3,summer,9,12,research mentorship,2200,need-based aid,yes,This summer program helps high school students explore physics through academic challenge and hands-on projects.,physics;mathematics;engineering;academic challenge;hands-on projects,exceptional,3.8+,Advanced coursework preferred (honors/AP/IB or strong equivalent),"Some prior projects, research, competitions, or advanced exposure preferred",high,No strict prerequisite; demonstrated interest improves fit
SYN-0129,Prairie Stone Scholars Program Young Innovators Pre-College Institute for Artificial Intelligence,Prairie Stone Scholars Program,synthetic_generated,,artificial intelligence,machine learning;computer science,artificial intelligence;machine learning;computer science,career exploration;skill development;hands-on projects,low cost only,hybrid,Midwest,Ann Arbor,Michigan,Midwest,balanced,4 to 8 weeks,8,summer,9,12,student mentorship,1200,merit scholarships,optional,This summer program helps high school students explore artificial intelligence through career exploration and skill development.,artificial intelligence;machine learning;computer science;career exploration;skill development,solid,3.2-3.49,Introductory coursework helpful but not required,No formal experience required; beginner exposure helpful,moderate,Math/programming familiarity helpful; projects or coding exposure useful
SYN-0601,Northstar Future Institute Global Research Lab in Interdisciplinary,Northstar Future Institute,synthetic_generated,,interdisciplinary,leadership;research,interdisciplinary;leadership;research;social impact,meeting like-minded students;major exploration;academic challenge,strongly prefer free,mostly online,Arizona,Phoenix,Arizona,Southwest,competitive,4 to 8 weeks,6,summer,9,12,application guidance,500,need-based aid,optional,Students build confidence in interdisciplinary while developing transferable skills through meeting like-minded students and major exploration.,interdisciplinary;leadership;research;meeting like-minded students;major exploration,strong,3.5-3.79,Foundational coursework helpful but not required,Some prior exposure helpful,moderately high,No strict prerequisite; demonstrated interest improves fit
SYN-0199,Bridgewater Youth Academy Applied College Prep Seminar in Environmental Science,Bridgewater Youth Academy,synthetic_generated,,environmental science,sustainability;biology,environmental science;sustainability;biology,research experience;social impact;career exploration,low cost only,in-person only,East Coast,Washington,District of Columbia,East Coast,less competitive,1 to 2 weeks,2,summer,9,12,independent exploration,1500,need-based aid,yes,This summer program helps high school students explore environmental science through research experience and social impact.,environmental science;sustainability;biology;research experience;social impact,average,3.0-3.19,Introductory coursework helpful but not required,Beginner friendly; no prior experience required,moderate-low,No strict prerequisite; demonstrated interest improves fit
SYN-0584,Silverline Summer College Advanced Summer Academy in Business,Silverline Summer College,synthetic_generated,,business,finance;marketing,business;finance;marketing;economics,resume building;networking;leadership development,cost matters but flexible,in-person only,East Coast,Raleigh,North Carolina,East Coast,balanced,1 to 2 weeks,1,summer,9,12,independent exploration,6100,yes,yes,This summer program helps high school students explore business through resume building and networking.,business;finance;marketing;resume building;networking,solid,3.2-3.49,Relevant introductory coursework or strong extracurricular exposure helpful,No formal experience required; beginner exposure helpful,moderate,"Quantitative comfort, initiative, or leadership/project experience helpful"
SYN-0747,Mosaic Futures Academy Future Leaders Research Lab in Journalism,Mosaic Futures Academy,synthetic_generated,,journalism,creative writing;political science,journalism;creative writing;political science,career exploration;networking;leadership development,strongly prefer free,mostly in-person,South,Austin,Texas,South,balanced,2 to 4 weeks,3,summer,9,12,student mentorship,500,no,yes,This summer program helps high school students explore journalism through career exploration and networking.,journalism;creative writing;political science;career exploration;networking,solid,3.2-3.49,Foundational coursework or portfolio-building experience helpful,No formal experience required; beginner exposure helpful,moderate,"Portfolio, writing samples, or prior creative work may strengthen fit"
SYN-0169,Bridgewater Youth Academy Future Leaders Summer Academy in Biology,Bridgewater Youth Academy,synthetic_generated,,biology,chemistry;research,biology;chemistry;research;biochemistry,academic challenge;college preparation;hands-on projects,must be free,hybrid,South,Austin,Texas,South,balanced,1 to 2 weeks,2,summer,9,12,peer community,0,need-based aid,optional,Students build confidence in biology while developing transferable skills through academic challenge and college preparation.,biology;chemistry;research;academic challenge;college preparation,solid,3.2-3.49,Introductory coursework helpful but not required,No formal experience required; beginner exposure helpful,moderate,No strict prerequisite; demonstrated interest improves fit
SYN-0732,Maple Bridge Academy Pioneer Research Lab in Medicine,Maple Bridge Academy,synthetic_generated,,medicine,biology;public health,medicine;biology;public health;chemistry,medical exposure;college preparation;hands-on projects,strongly prefer free,mostly in-person,South,Austin,Texas,South,balanced,1 to 2 weeks,1,summer,9,12,project guidance,750,yes,yes,"Designed for motivated teens, this program combines medicine content with medical exposure and college preparation.",medicine;biology;public health;medical exposure;college preparation,solid,3.2-3.49,Introductory coursework helpful but not required,No formal experience required; beginner exposure helpful,moderate,Biology/chemistry exposure helpful; healthcare interest expected
SYN-0618,Orbit Learning Institute Global Summer Academy in Nursing,Orbit Learning Institute,synthetic_generated,,nursing,medicine;public health,nursing;medicine;public health;biology,hands-on projects;career exploration;medical exposure,must be free,either,East Coast,Philadelphia,Pennsylvania,East Coast,less competitive,2 to 4 weeks,4,summer,9,12,project guidance,0,need-based aid,optional,"A 2 to 4 weeks pre-college experience focused on nursing, blending hands-on projects with career exploration.",nursing;medicine;public health;hands-on projects;career exploration,average,3.0-3.19,Introductory coursework helpful but not required,Beginner friendly; no prior experience required,moderate-low,Biology/chemistry exposure helpful; healthcare interest expected
SYN-0741,Helix Summer Scholars Global Innovation Studio in Social Impact,Helix Summer Scholars,synthetic_generated,,social impact,leadership;public health,social impact;leadership;public health,social impact;leadership development;career exploration,strongly prefer free,mostly in-person,East Coast,New York,New York,East Coast,less competitive,4 to 8 weeks,8,summer,9,12,faculty mentorship,350,limited,yes,"Designed for motivated teens, this program combines social impact content with social impact and leadership development.",social impact;leadership;public health;social impact;leadership development,average,3.0-3.19,Introductory coursework or demonstrated interest helpful,Beginner friendly; no prior experience required,moderate-low,No strict prerequisite; demonstrated interest improves fit
SYN-0419,Brightwater Institute Pioneer Bootcamp in Entrepreneurship,Brightwater Institute,synthetic_generated,,entrepreneurship,business;marketing,entrepreneurship;business;marketing;finance,portfolio building;leadership development;hands-on projects,must be free,mostly online,South,Houston,Texas,South,competitive,1 to 2 weeks,1,summer,9,12,project guidance,0,merit scholarships,optional,"A 1 to 2 weeks pre-college experience focused on entrepreneurship, blending portfolio building with leadership development.",entrepreneurship;business;marketing;portfolio building;leadership development,strong,3.5-3.79,Relevant introductory coursework or strong extracurricular exposure helpful,Some prior exposure helpful,moderately high,"Quantitative comfort, initiative, or leadership/project experience helpful"
SYN-0297,Mosaic Futures Academy Honors Research Lab in Robotics,Mosaic Futures Academy,synthetic_generated,,robotics,mechanical engineering;electrical engineering,robotics;mechanical engineering;electrical engineering,hands-on projects;career exploration;academic challenge,low cost only,hybrid,East Coast,Philadelphia,Pennsylvania,East Coast,competitive,1 to 2 weeks,1,summer,9,12,independent exploration,1200,limited,optional,This summer program helps high school students explore robotics through hands-on projects and career exploration.,robotics;mechanical engineering;electrical engineering;hands-on projects;career exploration,strong,3.5-3.79,Advanced coursework preferred (honors/AP/IB or strong equivalent),Some prior exposure or self-directed projects helpful,moderately high,Math/programming familiarity helpful; projects or coding exposure useful
SYN-0775,Urban Horizon Institute Discovery Leadership Forum in Biotechnology,Urban Horizon Institute,synthetic_generated,,biotechnology,biology;chemistry,biotechnology;biology;chemistry,skill development;hands-on projects;career exploration,must be free,hybrid,Arizona,Phoenix,Arizona,Southwest,competitive,1 to 2 weeks,2,summer,9,12,independent exploration,0,need-based aid,optional,"A 1 to 2 weeks pre-college experience focused on biotechnology, blending skill development with hands-on projects.",biotechnology;biology;chemistry;skill development;hands-on projects,strong,3.5-3.79,Advanced coursework preferred (honors/AP/IB or strong equivalent),Some prior exposure or self-directed projects helpful,moderately high,No strict prerequisite; demonstrated interest improves fit
SYN-0173,Sagebrook Academy Future Leaders Summer Academy in Chemistry,Sagebrook Academy,synthetic_generated,,chemistry,biochemistry;research,chemistry;biochemistry;research,college preparation;research experience;academic challenge,cost matters but flexible,online only,remote only,Remote,Remote,Remote,competitive,1 to 2 weeks,2,summer,9,12,research mentorship,6100,limited,no,"A 1 to 2 weeks pre-college experience focused on chemistry, blending college preparation with research experience.",chemistry;biochemistry;research;college preparation;research experience,strong,3.5-3.79,Advanced coursework preferred (honors/AP/IB or strong equivalent),Some prior exposure or self-directed projects helpful,moderately high,No strict prerequisite; demonstrated interest improves fit
SYN-0564,Cobalt Ridge University Future Leaders College Prep Seminar in Philosophy,Cobalt Ridge University,synthetic_generated,,philosophy,history;law,philosophy;history;law;political science,major exploration;meeting like-minded students;college preparation,low cost only,hybrid,West Coast,San Diego,California,West Coast,very competitive,2 to 4 weeks,4,summer,9,12,faculty mentorship,1200,yes,optional,"A 2 to 4 weeks pre-college experience focused on philosophy, blending major exploration with meeting like-minded students.",philosophy;history;law;major exploration;meeting like-minded students,exceptional,3.8+,Introductory coursework or demonstrated interest helpful,Demonstrated sustained interest and prior exposure preferred,high,No strict prerequisite; demonstrated interest improves fit
SYN-0894,Cobalt Ridge University Frontier Immersion in Biology,Cobalt Ridge University,synthetic_generated,,biology,chemistry;research,biology;chemistry;research;biochemistry,research experience;hands-on projects;college preparation,must be free,in-person only,anywhere in the U.S.,Denver,Colorado,Mountain,less competitive,4 to 8 weeks,8,summer,9,12,student mentorship,0,limited,yes,"Designed for motivated teens, this program combines biology content with research experience and hands-on projects.",biology;chemistry;research;research experience;hands-on projects,average,3.0-3.19,Introductory coursework helpful but not required,Beginner friendly; no prior experience required,moderate-low,No strict prerequisite; demonstrated interest improves fit
SYN-0519,Prairie Stone Scholars Program Applied Summer Academy in History,Prairie Stone Scholars Program,synthetic_generated,,history,political science;philosophy,history;political science;philosophy;international relations,college preparation;leadership development;academic challenge,strongly prefer free,mostly online,East Coast,Baltimore,Maryland,East Coast,very competitive,2 to 4 weeks,4,summer,9,12,career guidance,500,yes,optional,"A 2 to 4 weeks pre-college experience focused on history, blending college preparation with leadership development.",history;political science;philosophy;college preparation;leadership development,exceptional,3.8+,Introductory coursework or demonstrated interest helpful,Demonstrated sustained interest and prior exposure preferred,high,No strict prerequisite; demonstrated interest improves fit
SYN-0209,Brightwater Institute Future Leaders College Prep Seminar in Marketing,Brightwater Institute,synthetic_generated,,marketing,business;design,marketing;business;design;finance,portfolio building;networking;career exploration,low cost only,hybrid,Midwest,Chicago,Illinois,Midwest,balanced,1 to 2 weeks,2,summer,9,12,project guidance,2200,limited,optional,Students build confidence in marketing while developing transferable skills through portfolio building and networking.,marketing;business;design;portfolio building;networking,solid,3.2-3.49,Relevant introductory coursework or strong extracurricular exposure helpful,No formal experience required; beginner exposure helpful,moderate,"Quantitative comfort, initiative, or leadership/project experience helpful"
SYN-0138,Orbit Learning Institute Pioneer Workshop Series in Mathematics,Orbit Learning Institute,synthetic_generated,,mathematics,statistics;physics,mathematics;statistics;physics,skill development;major exploration;academic challenge,cost matters but flexible,mostly in-person,international,Oxford,England,International,competitive,4 to 8 weeks,8,winter,9,12,independent exploration,5200,yes,yes,This winter program helps high school students explore mathematics through skill development and major exploration.,mathematics;statistics;physics;skill development;major exploration,strong,3.5-3.79,Advanced coursework preferred (honors/AP/IB or strong equivalent),Some prior exposure or self-directed projects helpful,moderately high,No strict prerequisite; demonstrated interest improves fit
REAL-0014,Washington & the World Academy,Georgetown University,real_sourced,https://summer.georgetown.edu/pre-college-programs/academies/academy-finder/,international relations,political science;history;leadership,international relations;political science;history;leadership,career exploration;networking;leadership development,moderate cost is okay,in-person only,East Coast,Washington,District of Columbia,East Coast,balanced,1 to 2 weeks,1,summer,8,12,peer community,3725,limited,yes,"One-week academy using Washington, D.C. as a lens for global issues and public life.",international relations;political science;history;leadership;career exploration;networking,solid,3.2-3.49,Introductory coursework or demonstrated interest helpful,No formal experience required; beginner exposure helpful,moderate,No strict prerequisite; demonstrated interest improves fit
SYN-0364,Aurora Youth Research Institute Elite Immersion in Law,Aurora Youth Research Institute,synthetic_generated,,law,political science;history,law;political science;history;international relations,resume building;leadership development;career exploration,cost matters but flexible,mostly in-person,South,Houston,Texas,South,competitive,4 to 8 weeks,6,spring,10,12,career guidance,6100,need-based aid,yes,"A 4 to 8 weeks pre-college experience focused on law, blending resume building with leadership development.",law;political science;history;resume building;leadership development,strong,3.5-3.79,Introductory coursework or demonstrated interest helpful,Some prior exposure helpful,moderately high,No strict prerequisite; demonstrated interest improves fit
SYN-0176,Cedar Grove Scholars Advanced Research Lab in Architecture,Cedar Grove Scholars,synthetic_generated,,architecture,civil engineering;design,architecture;civil engineering;design,career exploration;academic challenge;hands-on projects,low cost only,in-person only,East Coast,Baltimore,Maryland,East Coast,open enrollment,1 to 2 weeks,2,summer,9,12,career guidance,1500,no,yes,"A 1 to 2 weeks pre-college experience focused on architecture, blending career exploration with academic challenge.",architecture;civil engineering;design;career exploration;academic challenge,accessible,No formal minimum / 2.5+ preferred,Foundational coursework or portfolio-building experience helpful,Open to beginners; no prior experience required,accessible,"Portfolio, writing samples, or prior creative work may strengthen fit"
SYN-0021,Helix Summer Scholars Advanced Workshop Series in Game Development,Helix Summer Scholars,synthetic_generated,,game development,computer science;design,game development;computer science;design;software engineering,portfolio building;skill development;hands-on projects,must be free,mostly online,East Coast,Washington,District of Columbia,East Coast,open enrollment,2 to 4 weeks,3,summer,8,12,research mentorship,0,merit scholarships,optional,"A 2 to 4 weeks pre-college experience focused on game development, blending portfolio building with skill development.",game development;computer science;design;portfolio building;skill development,accessible,No formal minimum / 2.5+ preferred,Foundational coursework helpful but not required,Open to beginners; no prior experience required,accessible,No strict prerequisite; demonstrated interest improves fit
SYN-0469,Bridgewater Youth Academy Discovery Scholars Program in Fashion Design,Bridgewater Youth Academy,synthetic_generated,,fashion design,design;arts,fashion design;design;arts;graphic design,career exploration;networking;portfolio building,moderate cost is okay,in-person only,West Coast,Portland,Oregon,West Coast,very competitive,4 to 8 weeks,8,summer,8,12,faculty mentorship,4500,yes,yes,"Designed for motivated teens, this program combines fashion design content with career exploration and networking.",fashion design;design;arts;career exploration;networking,exceptional,3.8+,Foundational coursework helpful but not required,Demonstrated sustained interest and prior exposure preferred,high,No strict prerequisite; demonstrated interest improves fit
SYN-0109,Bridgewater Youth Academy Global Bootcamp in Aerospace Engineering,Bridgewater Youth Academy,synthetic_generated,,aerospace engineering,physics;mechanical engineering,aerospace engineering;physics;mechanical engineering;mathematics,skill development;career exploration;hands-on projects,strongly prefer free,mostly in-person,East Coast,New York,New York,East Coast,competitive,2 to 4 weeks,4,summer,9,12,project guidance,350,need-based aid,yes,Students build confidence in aerospace engineering while developing transferable skills through skill development and career exploration.,aerospace engineering;physics;mechanical engineering;skill development;career exploration,strong,3.5-3.79,Advanced coursework preferred (honors/AP/IB or strong equivalent),Some prior exposure or self-directed projects helpful,moderately high,No strict prerequisite; demonstrated interest improves fit
SYN-0226,Skyline Discovery Institute Global Immersion in Civil Engineering,Skyline Discovery Institute,synthetic_generated,,civil engineering,architecture;sustainability,civil engineering;architecture;sustainability,social impact;career exploration;hands-on projects,strongly prefer free,either,South,Atlanta,Georgia,South,less competitive,2 to 4 weeks,3,summer,9,12,application guidance,350,merit scholarships,optional,Students build confidence in civil engineering while developing transferable skills through social impact and career exploration.,civil engineering;architecture;sustainability;social impact;career exploration,average,3.0-3.19,Introductory coursework helpful but not required,Beginner friendly; no prior experience required,moderate-low,No strict prerequisite; demonstrated interest improves fit
SYN-0422,Blue Mesa Scholars Academy Frontier Workshop Series in Aerospace Engineering,Blue Mesa Scholars Academy,synthetic_generated,,aerospace engineering,physics;mechanical engineering,aerospace engineering;physics;mechanical engineering;mathematics,academic challenge;skill development;career exploration,not a major concern,online only,remote only,Remote,Remote,Remote,less competitive,1 to 2 weeks,2,summer,9,12,student mentorship,9200,limited,no,"A 1 to 2 weeks pre-college experience focused on aerospace engineering, blending academic challenge with skill development.",aerospace engineering;physics;mechanical engineering;academic challenge;skill development,average,3.0-3.19,Introductory coursework helpful but not required,Beginner friendly; no prior experience required,moderate-low,No strict prerequisite; demonstrated interest improves fit
SYN-0266,Cedar Grove Scholars Pioneer Bootcamp in Research,Cedar Grove Scholars,synthetic_generated,,research,biology;computer science,research;biology;computer science;chemistry,mentorship;research experience;academic challenge,cost matters but flexible,in-person only,South,Austin,Texas,South,less competitive,4 to 8 weeks,8,summer,10,12,career guidance,7200,yes,yes,"Designed for motivated teens, this program combines research content with mentorship and research experience.",research;biology;computer science;mentorship;research experience,average,3.0-3.19,Foundational coursework helpful but not required,Beginner friendly; no prior experience required,moderate-low,No strict prerequisite; demonstrated interest improves fit
SYN-0620,Granite Point Institute Frontier Scholars Program in Social Impact,Granite Point Institute,synthetic_generated,,social impact,leadership;public health,social impact;leadership;public health,career exploration;leadership development;networking,moderate cost is okay,in-person only,East Coast,Providence,Rhode Island,East Coast,open enrollment,4 to 8 weeks,8,summer,9,12,small class size,2800,limited,yes,"Designed for motivated teens, this program combines social impact content with career exploration and leadership development.",social impact;leadership;public health;career exploration;leadership development,accessible,No formal minimum / 2.5+ preferred,Introductory coursework or demonstrated interest helpful,Open to beginners; no prior experience required,accessible,No strict prerequisite; demonstrated interest improves fit
SYN-0255,Meridian Scholars Collective Global Immersion in Pharmacy,Meridian Scholars Collective,synthetic_generated,,pharmacy,chemistry;biochemistry,pharmacy;chemistry;biochemistry,skill development;research experience;career exploration,not a major concern,mostly in-person,anywhere in the U.S.,Denver,Colorado,Mountain,very competitive,1 to 2 weeks,2,summer,10,12,student mentorship,13500,limited,yes,"A 1 to 2 weeks pre-college experience focused on pharmacy, blending skill development with research experience.",pharmacy;chemistry;biochemistry;skill development;research experience,exceptional,3.8+,Advanced coursework preferred (honors/AP/IB or strong equivalent),"Some prior projects, research, competitions, or advanced exposure preferred",high,Biology/chemistry exposure helpful; healthcare interest expected
SYN-0391,Northstar Future Institute Young Innovators Field School in Electrical Engineering,Northstar Future Institute,synthetic_generated,,electrical engineering,physics;robotics,electrical engineering;physics;robotics;mathematics,career exploration;hands-on projects;skill development,must be free,hybrid,South,Nashville,Tennessee,South,open enrollment,1 to 2 weeks,1,summer,9,12,research mentorship,0,need-based aid,optional,"A 1 to 2 weeks pre-college experience focused on electrical engineering, blending career exploration with hands-on projects.",electrical engineering;physics;robotics;career exploration;hands-on projects,accessible,No formal minimum / 2.5+ preferred,Introductory coursework helpful but not required,Open to beginners; no prior experience required,accessible,No strict prerequisite; demonstrated interest improves fit
SYN-0186,Catalyst Pre-College Center Frontier Immersion in Social Impact,Catalyst Pre-College Center,synthetic_generated,,social impact,leadership;public health,social impact;leadership;public health,leadership development;social impact;career exploration,cost matters but flexible,in-person only,East Coast,Boston,Massachusetts,East Coast,competitive,4 to 8 weeks,8,summer,9,12,peer community,6100,need-based aid,yes,This summer program helps high school students explore social impact through leadership development and social impact.,social impact;leadership;public health;leadership development;social impact,strong,3.5-3.79,Introductory coursework or demonstrated interest helpful,Some prior exposure helpful,moderately high,No strict prerequisite; demonstrated interest improves fit
SYN-0783,Pioneer Horizon University Discovery Innovation Studio in Marketing,Pioneer Horizon University,synthetic_generated,,marketing,business;design,marketing;business;design;finance,leadership development;portfolio building;career exploration,moderate cost is okay,in-person only,West Coast,Seattle,Washington,West Coast,competitive,2 to 4 weeks,3,summer,9,12,project guidance,2800,need-based aid,yes,Students build confidence in marketing while developing transferable skills through leadership development and portfolio building.,marketing;business;design;leadership development;portfolio building,strong,3.5-3.79,Relevant introductory coursework or strong extracurricular exposure helpful,Some prior exposure helpful,moderately high,"Quantitative comfort, initiative, or leadership/project experience helpful"
SYN-0216,Catalyst Pre-College Center Young Innovators Summer Academy in Software Engineering,Catalyst Pre-College Center,synthetic_generated,,software engineering,computer science;artificial intelligence,software engineering;computer science;artificial intelligence,skill development;portfolio building;career exploration,moderate cost is okay,either,Midwest,Madison,Wisconsin,Midwest,open enrollment,1 to 2 weeks,1,summer,9,12,student mentorship,4500,merit scholarships,optional,This summer program helps high school students explore software engineering through skill development and portfolio building.,software engineering;computer science;artificial intelligence;skill development;portfolio building,accessible,No formal minimum / 2.5+ preferred,Introductory coursework helpful but not required,Open to beginners; no prior experience required,accessible,Math/programming familiarity helpful; projects or coding exposure useful
SYN-0392,Blue Mesa Scholars Academy Honors Immersion in Dentistry,Blue Mesa Scholars Academy,synthetic_generated,,dentistry,medicine;biology,dentistry;medicine;biology,resume building;medical exposure;skill development,low cost only,in-person only,international,Oxford,England,International,balanced,1 to 2 weeks,1,summer,10,12,student mentorship,2200,merit scholarships,yes,Students build confidence in dentistry while developing transferable skills through resume building and medical exposure.,dentistry;medicine;biology;resume building;medical exposure,solid,3.2-3.49,Foundational coursework helpful but not required,No formal experience required; beginner exposure helpful,moderate,No strict prerequisite; demonstrated interest improves fit
SYN-0838,Vertex Learning Center Future Leaders Summer Academy in Statistics,Vertex Learning Center,synthetic_generated,,statistics,mathematics;data science,statistics;mathematics;data science,career exploration;college preparation;academic challenge,not a major concern,either,East Coast,Providence,Rhode Island,East Coast,balanced,4 to 8 weeks,8,spring,9,12,project guidance,13500,merit scholarships,optional,"A 4 to 8 weeks pre-college experience focused on statistics, blending career exploration with college preparation.",statistics;mathematics;data science;career exploration;college preparation,solid,3.2-3.49,Introductory coursework helpful but not required,No formal experience required; beginner exposure helpful,moderate,No strict prerequisite; demonstrated interest improves fit
SYN-0698,Crescent Peak University Discovery Pre-College Institute for Creative Writing,Crescent Peak University,synthetic_generated,,creative writing,journalism;history,creative writing;journalism;history,skill development;college preparation;meeting like-minded students,strongly prefer free,mostly in-person,international,Toronto,Canada,International,balanced,1 to 2 weeks,2,summer,9,12,career guidance,500,need-based aid,yes,"Designed for motivated teens, this program combines creative writing content with skill development and college preparation.",creative writing;journalism;history;skill development;college preparation,solid,3.2-3.49,Foundational coursework or portfolio-building experience helpful,No formal experience required; beginner exposure helpful,moderate,"Portfolio, writing samples, or prior creative work may strengthen fit"
SYN-0484,Aurora Youth Research Institute Young Innovators Field School in Public Health,Aurora Youth Research Institute,synthetic_generated,,public health,medicine;biology,public health;medicine;biology,social impact;career exploration;research experience,not a major concern,online only,remote only,Remote,Remote,Remote,balanced,1 to 2 weeks,1,summer,9,12,faculty mentorship,11800,limited,no,"A 1 to 2 weeks pre-college experience focused on public health, blending social impact with career exploration.",public health;medicine;biology;social impact;career exploration,solid,3.2-3.49,Introductory coursework or demonstrated interest helpful,No formal experience required; beginner exposure helpful,moderate,Biology/chemistry exposure helpful; healthcare interest expected
SYN-0117,Mosaic Futures Academy Foundations Explorers Program in Animation,Mosaic Futures Academy,synthetic_generated,,animation,design;film,animation;design;film;graphic design,skill development;portfolio building;career exploration,strongly prefer free,mostly online,East Coast,Raleigh,North Carolina,East Coast,balanced,1 to 2 weeks,1,summer,8,12,independent exploration,750,no,optional,"A 1 to 2 weeks pre-college experience focused on animation, blending skill development with portfolio building.",animation;design;film;skill development;portfolio building,solid,3.2-3.49,Foundational coursework helpful but not required,No formal experience required; beginner exposure helpful,moderate,No strict prerequisite; demonstrated interest improves fit
SYN-0494,Silverline Summer College Honors Bootcamp in Public Health,Silverline Summer College,synthetic_generated,,public health,medicine;biology,public health;medicine;biology,research experience;career exploration;social impact,strongly prefer free,either,West Coast,Portland,Oregon,West Coast,balanced,4 to 8 weeks,8,summer,9,12,student mentorship,350,need-based aid,optional,Students build confidence in public health while developing transferable skills through research experience and career exploration.,public health;medicine;biology;research experience;career exploration,solid,3.2-3.49,Introductory coursework or demonstrated interest helpful,No formal experience required; beginner exposure helpful,moderate,Biology/chemistry exposure helpful; healthcare interest expected
SYN-0565,Urban Horizon Institute Open Door Bootcamp in Marketing,Urban Horizon Institute,synthetic_generated,,marketing,business;design,marketing;business;design;finance,portfolio building;networking;career exploration,must be free,mostly in-person,East Coast,Raleigh,North Carolina,East Coast,balanced,1 to 2 weeks,2,winter,9,12,independent exploration,0,merit scholarships,yes,Students build confidence in marketing while developing transferable skills through portfolio building and networking.,marketing;business;design;portfolio building;networking,solid,3.2-3.49,Relevant introductory coursework or strong extracurricular exposure helpful,No formal experience required; beginner exposure helpful,moderate,"Quantitative comfort, initiative, or leadership/project experience helpful"
SYN-0360,Compass Youth University Discovery College Prep Seminar in Political Science,Compass Youth University,synthetic_generated,,political science,international relations;law,political science;international relations;law,career exploration;social impact;leadership development,not a major concern,either,East Coast,Baltimore,Maryland,East Coast,competitive,1 to 2 weeks,1,summer,10,12,research mentorship,11800,yes,optional,"A 1 to 2 weeks pre-college experience focused on political science, blending career exploration with social impact.",political science;international relations;law;career exploration;social impact,strong,3.5-3.79,Introductory coursework or demonstrated interest helpful,Some prior exposure helpful,moderately high,No strict prerequisite; demonstrated interest improves fit
SYN-0780,Compass Youth University Applied Summer Academy in Marine Biology,Compass Youth University,synthetic_generated,,marine biology,biology;environmental science,marine biology;biology;environmental science;chemistry,social impact;career exploration;research experience,cost matters but flexible,in-person only,East Coast,New York,New York,East Coast,balanced,4 to 8 weeks,8,summer,9,12,small class size,8400,limited,yes,"A 4 to 8 weeks pre-college experience focused on marine biology, blending social impact with career exploration.",marine biology;biology;environmental science;social impact;career exploration,solid,3.2-3.49,Foundational coursework helpful but not required,No formal experience required; beginner exposure helpful,moderate,No strict prerequisite; demonstrated interest improves fit
REAL-0011,Forensic Investigation Academy,Georgetown University,real_sourced,https://summer.georgetown.edu/programs/SHS13/forensic-investigation-academy/,law,biology;chemistry;research,law;biology;chemistry;research,hands-on projects;career exploration;academic challenge,cost matters but flexible,in-person only,East Coast,Washington,District of Columbia,East Coast,competitive,1 to 2 weeks,2,summer,8,12,project guidance,6465,limited,yes,Two-week academy exploring criminal forensic investigation through cases and simulations.,law;biology;chemistry;research;hands-on projects;career exploration,strong,3.5-3.79,Introductory coursework or demonstrated interest helpful,Some prior exposure helpful,moderately high,No strict prerequisite; demonstrated interest improves fit
SYN-0136,Skyline Discovery Institute Young Innovators Explorers Program in Computer Science,Skyline Discovery Institute,synthetic_generated,,computer science,software engineering;artificial intelligence,computer science;software engineering;artificial intelligence,portfolio building;hands-on projects;career exploration,strongly prefer free,mostly online,East Coast,Philadelphia,Pennsylvania,East Coast,balanced,4 to 8 weeks,6,summer,9,12,independent exploration,350,yes,optional,"Designed for motivated teens, this program combines computer science content with portfolio building and hands-on projects.",computer science;software engineering;artificial intelligence;portfolio building;hands-on projects,solid,3.2-3.49,Introductory coursework helpful but not required,No formal experience required; beginner exposure helpful,moderate,Math/programming familiarity helpful; projects or coding exposure useful
SYN-0362,Blue Mesa Scholars Academy Frontier Research Lab in Design,Blue Mesa Scholars Academy,synthetic_generated,,design,graphic design;entrepreneurship,design;graphic design;entrepreneurship,portfolio building;hands-on projects;career exploration,low cost only,hybrid,East Coast,Raleigh,North Carolina,East Coast,less competitive,4 to 8 weeks,8,summer,9,12,small class size,1500,need-based aid,optional,This summer program helps high school students explore design through portfolio building and hands-on projects.,design;graphic design;entrepreneurship;portfolio building;hands-on projects,average,3.0-3.19,Foundational coursework or portfolio-building experience helpful,Beginner friendly; no prior experience required,moderate-low,"Portfolio, writing samples, or prior creative work may strengthen fit"
SYN-0471,Helix Summer Scholars Young Innovators Bootcamp in Architecture,Helix Summer Scholars,synthetic_generated,,architecture,civil engineering;design,architecture;civil engineering;design,academic challenge;career exploration;hands-on projects,low cost only,in-person only,East Coast,Pittsburgh,Pennsylvania,East Coast,very competitive,4 to 8 weeks,8,summer,9,12,student mentorship,2200,merit scholarships,yes,"Designed for motivated teens, this program combines architecture content with academic challenge and career exploration.",architecture;civil engineering;design;academic challenge;career exploration,exceptional,3.8+,Foundational coursework or portfolio-building experience helpful,"Strong prior experience, portfolio, or sustained work preferred",high,"Portfolio, writing samples, or prior creative work may strengthen fit"
REAL-0032,Secondary School Program - 7 Week Residential,Harvard Summer School,real_sourced,https://summer.harvard.edu/high-school-programs/secondary-school-program/7-week-residential-secondary-school-program/,interdisciplinary,education;research;leadership,interdisciplinary;education;research;leadership,college preparation;academic challenge;major exploration,not a major concern,in-person only,East Coast,Cambridge,Massachusetts,East Coast,very competitive,4 to 8 weeks,7,summer,9,12,faculty mentorship,12900,limited,yes,Seven-week residential SSP with access to hundreds of Harvard Summer School courses.,interdisciplinary;education;research;leadership;college preparation;academic challenge,exceptional,3.8+,Foundational coursework helpful but not required,Demonstrated sustained interest and prior exposure preferred,high,No strict prerequisite; demonstrated interest improves fit
SYN-0516,Catalyst Pre-College Center Frontier Innovation Studio in Marketing,Catalyst Pre-College Center,synthetic_generated,,marketing,business;design,marketing;business;design;finance,networking;portfolio building;leadership development,cost matters but flexible,online only,remote only,Remote,Remote,Remote,competitive,2 to 4 weeks,4,summer,9,12,peer community,8400,yes,no,Students build confidence in marketing while developing transferable skills through networking and portfolio building.,marketing;business;design;networking;portfolio building,strong,3.5-3.79,Relevant introductory coursework or strong extracurricular exposure helpful,Some prior exposure helpful,moderately high,"Quantitative comfort, initiative, or leadership/project experience helpful"
SYN-0341,Evergreen Future Lab Elite Bootcamp in Biomedical Engineering,Evergreen Future Lab,synthetic_generated,,biomedical engineering,medicine;mechanical engineering,biomedical engineering;medicine;mechanical engineering;biology,research experience;hands-on projects;career exploration,low cost only,in-person only,East Coast,Providence,Rhode Island,East Coast,very competitive,1 to 2 weeks,1,summer,10,12,independent exploration,1500,yes,yes,"A 1 to 2 weeks pre-college experience focused on biomedical engineering, blending research experience with hands-on projects.",biomedical engineering;medicine;mechanical engineering;research experience;hands-on projects,exceptional,3.8+,Advanced coursework preferred (honors/AP/IB or strong equivalent),"Some prior projects, research, competitions, or advanced exposure preferred",high,No strict prerequisite; demonstrated interest improves fit
SYN-0214,Aurora Youth Research Institute Elite Innovation Studio in Education,Aurora Youth Research Institute,synthetic_generated,,education,leadership;social impact,education;leadership;social impact,college preparation;social impact;career exploration,low cost only,mostly online,East Coast,Philadelphia,Pennsylvania,East Coast,less competitive,1 to 2 weeks,2,summer,9,12,student mentorship,1800,limited,optional,"Designed for motivated teens, this program combines education content with college preparation and social impact.",education;leadership;social impact;college preparation;social impact,average,3.0-3.19,Introductory coursework or demonstrated interest helpful,Beginner friendly; no prior experience required,moderate-low,No strict prerequisite; demonstrated interest improves fit
SYN-0381,Helix Summer Scholars Foundations Explorers Program in Cybersecurity,Helix Summer Scholars,synthetic_generated,,cybersecurity,computer science;law,cybersecurity;computer science;law;software engineering,skill development;leadership development;career exploration,not a major concern,in-person only,South,Houston,Texas,South,balanced,1 to 2 weeks,2,summer,9,12,small class size,10500,yes,yes,This summer program helps high school students explore cybersecurity through skill development and leadership development.,cybersecurity;computer science;law;skill development;leadership development,solid,3.2-3.49,Introductory coursework helpful but not required,No formal experience required; beginner exposure helpful,moderate,Math/programming familiarity helpful; projects or coding exposure useful
SYN-0708,Orbit Learning Institute Young Innovators Bootcamp in Neuroscience,Orbit Learning Institute,synthetic_generated,,neuroscience,biology;psychology,neuroscience;biology;psychology;chemistry,academic challenge;career exploration;major exploration,moderate cost is okay,hybrid,anywhere in the U.S.,Denver,Colorado,Mountain,competitive,1 to 2 weeks,2,summer,9,12,small class size,2800,merit scholarships,optional,This summer program helps high school students explore neuroscience through academic challenge and career exploration.,neuroscience;biology;psychology;academic challenge;career exploration,strong,3.5-3.79,Advanced coursework preferred (honors/AP/IB or strong equivalent),Some prior exposure or self-directed projects helpful,moderately high,No strict prerequisite; demonstrated interest improves fit
SYN-0309,Prairie Stone Scholars Program Foundations Leadership Forum in Pre-Med,Prairie Stone Scholars Program,synthetic_generated,,pre-med,medicine;biology,pre-med;medicine;biology,resume building;medical exposure;research experience,moderate cost is okay,mostly online,anywhere in the U.S.,Boulder,Colorado,Mountain,balanced,1 to 2 weeks,1,summer,9,12,student mentorship,3800,yes,optional,Students build confidence in pre-med while developing transferable skills through resume building and medical exposure.,pre-med;medicine;biology;resume building;medical exposure,solid,3.2-3.49,Introductory coursework helpful but not required,No formal experience required; beginner exposure helpful,moderate,Biology/chemistry exposure helpful; healthcare interest expected
SYN-0659,Brightwater Institute Frontier Summer Academy in Animation,Brightwater Institute,synthetic_generated,,animation,design;film,animation;design;film;graphic design,career exploration;portfolio building;hands-on projects,low cost only,in-person only,international,Singapore,Singapore,International,competitive,4 to 8 weeks,6,summer,8,12,project guidance,1500,need-based aid,yes,"Designed for motivated teens, this program combines animation content with career exploration and portfolio building.",animation;design;film;career exploration;portfolio building,strong,3.5-3.79,Foundational coursework helpful but not required,Some prior exposure helpful,moderately high,No strict prerequisite; demonstrated interest improves fit
SYN-0337,Riverview Innovation Lab Discovery Immersion in Marine Biology,Riverview Innovation Lab,synthetic_generated,,marine biology,biology;environmental science,marine biology;biology;environmental science;chemistry,social impact;career exploration;research experience,not a major concern,in-person only,Midwest,Madison,Wisconsin,Midwest,balanced,2 to 4 weeks,4,summer,9,12,research mentorship,13500,yes,yes,Students build confidence in marine biology while developing transferable skills through social impact and career exploration.,marine biology;biology;environmental science;social impact;career exploration,solid,3.2-3.49,Foundational coursework helpful but not required,No formal experience required; beginner exposure helpful,moderate,No strict prerequisite; demonstrated interest improves fit
SYN-0015,Meridian Scholars Collective Young Innovators Scholars Program in Public Health,Meridian Scholars Collective,synthetic_generated,,public health,medicine;biology,public health;medicine;biology,career exploration;research experience;leadership development,low cost only,in-person only,East Coast,Raleigh,North Carolina,East Coast,balanced,1 to 2 weeks,1,summer,9,12,student mentorship,2200,yes,yes,"A 1 to 2 weeks pre-college experience focused on public health, blending career exploration with research experience.",public health;medicine;biology;career exploration;research experience,solid,3.2-3.49,Introductory coursework or demonstrated interest helpful,No formal experience required; beginner exposure helpful,moderate,Biology/chemistry exposure helpful; healthcare interest expected
SYN-0474,Cobalt Ridge University Applied Innovation Studio in Economics,Cobalt Ridge University,synthetic_generated,,economics,finance;political science,economics;finance;political science,academic challenge;leadership development;career exploration,moderate cost is okay,in-person only,West Coast,San Francisco,California,West Coast,competitive,1 to 2 weeks,2,summer,9,12,project guidance,3800,no,yes,This summer program helps high school students explore economics through academic challenge and leadership development.,economics;finance;political science;academic challenge;leadership development,strong,3.5-3.79,Relevant introductory coursework or strong extracurricular exposure helpful,Some prior exposure helpful,moderately high,"Quantitative comfort, initiative, or leadership/project experience helpful"
SYN-0512,Blue Mesa Scholars Academy Applied Explorers Program in Biomedical Engineering,Blue Mesa Scholars Academy,synthetic_generated,,biomedical engineering,medicine;mechanical engineering,biomedical engineering;medicine;mechanical engineering;biology,hands-on projects;medical exposure;career exploration,must be free,in-person only,West Coast,San Diego,California,West Coast,less competitive,4 to 8 weeks,8,summer,10,12,student mentorship,0,yes,yes,"A 4 to 8 weeks pre-college experience focused on biomedical engineering, blending hands-on projects with medical exposure.",biomedical engineering;medicine;mechanical engineering;hands-on projects;medical exposure,average,3.0-3.19,Introductory coursework helpful but not required,Beginner friendly; no prior experience required,moderate-low,No strict prerequisite; demonstrated interest improves fit
SYN-0485,Summit Forge Academy Elite Workshop Series in Music,Summit Forge Academy,synthetic_generated,,music,arts;film,music;arts;film;design,skill development;career exploration;portfolio building,not a major concern,in-person only,international,Toronto,Canada,International,competitive,2 to 4 weeks,4,summer,8,12,peer community,10500,no,yes,This summer program helps high school students explore music through skill development and career exploration.,music;arts;film;skill development;career exploration,strong,3.5-3.79,Foundational coursework or portfolio-building experience helpful,Beginner-to-intermediate portfolio or prior work helpful,moderately high,"Portfolio, writing samples, or prior creative work may strengthen fit"
SYN-0647,Lighthouse Prep Academy Frontier Leadership Forum in Machine Learning,Lighthouse Prep Academy,synthetic_generated,,machine learning,artificial intelligence;data science,machine learning;artificial intelligence;data science,skill development;hands-on projects;research experience,moderate cost is okay,mostly in-person,West Coast,San Francisco,California,West Coast,competitive,1 to 2 weeks,2,summer,9,12,career guidance,4500,need-based aid,yes,"Designed for motivated teens, this program combines machine learning content with skill development and hands-on projects.",machine learning;artificial intelligence;data science;skill development;hands-on projects,strong,3.5-3.79,Advanced coursework preferred (honors/AP/IB or strong equivalent),Some prior exposure or self-directed projects helpful,moderately high,Math/programming familiarity helpful; projects or coding exposure useful
REAL-0042,NSLC Architecture - Georgetown University,National Student Leadership Conference,real_sourced,https://www.nslcleaders.org/summer-program-locations/gu-washington-dc-summer-programs/,architecture,civil engineering;design;sustainability,architecture;civil engineering;design;sustainability,portfolio building;hands-on projects;career exploration,moderate cost is okay,in-person only,East Coast,Washington,District of Columbia,East Coast,balanced,1 to 2 weeks,1.3,summer,9,12,peer community,4395,scholarships available,yes,Residential NSLC pre-college program in architecture hosted on the Georgetown campus.,architecture;civil engineering;design;sustainability;portfolio building;hands-on projects,solid,3.2-3.49,Foundational coursework or portfolio-building experience helpful,No formal experience required; beginner exposure helpful,moderate,"Portfolio, writing samples, or prior creative work may strengthen fit"
SYN-0822,Maple Bridge Academy Young Innovators Innovation Studio in Research,Maple Bridge Academy,synthetic_generated,,research,biology;computer science,research;biology;computer science;chemistry,college preparation;mentorship;academic challenge,low cost only,in-person only,West Coast,Los Angeles,California,West Coast,balanced,1 to 2 weeks,2,summer,10,12,application guidance,1200,merit scholarships,yes,This summer program helps high school students explore research through college preparation and mentorship.,research;biology;computer science;college preparation;mentorship,solid,3.2-3.49,Foundational coursework helpful but not required,No formal experience required; beginner exposure helpful,moderate,No strict prerequisite; demonstrated interest improves fit
SYN-0569,Brightwater Institute Open Door Research Lab in Sports Management,Brightwater Institute,synthetic_generated,,sports management,business;marketing,sports management;business;marketing;finance,leadership development;networking;career exploration,cost matters but flexible,in-person only,East Coast,Providence,Rhode Island,East Coast,balanced,1 to 2 weeks,2,summer,9,12,research mentorship,5200,no,yes,"A 1 to 2 weeks pre-college experience focused on sports management, blending leadership development with networking.",sports management;business;marketing;leadership development;networking,solid,3.2-3.49,Foundational coursework helpful but not required,No formal experience required; beginner exposure helpful,moderate,No strict prerequisite; demonstrated interest improves fit
SYN-0795,Meridian Scholars Collective Elite Research Lab in Software Engineering,Meridian Scholars Collective,synthetic_generated,,software engineering,computer science;artificial intelligence,software engineering;computer science;artificial intelligence,portfolio building;hands-on projects;career exploration,moderate cost is okay,mostly online,East Coast,Baltimore,Maryland,East Coast,less competitive,1 to 2 weeks,2,summer,9,12,student mentorship,4500,need-based aid,optional,Students build confidence in software engineering while developing transferable skills through portfolio building and hands-on projects.,software engineering;computer science;artificial intelligence;portfolio building;hands-on projects,average,3.0-3.19,Introductory coursework helpful but not required,Beginner friendly; no prior experience required,moderate-low,Math/programming familiarity helpful; projects or coding exposure useful
SYN-0076,Skyline Discovery Institute Foundations Leadership Forum in Sports Management,Skyline Discovery Institute,synthetic_generated,,sports management,business;marketing,sports management;business;marketing;finance,networking;resume building;leadership development,not a major concern,mostly in-person,Midwest,Madison,Wisconsin,Midwest,competitive,2 to 4 weeks,4,summer,9,12,career guidance,11800,need-based aid,yes,"Designed for motivated teens, this program combines sports management content with networking and resume building.",sports management;business;marketing;networking;resume building,strong,3.5-3.79,Foundational coursework helpful but not required,Some prior exposure helpful,moderately high,No strict prerequisite; demonstrated interest improves fit
SYN-0322,Pacific Crest College Prep Frontier Summer Academy in Interdisciplinary,Pacific Crest College Prep,synthetic_generated,,interdisciplinary,leadership;research,interdisciplinary;leadership;research;social impact,major exploration;academic challenge;meeting like-minded students,moderate cost is okay,mostly online,international,Oxford,England,International,less competitive,2 to 4 weeks,4,summer,9,12,research mentorship,4500,need-based aid,optional,"Designed for motivated teens, this program combines interdisciplinary content with major exploration and academic challenge.",interdisciplinary;leadership;research;major exploration;academic challenge,average,3.0-3.19,Foundational coursework helpful but not required,Beginner friendly; no prior experience required,moderate-low,No strict prerequisite; demonstrated interest improves fit
SYN-0393,Pioneer Horizon University Future Leaders Summer Academy in Psychology,Pioneer Horizon University,synthetic_generated,,psychology,neuroscience;public health,psychology;neuroscience;public health;biology,research experience;career exploration;major exploration,strongly prefer free,either,East Coast,Baltimore,Maryland,East Coast,balanced,1 to 2 weeks,1,summer,9,12,application guidance,750,no,optional,"Designed for motivated teens, this program combines psychology content with research experience and career exploration.",psychology;neuroscience;public health;research experience;career exploration,solid,3.2-3.49,Introductory coursework or demonstrated interest helpful,No formal experience required; beginner exposure helpful,moderate,No strict prerequisite; demonstrated interest improves fit
SYN-0869,Brightwater Institute Pioneer Pre-College Institute for Marketing,Brightwater Institute,synthetic_generated,,marketing,business;design,marketing;business;design;finance,portfolio building;networking;career exploration,must be free,in-person only,East Coast,Boston,Massachusetts,East Coast,balanced,2 to 4 weeks,4,summer,9,12,peer community,0,limited,yes,"Designed for motivated teens, this program combines marketing content with portfolio building and networking.",marketing;business;design;portfolio building;networking,solid,3.2-3.49,Relevant introductory coursework or strong extracurricular exposure helpful,No formal experience required; beginner exposure helpful,moderate,"Quantitative comfort, initiative, or leadership/project experience helpful"
SYN-0750,Compass Youth University Open Door Innovation Studio in Finance,Compass Youth University,synthetic_generated,,finance,economics;business,finance;economics;business,skill development;networking;academic challenge,strongly prefer free,in-person only,South,Nashville,Tennessee,South,less competitive,1 to 2 weeks,1,summer,9,12,application guidance,750,merit scholarships,yes,"A 1 to 2 weeks pre-college experience focused on finance, blending skill development with networking.",finance;economics;business;skill development;networking,average,3.0-3.19,Relevant introductory coursework or strong extracurricular exposure helpful,Beginner friendly; no prior experience required,moderate-low,"Quantitative comfort, initiative, or leadership/project experience helpful"
SYN-0077,Lighthouse Prep Academy Advanced Scholars Program in Chemistry,Lighthouse Prep Academy,synthetic_generated,,chemistry,biochemistry;research,chemistry;biochemistry;research,college preparation;hands-on projects;academic challenge,moderate cost is okay,mostly online,anywhere in the U.S.,Boulder,Colorado,Mountain,open enrollment,1 to 2 weeks,2,summer,9,12,small class size,4500,need-based aid,optional,"Designed for motivated teens, this program combines chemistry content with college preparation and hands-on projects.",chemistry;biochemistry;research;college preparation;hands-on projects,accessible,No formal minimum / 2.5+ preferred,Introductory coursework helpful but not required,Open to beginners; no prior experience required,accessible,No strict prerequisite; demonstrated interest improves fit
SYN-0561,Helix Summer Scholars Elite Workshop Series in Economics,Helix Summer Scholars,synthetic_generated,,economics,finance;political science,economics;finance;political science,career exploration;leadership development;academic challenge,must be free,in-person only,international,Oxford,England,International,very competitive,1 to 2 weeks,1,summer,9,12,application guidance,0,limited,yes,Students build confidence in economics while developing transferable skills through career exploration and leadership development.,economics;finance;political science;career exploration;leadership development,exceptional,3.8+,Relevant introductory coursework or strong extracurricular exposure helpful,Demonstrated sustained interest and prior exposure preferred,high,"Quantitative comfort, initiative, or leadership/project experience helpful"
SYN-0257,Lighthouse Prep Academy Young Innovators Summer Academy in History,Lighthouse Prep Academy,synthetic_generated,,history,political science;philosophy,history;political science;philosophy;international relations,leadership development;college preparation;academic challenge,strongly prefer free,hybrid,West Coast,San Francisco,California,West Coast,balanced,2 to 4 weeks,3,summer,9,12,independent exploration,350,yes,optional,"A 2 to 4 weeks pre-college experience focused on history, blending leadership development with college preparation.",history;political science;philosophy;leadership development;college preparation,solid,3.2-3.49,Introductory coursework or demonstrated interest helpful,No formal experience required; beginner exposure helpful,moderate,No strict prerequisite; demonstrated interest improves fit
SYN-0645,Meridian Scholars Collective Foundations Workshop Series in Biochemistry,Meridian Scholars Collective,synthetic_generated,,biochemistry,chemistry;biology,biochemistry;chemistry;biology,research experience;career exploration;skill development,not a major concern,either,East Coast,Philadelphia,Pennsylvania,East Coast,competitive,4 to 8 weeks,8,summer,9,12,peer community,13500,yes,optional,"A 4 to 8 weeks pre-college experience focused on biochemistry, blending research experience with career exploration.",biochemistry;chemistry;biology;research experience;career exploration,strong,3.5-3.79,Advanced coursework preferred (honors/AP/IB or strong equivalent),Some prior exposure or self-directed projects helpful,moderately high,No strict prerequisite; demonstrated interest improves fit
SYN-0394,Aurora Youth Research Institute Open Door College Prep Seminar in History,Aurora Youth Research Institute,synthetic_generated,,history,political science;philosophy,history;political science;philosophy;international relations,major exploration;academic challenge;leadership development,cost matters but flexible,hybrid,West Coast,Los Angeles,California,West Coast,less competitive,1 to 2 weeks,2,summer,9,12,small class size,5200,limited,optional,This summer program helps high school students explore history through major exploration and academic challenge.,history;political science;philosophy;major exploration;academic challenge,average,3.0-3.19,Introductory coursework or demonstrated interest helpful,Beginner friendly; no prior experience required,moderate-low,No strict prerequisite; demonstrated interest improves fit
SYN-0810,Compass Youth University Global Workshop Series in Arts,Compass Youth University,synthetic_generated,,arts,design;film,arts;design;film;graphic design,meeting like-minded students;portfolio building;skill development,not a major concern,hybrid,East Coast,Raleigh,North Carolina,East Coast,balanced,4 to 8 weeks,8,summer,8,12,independent exploration,9200,merit scholarships,optional,Students build confidence in arts while developing transferable skills through meeting like-minded students and portfolio building.,arts;design;film;meeting like-minded students;portfolio building,solid,3.2-3.49,Foundational coursework or portfolio-building experience helpful,No formal experience required; beginner exposure helpful,moderate,"Portfolio, writing samples, or prior creative work may strengthen fit"
SYN-0263,Sagebrook Academy Future Leaders Research Lab in Finance,Sagebrook Academy,synthetic_generated,,finance,economics;business,finance;economics;business,skill development;networking;career exploration,strongly prefer free,mostly in-person,East Coast,Pittsburgh,Pennsylvania,East Coast,less competitive,1 to 2 weeks,1,summer,9,12,application guidance,750,merit scholarships,yes,Students build confidence in finance while developing transferable skills through skill development and networking.,finance;economics;business;skill development;networking,average,3.0-3.19,Relevant introductory coursework or strong extracurricular exposure helpful,Beginner friendly; no prior experience required,moderate-low,"Quantitative comfort, initiative, or leadership/project experience helpful"
SYN-0063,Pioneer Horizon University Elite Leadership Forum in Fashion Design,Pioneer Horizon University,synthetic_generated,,fashion design,design;arts,fashion design;design;arts;graphic design,networking;hands-on projects;portfolio building,strongly prefer free,mostly online,Midwest,Madison,Wisconsin,Midwest,less competitive,2 to 4 weeks,4,summer,8,12,faculty mentorship,500,need-based aid,optional,"Designed for motivated teens, this program combines fashion design content with networking and hands-on projects.",fashion design;design;arts;networking;hands-on projects,average,3.0-3.19,Foundational coursework helpful but not required,Beginner friendly; no prior experience required,moderate-low,No strict prerequisite; demonstrated interest improves fit
SYN-0069,Prairie Stone Scholars Program Advanced Innovation Studio in Public Health,Prairie Stone Scholars Program,synthetic_generated,,public health,medicine;biology,public health;medicine;biology,social impact;research experience;career exploration,must be free,mostly online,Midwest,Ann Arbor,Michigan,Midwest,less competitive,2 to 4 weeks,4,summer,9,12,application guidance,0,no,optional,This summer program helps high school students explore public health through social impact and research experience.,public health;medicine;biology;social impact;research experience,average,3.0-3.19,Introductory coursework or demonstrated interest helpful,Beginner friendly; no prior experience required,moderate-low,Biology/chemistry exposure helpful; healthcare interest expected
SYN-0754,Aurora Youth Research Institute Foundations Leadership Forum in Economics,Aurora Youth Research Institute,synthetic_generated,,economics,finance;political science,economics;finance;political science,networking;career exploration;leadership development,must be free,hybrid,East Coast,Philadelphia,Pennsylvania,East Coast,competitive,1 to 2 weeks,2,summer,9,12,student mentorship,0,need-based aid,optional,"Designed for motivated teens, this program combines economics content with networking and career exploration.",economics;finance;political science;networking;career exploration,strong,3.5-3.79,Relevant introductory coursework or strong extracurricular exposure helpful,Some prior exposure helpful,moderately high,"Quantitative comfort, initiative, or leadership/project experience helpful"
SYN-0334,Aurora Youth Research Institute Honors Pre-College Institute for Aerospace Engineering,Aurora Youth Research Institute,synthetic_generated,,aerospace engineering,physics;mechanical engineering,aerospace engineering;physics;mechanical engineering;mathematics,career exploration;hands-on projects;skill development,moderate cost is okay,mostly in-person,East Coast,New York,New York,East Coast,balanced,1 to 2 weeks,2,summer,9,12,project guidance,4500,yes,yes,"Designed for motivated teens, this program combines aerospace engineering content with career exploration and hands-on projects.",aerospace engineering;physics;mechanical engineering;career exploration;hands-on projects,solid,3.2-3.49,Introductory coursework helpful but not required,No formal experience required; beginner exposure helpful,moderate,No strict prerequisite; demonstrated interest improves fit
SYN-0852,Maple Bridge Academy Global Research Lab in Design,Maple Bridge Academy,synthetic_generated,,design,graphic design;entrepreneurship,design;graphic design;entrepreneurship,hands-on projects;skill development;portfolio building,must be free,in-person only,South,Austin,Texas,South,competitive,1 to 2 weeks,2,summer,9,12,project guidance,0,need-based aid,yes,This summer program helps high school students explore design through hands-on projects and skill development.,design;graphic design;entrepreneurship;hands-on projects;skill development,strong,3.5-3.79,Foundational coursework or portfolio-building experience helpful,Beginner-to-intermediate portfolio or prior work helpful,moderately high,"Portfolio, writing samples, or prior creative work may strengthen fit"
SYN-0930,Compass Youth University Pioneer Workshop Series in Leadership,Compass Youth University,synthetic_generated,,leadership,social impact;business,leadership;social impact;business,leadership development;networking;college preparation,not a major concern,online only,remote only,Remote,Remote,Remote,balanced,4 to 8 weeks,6,summer,9,12,faculty mentorship,9200,merit scholarships,no,"A 4 to 8 weeks pre-college experience focused on leadership, blending leadership development with networking.",leadership;social impact;business;leadership development;networking,solid,3.2-3.49,Introductory coursework or demonstrated interest helpful,No formal experience required; beginner exposure helpful,moderate,No strict prerequisite; demonstrated interest improves fit
SYN-0352,Pacific Crest College Prep Young Innovators Explorers Program in Aerospace Engineering,Pacific Crest College Prep,synthetic_generated,,aerospace engineering,physics;mechanical engineering,aerospace engineering;physics;mechanical engineering;mathematics,career exploration;academic challenge;skill development,cost matters but flexible,mostly in-person,Midwest,Ann Arbor,Michigan,Midwest,open enrollment,1 to 2 weeks,2,summer,9,12,project guidance,8400,no,yes,Students build confidence in aerospace engineering while developing transferable skills through career exploration and academic challenge.,aerospace engineering;physics;mechanical engineering;career exploration;academic challenge,accessible,No formal minimum / 2.5+ preferred,Introductory coursework helpful but not required,Open to beginners; no prior experience required,accessible,No strict prerequisite; demonstrated interest improves fit
SYN-0532,Pacific Crest College Prep Frontier Leadership Forum in Interdisciplinary,Pacific Crest College Prep,synthetic_generated,,interdisciplinary,leadership;research,interdisciplinary;leadership;research;social impact,academic challenge;meeting like-minded students;major exploration,low cost only,in-person only,Midwest,Madison,Wisconsin,Midwest,balanced,4 to 8 weeks,6,summer,9,12,career guidance,1500,yes,yes,"A 4 to 8 weeks pre-college experience focused on interdisciplinary, blending academic challenge with meeting like-minded students.",interdisciplinary;leadership;research;academic challenge;meeting like-minded students,solid,3.2-3.49,Foundational coursework helpful but not required,No formal experience required; beginner exposure helpful,moderate,No strict prerequisite; demonstrated interest improves fit
SYN-0195,Meridian Scholars Collective Honors Explorers Program in Data Science,Meridian Scholars Collective,synthetic_generated,,data science,statistics;computer science,data science;statistics;computer science;mathematics,skill development;hands-on projects;portfolio building,low cost only,in-person only,Midwest,Ann Arbor,Michigan,Midwest,less competitive,1 to 2 weeks,2,summer,9,12,peer community,1800,limited,yes,This summer program helps high school students explore data science through skill development and hands-on projects.,data science;statistics;computer science;skill development;hands-on projects,average,3.0-3.19,Introductory coursework helpful but not required,Beginner friendly; no prior experience required,moderate-low,Math/programming familiarity helpful; projects or coding exposure useful
SYN-0250,Coastal Edge Institute Applied Leadership Forum in Graphic Design,Coastal Edge Institute,synthetic_generated,,graphic design,design;marketing,graphic design;design;marketing,hands-on projects;skill development;career exploration,low cost only,online only,remote only,Remote,Remote,Remote,less competitive,2 to 4 weeks,3,summer,9,12,career guidance,1200,no,no,"Designed for motivated teens, this program combines graphic design content with hands-on projects and skill development.",graphic design;design;marketing;hands-on projects;skill development,average,3.0-3.19,Foundational coursework or portfolio-building experience helpful,Beginner friendly; no prior experience required,moderate-low,"Portfolio, writing samples, or prior creative work may strengthen fit"
SYN-0346,Skyline Discovery Institute Foundations Bootcamp in Political Science,Skyline Discovery Institute,synthetic_generated,,political science,international relations;law,political science;international relations;law,social impact;academic challenge;career exploration,not a major concern,mostly online,East Coast,New York,New York,East Coast,competitive,1 to 2 weeks,1,summer,10,12,research mentorship,13500,no,optional,This summer program helps high school students explore political science through social impact and academic challenge.,political science;international relations;law;social impact;academic challenge,strong,3.5-3.79,Introductory coursework or demonstrated interest helpful,Some prior exposure helpful,moderately high,No strict prerequisite; demonstrated interest improves fit
SYN-0099,Prairie Stone Scholars Program Elite Bootcamp in Aerospace Engineering,Prairie Stone Scholars Program,synthetic_generated,,aerospace engineering,physics;mechanical engineering,aerospace engineering;physics;mechanical engineering;mathematics,skill development;academic challenge;career exploration,low cost only,either,West Coast,San Diego,California,West Coast,very competitive,1 to 2 weeks,2,summer,9,12,small class size,2200,no,optional,"Designed for motivated teens, this program combines aerospace engineering content with skill development and academic challenge.",aerospace engineering;physics;mechanical engineering;skill development;academic challenge,exceptional,3.8+,Advanced coursework preferred (honors/AP/IB or strong equivalent),"Some prior projects, research, competitions, or advanced exposure preferred",high,No strict prerequisite; demonstrated interest improves fit
SYN-0241,Northstar Future Institute Advanced Research Lab in Public Health,Northstar Future Institute,synthetic_generated,,public health,medicine;biology,public health;medicine;biology,leadership development;research experience;social impact,strongly prefer free,mostly in-person,East Coast,Boston,Massachusetts,East Coast,balanced,2 to 4 weeks,4,summer,9,12,project guidance,750,merit scholarships,yes,This summer program helps high school students explore public health through leadership development and research experience.,public health;medicine;biology;leadership development;research experience,solid,3.2-3.49,Introductory coursework or demonstrated interest helpful,No formal experience required; beginner exposure helpful,moderate,Biology/chemistry exposure helpful; healthcare interest expected
SYN-0223,Redwood Pathways Institute Frontier College Prep Seminar in Machine Learning,Redwood Pathways Institute,synthetic_generated,,machine learning,artificial intelligence;data science,machine learning;artificial intelligence;data science,hands-on projects;research experience;skill development,must be free,mostly in-person,anywhere in the U.S.,Denver,Colorado,Mountain,open enrollment,4 to 8 weeks,6,summer,9,12,faculty mentorship,0,yes,yes,This summer program helps high school students explore machine learning through hands-on projects and research experience.,machine learning;artificial intelligence;data science;hands-on projects;research experience,accessible,No formal minimum / 2.5+ preferred,Introductory coursework helpful but not required,Open to beginners; no prior experience required,accessible,Math/programming familiarity helpful; projects or coding exposure useful
SYN-0581,Evergreen Future Lab Honors Leadership Forum in Cybersecurity,Evergreen Future Lab,synthetic_generated,,cybersecurity,computer science;law,cybersecurity;computer science;law;software engineering,skill development;leadership development;career exploration,not a major concern,mostly online,West Coast,Portland,Oregon,West Coast,competitive,4 to 8 weeks,8,summer,9,12,career guidance,9200,yes,optional,"A 4 to 8 weeks pre-college experience focused on cybersecurity, blending skill development with leadership development.",cybersecurity;computer science;law;skill development;leadership development,strong,3.5-3.79,Advanced coursework preferred (honors/AP/IB or strong equivalent),Some prior exposure or self-directed projects helpful,moderately high,Math/programming familiarity helpful; projects or coding exposure useful
SYN-0572,Blue Mesa Scholars Academy Future Leaders Pre-College Institute for Law,Blue Mesa Scholars Academy,synthetic_generated,,law,political science;history,law;political science;history;international relations,career exploration;leadership development;resume building,moderate cost is okay,in-person only,East Coast,Washington,District of Columbia,East Coast,less competitive,1 to 2 weeks,2,summer,10,12,peer community,3200,limited,yes,Students build confidence in law while developing transferable skills through career exploration and leadership development.,law;political science;history;career exploration;leadership development,average,3.0-3.19,Introductory coursework or demonstrated interest helpful,Beginner friendly; no prior experience required,moderate-low,No strict prerequisite; demonstrated interest improves fit
SYN-0290,Granite Point Institute Discovery College Prep Seminar in Statistics,Granite Point Institute,synthetic_generated,,statistics,mathematics;data science,statistics;mathematics;data science,skill development;academic challenge;career exploration,low cost only,online only,remote only,Remote,Remote,Remote,balanced,1 to 2 weeks,2,summer,9,12,faculty mentorship,1800,yes,no,This summer program helps high school students explore statistics through skill development and academic challenge.,statistics;mathematics;data science;skill development;academic challenge,solid,3.2-3.49,Introductory coursework helpful but not required,No formal experience required; beginner exposure helpful,moderate,No strict prerequisite; demonstrated interest improves fit
SYN-0005,Summit Forge Academy Future Leaders Bootcamp in Dentistry,Summit Forge Academy,synthetic_generated,,dentistry,medicine;biology,dentistry;medicine;biology,resume building;skill development;medical exposure,must be free,in-person only,East Coast,Philadelphia,Pennsylvania,East Coast,less competitive,4 to 8 weeks,8,summer,10,12,peer community,0,merit scholarships,yes,"A 4 to 8 weeks pre-college experience focused on dentistry, blending resume building with skill development.",dentistry;medicine;biology;resume building;skill development,average,3.0-3.19,Foundational coursework helpful but not required,Beginner friendly; no prior experience required,moderate-low,No strict prerequisite; demonstrated interest improves fit
SYN-0615,Meridian Scholars Collective Young Innovators Immersion in Research,Meridian Scholars Collective,synthetic_generated,,research,biology;computer science,research;biology;computer science;chemistry,research experience;college preparation;academic challenge,must be free,mostly in-person,South,Miami,Florida,South,balanced,1 to 2 weeks,2,summer,10,12,project guidance,0,limited,yes,Students build confidence in research while developing transferable skills through research experience and college preparation.,research;biology;computer science;research experience;college preparation,solid,3.2-3.49,Foundational coursework helpful but not required,No formal experience required; beginner exposure helpful,moderate,No strict prerequisite; demonstrated interest improves fit
SYN-0770,Granite Point Institute Applied Scholars Program in Nursing,Granite Point Institute,synthetic_generated,,nursing,medicine;public health,nursing;medicine;public health;biology,hands-on projects;medical exposure;leadership development,not a major concern,mostly in-person,South,Nashville,Tennessee,South,competitive,2 to 4 weeks,4,summer,9,12,independent exploration,10500,need-based aid,yes,This summer program helps high school students explore nursing through hands-on projects and medical exposure.,nursing;medicine;public health;hands-on projects;medical exposure,strong,3.5-3.79,Advanced coursework preferred (honors/AP/IB or strong equivalent),Some prior exposure or self-directed projects helpful,moderately high,Biology/chemistry exposure helpful; healthcare interest expected
SYN-0872,Blue Mesa Scholars Academy Frontier Summer Academy in Neuroscience,Blue Mesa Scholars Academy,synthetic_generated,,neuroscience,biology;psychology,neuroscience;biology;psychology;chemistry,career exploration;academic challenge;major exploration,must be free,mostly in-person,anywhere in the U.S.,Boulder,Colorado,Mountain,balanced,4 to 8 weeks,8,summer,9,12,independent exploration,0,yes,yes,"A 4 to 8 weeks pre-college experience focused on neuroscience, blending career exploration with academic challenge.",neuroscience;biology;psychology;career exploration;academic challenge,solid,3.2-3.49,Introductory coursework helpful but not required,No formal experience required; beginner exposure helpful,moderate,No strict prerequisite; demonstrated interest improves fit
SYN-0616,Skyline Discovery Institute Advanced Innovation Studio in Medicine,Skyline Discovery Institute,synthetic_generated,,medicine,biology;public health,medicine;biology;public health;chemistry,medical exposure;college preparation;hands-on projects,must be free,in-person only,South,Houston,Texas,South,less competitive,1 to 2 weeks,2,summer,9,12,peer community,0,yes,yes,Students build confidence in medicine while developing transferable skills through medical exposure and college preparation.,medicine;biology;public health;medical exposure;college preparation,average,3.0-3.19,Introductory coursework helpful but not required,Beginner friendly; no prior experience required,moderate-low,Biology/chemistry exposure helpful; healthcare interest expected
SYN-0656,Cedar Grove Scholars Open Door College Prep Seminar in Animation,Cedar Grove Scholars,synthetic_generated,,animation,design;film,animation;design;film;graphic design,career exploration;skill development;portfolio building,not a major concern,in-person only,West Coast,San Francisco,California,West Coast,balanced,4 to 8 weeks,6,summer,8,12,student mentorship,9200,need-based aid,yes,"A 4 to 8 weeks pre-college experience focused on animation, blending career exploration with skill development.",animation;design;film;career exploration;skill development,solid,3.2-3.49,Foundational coursework helpful but not required,No formal experience required; beginner exposure helpful,moderate,No strict prerequisite; demonstrated interest improves fit
SYN-0174,Cobalt Ridge University Advanced Summer Academy in Game Development,Cobalt Ridge University,synthetic_generated,,game development,computer science;design,game development;computer science;design;software engineering,hands-on projects;meeting like-minded students;portfolio building,cost matters but flexible,mostly in-person,Arizona,Phoenix,Arizona,Southwest,less competitive,1 to 2 weeks,2,summer,8,12,application guidance,6100,no,yes,This summer program helps high school students explore game development through hands-on projects and meeting like-minded students.,game development;computer science;design;hands-on projects;meeting like-minded students,average,3.0-3.19,Foundational coursework helpful but not required,Beginner friendly; no prior experience required,moderate-low,No strict prerequisite; demonstrated interest improves fit
SYN-0202,Pacific Crest College Prep Elite College Prep Seminar in Machine Learning,Pacific Crest College Prep,synthetic_generated,,machine learning,artificial intelligence;data science,machine learning;artificial intelligence;data science,research experience;skill development;hands-on projects,moderate cost is okay,online only,remote only,Remote,Remote,Remote,balanced,1 to 2 weeks,1,summer,9,12,research mentorship,2800,limited,no,Students build confidence in machine learning while developing transferable skills through research experience and skill development.,machine learning;artificial intelligence;data science;research experience;skill development,solid,3.2-3.49,Introductory coursework helpful but not required,No formal experience required; beginner exposure helpful,moderate,Math/programming familiarity helpful; projects or coding exposure useful
SYN-0027,Mosaic Futures Academy Future Leaders Bootcamp in Mechanical Engineering,Mosaic Futures Academy,synthetic_generated,,mechanical engineering,robotics;civil engineering,mechanical engineering;robotics;civil engineering,career exploration;hands-on projects;academic challenge,not a major concern,either,West Coast,San Francisco,California,West Coast,balanced,1 to 2 weeks,1,summer,9,12,career guidance,11800,no,optional,This summer program helps high school students explore mechanical engineering through career exploration and hands-on projects.,mechanical engineering;robotics;civil engineering;career exploration;hands-on projects,solid,3.2-3.49,Introductory coursework helpful but not required,No formal experience required; beginner exposure helpful,moderate,No strict prerequisite; demonstrated interest improves fit
SYN-0772,Pacific Crest College Prep Frontier Explorers Program in Journalism,Pacific Crest College Prep,synthetic_generated,,journalism,creative writing;political science,journalism;creative writing;political science,career exploration;leadership development;networking,not a major concern,mostly in-person,Midwest,Ann Arbor,Michigan,Midwest,balanced,2 to 4 weeks,4,summer,9,12,faculty mentorship,10500,need-based aid,yes,Students build confidence in journalism while developing transferable skills through career exploration and leadership development.,journalism;creative writing;political science;career exploration;leadership development,solid,3.2-3.49,Foundational coursework or portfolio-building experience helpful,No formal experience required; beginner exposure helpful,moderate,"Portfolio, writing samples, or prior creative work may strengthen fit"
SYN-0799,Bridgewater Youth Academy Discovery Explorers Program in Philosophy,Bridgewater Youth Academy,synthetic_generated,,philosophy,history;law,philosophy;history;law;political science,meeting like-minded students;academic challenge;major exploration,must be free,mostly in-person,East Coast,New York,New York,East Coast,balanced,4 to 8 weeks,8,summer,9,12,career guidance,0,need-based aid,yes,"A 4 to 8 weeks pre-college experience focused on philosophy, blending meeting like-minded students with academic challenge.",philosophy;history;law;meeting like-minded students;academic challenge,solid,3.2-3.49,Introductory coursework or demonstrated interest helpful,No formal experience required; beginner exposure helpful,moderate,No strict prerequisite; demonstrated interest improves fit
REAL-0055,NSLC Medicine & Health Care - Columbia University,National Student Leadership Conference,real_sourced,https://www.nslcleaders.org/youth-leadership-programs/summer-medical-programs/,medicine,biology;public health;leadership,medicine;biology;public health;leadership,medical exposure;career exploration;hands-on projects,moderate cost is okay,in-person only,East Coast,New York,New York,East Coast,balanced,1 to 2 weeks,1.3,summer,9,12,peer community,4595,scholarships available,yes,Residential NSLC medicine program hosted at Columbia University.,medicine;biology;public health;leadership;medical exposure;career exploration,solid,3.2-3.49,Introductory coursework helpful but not required,No formal experience required; beginner exposure helpful,moderate,Biology/chemistry exposure helpful; healthcare interest expected
SYN-0594,Cobalt Ridge University Young Innovators Immersion in Chemistry,Cobalt Ridge University,synthetic_generated,,chemistry,biochemistry;research,chemistry;biochemistry;research,college preparation;academic challenge;hands-on projects,strongly prefer free,mostly in-person,East Coast,Raleigh,North Carolina,East Coast,balanced,2 to 4 weeks,4,summer,9,12,research mentorship,500,yes,yes,This summer program helps high school students explore chemistry through college preparation and academic challenge.,chemistry;biochemistry;research;college preparation;academic challenge,solid,3.2-3.49,Introductory coursework helpful but not required,No formal experience required; beginner exposure helpful,moderate,No strict prerequisite; demonstrated interest improves fit
SYN-0880,Coastal Edge Institute Foundations Innovation Studio in Fashion Design,Coastal Edge Institute,synthetic_generated,,fashion design,design;arts,fashion design;design;arts;graphic design,hands-on projects;portfolio building;networking,strongly prefer free,mostly in-person,Arizona,Phoenix,Arizona,Southwest,less competitive,1 to 2 weeks,2,summer,8,12,research mentorship,350,need-based aid,yes,"A 1 to 2 weeks pre-college experience focused on fashion design, blending hands-on projects with portfolio building.",fashion design;design;arts;hands-on projects;portfolio building,average,3.0-3.19,Foundational coursework helpful but not required,Beginner friendly; no prior experience required,moderate-low,No strict prerequisite; demonstrated interest improves fit
SYN-0343,Redwood Pathways Institute Frontier Summer Academy in Philosophy,Redwood Pathways Institute,synthetic_generated,,philosophy,history;law,philosophy;history;law;political science,major exploration;meeting like-minded students;academic challenge,not a major concern,mostly in-person,South,Austin,Texas,South,competitive,2 to 4 weeks,3,summer,9,12,small class size,9200,merit scholarships,yes,"A 2 to 4 weeks pre-college experience focused on philosophy, blending major exploration with meeting like-minded students.",philosophy;history;law;major exploration;meeting like-minded students,strong,3.5-3.79,Introductory coursework or demonstrated interest helpful,Some prior exposure helpful,moderately high,No strict prerequisite; demonstrated interest improves fit
SYN-0317,Lighthouse Prep Academy Global Bootcamp in Biology,Lighthouse Prep Academy,synthetic_generated,,biology,chemistry;research,biology;chemistry;research;biochemistry,academic challenge;college preparation;hands-on projects,strongly prefer free,mostly in-person,East Coast,Raleigh,North Carolina,East Coast,competitive,1 to 2 weeks,2,summer,9,12,small class size,500,limited,yes,This summer program helps high school students explore biology through academic challenge and college preparation.,biology;chemistry;research;academic challenge;college preparation,strong,3.5-3.79,Advanced coursework preferred (honors/AP/IB or strong equivalent),Some prior exposure or self-directed projects helpful,moderately high,No strict prerequisite; demonstrated interest improves fit
SYN-0061,Northstar Future Institute Advanced College Prep Seminar in Leadership,Northstar Future Institute,synthetic_generated,,leadership,social impact;business,leadership;social impact;business,leadership development;networking;college preparation,must be free,mostly online,South,Nashville,Tennessee,South,open enrollment,2 to 4 weeks,4,summer,9,12,small class size,0,need-based aid,optional,"Designed for motivated teens, this program combines leadership content with leadership development and networking.",leadership;social impact;business;leadership development;networking,accessible,No formal minimum / 2.5+ preferred,Introductory coursework or demonstrated interest helpful,Open to beginners; no prior experience required,accessible,No strict prerequisite; demonstrated interest improves fit
SYN-0428,Crescent Peak University Pioneer Field School in Pre-Med,Crescent Peak University,synthetic_generated,,pre-med,medicine;biology,pre-med;medicine;biology,research experience;medical exposure;resume building,strongly prefer free,mostly in-person,East Coast,New York,New York,East Coast,less competitive,1 to 2 weeks,1,summer,9,12,career guidance,750,merit scholarships,yes,Students build confidence in pre-med while developing transferable skills through research experience and medical exposure.,pre-med;medicine;biology;research experience;medical exposure,average,3.0-3.19,Introductory coursework helpful but not required,Beginner friendly; no prior experience required,moderate-low,Biology/chemistry exposure helpful; healthcare interest expected
SYN-0739,Bridgewater Youth Academy Frontier Scholars Program in Neuroscience,Bridgewater Youth Academy,synthetic_generated,,neuroscience,biology;psychology,neuroscience;biology;psychology;chemistry,major exploration;career exploration;academic challenge,must be free,online only,remote only,Remote,Remote,Remote,open enrollment,2 to 4 weeks,4,summer,9,12,research mentorship,0,limited,no,This summer program helps high school students explore neuroscience through major exploration and career exploration.,neuroscience;biology;psychology;major exploration;career exploration,accessible,No formal minimum / 2.5+ preferred,Introductory coursework helpful but not required,Open to beginners; no prior experience required,accessible,No strict prerequisite; demonstrated interest improves fit
SYN-0837,Mosaic Futures Academy Foundations Pre-College Institute for Statistics,Mosaic Futures Academy,synthetic_generated,,statistics,mathematics;data science,statistics;mathematics;data science,college preparation;academic challenge;skill development,moderate cost is okay,online only,remote only,Remote,Remote,Remote,balanced,1 to 2 weeks,2,summer,9,12,project guidance,3800,need-based aid,no,This summer program helps high school students explore statistics through college preparation and academic challenge.,statistics;mathematics;data science;college preparation;academic challenge,solid,3.2-3.49,Introductory coursework helpful but not required,No formal experience required; beginner exposure helpful,moderate,No strict prerequisite; demonstrated interest improves fit
SYN-0367,Riverview Innovation Lab Honors Summer Academy in Law,Riverview Innovation Lab,synthetic_generated,,law,political science;history,law;political science;history;international relations,academic challenge;leadership development;career exploration,not a major concern,hybrid,Arizona,Phoenix,Arizona,Southwest,very competitive,2 to 4 weeks,4,summer,10,12,project guidance,13500,no,optional,"A 2 to 4 weeks pre-college experience focused on law, blending academic challenge with leadership development.",law;political science;history;academic challenge;leadership development,exceptional,3.8+,Introductory coursework or demonstrated interest helpful,Demonstrated sustained interest and prior exposure preferred,high,No strict prerequisite; demonstrated interest improves fit
SYN-0882,Maple Bridge Academy Frontier Immersion in Mathematics,Maple Bridge Academy,synthetic_generated,,mathematics,statistics;physics,mathematics;statistics;physics,skill development;major exploration;academic challenge,strongly prefer free,hybrid,Midwest,Chicago,Illinois,Midwest,very competitive,2 to 4 weeks,4,summer,9,12,student mentorship,500,no,optional,This summer program helps high school students explore mathematics through skill development and major exploration.,mathematics;statistics;physics;skill development;major exploration,exceptional,3.8+,Advanced coursework preferred (honors/AP/IB or strong equivalent),"Some prior projects, research, competitions, or advanced exposure preferred",high,No strict prerequisite; demonstrated interest improves fit
SYN-0640,Coastal Edge Institute Foundations Workshop Series in Chemistry,Coastal Edge Institute,synthetic_generated,,chemistry,biochemistry;research,chemistry;biochemistry;research,research experience;college preparation;hands-on projects,low cost only,mostly in-person,Midwest,Madison,Wisconsin,Midwest,less competitive,1 to 2 weeks,2,summer,9,12,research mentorship,1500,limited,yes,This summer program helps high school students explore chemistry through research experience and college preparation.,chemistry;biochemistry;research;research experience;college preparation,average,3.0-3.19,Introductory coursework helpful but not required,Beginner friendly; no prior experience required,moderate-low,No strict prerequisite; demonstrated interest improves fit
SYN-0231,Helix Summer Scholars Advanced Research Lab in Electrical Engineering,Helix Summer Scholars,synthetic_generated,,electrical engineering,physics;robotics,electrical engineering;physics;robotics;mathematics,academic challenge;skill development;career exploration,must be free,either,West Coast,Portland,Oregon,West Coast,very competitive,4 to 8 weeks,6,summer,9,12,faculty mentorship,0,need-based aid,optional,Students build confidence in electrical engineering while developing transferable skills through academic challenge and skill development.,electrical engineering;physics;robotics;academic challenge;skill development,exceptional,3.8+,Advanced coursework preferred (honors/AP/IB or strong equivalent),"Some prior projects, research, competitions, or advanced exposure preferred",high,No strict prerequisite; demonstrated interest improves fit
SYN-0815,Summit Forge Academy Frontier Research Lab in Environmental Science,Summit Forge Academy,synthetic_generated,,environmental science,sustainability;biology,environmental science;sustainability;biology,social impact;research experience;career exploration,strongly prefer free,in-person only,anywhere in the U.S.,Denver,Colorado,Mountain,balanced,1 to 2 weeks,1,summer,9,12,career guidance,750,merit scholarships,yes,"Designed for motivated teens, this program combines environmental science content with social impact and research experience.",environmental science;sustainability;biology;social impact;research experience,solid,3.2-3.49,Introductory coursework helpful but not required,No formal experience required; beginner exposure helpful,moderate,No strict prerequisite; demonstrated interest improves fit
SYN-0149,Brightwater Institute Elite Leadership Forum in Aerospace Engineering,Brightwater Institute,synthetic_generated,,aerospace engineering,physics;mechanical engineering,aerospace engineering;physics;mechanical engineering;mathematics,hands-on projects;career exploration;academic challenge,strongly prefer free,mostly in-person,Midwest,Chicago,Illinois,Midwest,less competitive,1 to 2 weeks,1,summer,9,12,small class size,350,limited,yes,Students build confidence in aerospace engineering while developing transferable skills through hands-on projects and career exploration.,aerospace engineering;physics;mechanical engineering;hands-on projects;career exploration,average,3.0-3.19,Introductory coursework helpful but not required,Beginner friendly; no prior experience required,moderate-low,No strict prerequisite; demonstrated interest improves fit
SYN-0855,Meridian Scholars Collective Applied Summer Academy in Pre-Med,Meridian Scholars Collective,synthetic_generated,,pre-med,medicine;biology,pre-med;medicine;biology,medical exposure;college preparation;research experience,not a major concern,online only,remote only,Remote,Remote,Remote,very competitive,4 to 8 weeks,6,summer,9,12,independent exploration,10500,yes,no,This summer program helps high school students explore pre-med through medical exposure and college preparation.,pre-med;medicine;biology;medical exposure;college preparation,exceptional,3.8+,Advanced coursework preferred (honors/AP/IB or strong equivalent),"Some prior projects, research, competitions, or advanced exposure preferred",high,Biology/chemistry exposure helpful; healthcare interest expected
REAL-0038,Online Summer - 2 Week,Columbia University Pre-College,real_sourced,https://precollege.sps.columbia.edu/programs/summer-programs/online-summer,interdisciplinary,education;research;leadership,interdisciplinary;education;research;leadership,college preparation;major exploration;meeting like-minded students,moderate cost is okay,online only,remote only,Remote,Remote,Remote,competitive,1 to 2 weeks,2,summer,8,12,independent exploration,3200,limited,no,Two-week online summer option with 40+ courses across subject areas.,interdisciplinary;education;research;leadership;college preparation;major exploration,strong,3.5-3.79,Foundational coursework helpful but not required,Some prior exposure helpful,moderately high,No strict prerequisite; demonstrated interest improves fit
SYN-0797,Lighthouse Prep Academy Advanced Explorers Program in Veterinary Medicine,Lighthouse Prep Academy,synthetic_generated,,veterinary medicine,biology;medicine,veterinary medicine;biology;medicine;chemistry,hands-on projects;medical exposure;career exploration,strongly prefer free,mostly in-person,West Coast,San Diego,California,West Coast,balanced,4 to 8 weeks,6,summer,9,12,student mentorship,500,need-based aid,yes,Students build confidence in veterinary medicine while developing transferable skills through hands-on projects and medical exposure.,veterinary medicine;biology;medicine;hands-on projects;medical exposure,solid,3.2-3.49,Foundational coursework helpful but not required,No formal experience required; beginner exposure helpful,moderate,No strict prerequisite; demonstrated interest improves fit
SYN-0835,Urban Horizon Institute Applied Workshop Series in Game Development,Urban Horizon Institute,synthetic_generated,,game development,computer science;design,game development;computer science;design;software engineering,hands-on projects;meeting like-minded students;skill development,low cost only,in-person only,international,Oxford,England,International,balanced,2 to 4 weeks,3,summer,8,12,application guidance,2200,need-based aid,yes,Students build confidence in game development while developing transferable skills through hands-on projects and meeting like-minded students.,game development;computer science;design;hands-on projects;meeting like-minded students,solid,3.2-3.49,Foundational coursework helpful but not required,No formal experience required; beginner exposure helpful,moderate,No strict prerequisite; demonstrated interest improves fit
SYN-0062,Blue Mesa Scholars Academy Discovery Leadership Forum in Civil Engineering,Blue Mesa Scholars Academy,synthetic_generated,,civil engineering,architecture;sustainability,civil engineering;architecture;sustainability,hands-on projects;skill development;career exploration,moderate cost is okay,mostly in-person,East Coast,Washington,District of Columbia,East Coast,open enrollment,2 to 4 weeks,3,summer,9,12,project guidance,2800,no,yes,"Designed for motivated teens, this program combines civil engineering content with hands-on projects and skill development.",civil engineering;architecture;sustainability;hands-on projects;skill development,accessible,No formal minimum / 2.5+ preferred,Introductory coursework helpful but not required,Open to beginners; no prior experience required,accessible,No strict prerequisite; demonstrated interest improves fit
REAL-0024,College Prep Program,Georgetown University,real_sourced,https://summer.georgetown.edu/programs/SHS05/college-preparatory-program/,education,leadership;interdisciplinary;college preparation,education;leadership;interdisciplinary;college preparation,college preparation;admissions advantage;networking,cost matters but flexible,in-person only,East Coast,Washington,District of Columbia,East Coast,competitive,4 to 8 weeks,5,summer,9,12,application guidance,7000,limited,yes,Five-week college prep program with university coursework and test-prep support.,education;leadership;interdisciplinary;college preparation;college preparation;admissions advantage,strong,3.5-3.79,Introductory coursework or demonstrated interest helpful,Some prior exposure helpful,moderately high,No strict prerequisite; demonstrated interest improves fit
SYN-0776,Cedar Grove Scholars Pioneer Research Lab in Music,Cedar Grove Scholars,synthetic_generated,,music,arts;film,music;arts;film;design,portfolio building;skill development;career exploration,low cost only,in-person only,South,Miami,Florida,South,less competitive,2 to 4 weeks,4,summer,8,12,independent exploration,1800,need-based aid,yes,Students build confidence in music while developing transferable skills through portfolio building and skill development.,music;arts;film;portfolio building;skill development,average,3.0-3.19,Foundational coursework or portfolio-building experience helpful,Beginner friendly; no prior experience required,moderate-low,"Portfolio, writing samples, or prior creative work may strengthen fit"
SYN-0913,Redwood Pathways Institute Elite College Prep Seminar in Aerospace Engineering,Redwood Pathways Institute,synthetic_generated,,aerospace engineering,physics;mechanical engineering,aerospace engineering;physics;mechanical engineering;mathematics,academic challenge;skill development;hands-on projects,low cost only,mostly online,Midwest,Madison,Wisconsin,Midwest,competitive,1 to 2 weeks,1,summer,9,12,project guidance,2200,need-based aid,optional,"Designed for motivated teens, this program combines aerospace engineering content with academic challenge and skill development.",aerospace engineering;physics;mechanical engineering;academic challenge;skill development,strong,3.5-3.79,Advanced coursework preferred (honors/AP/IB or strong equivalent),Some prior exposure or self-directed projects helpful,moderately high,No strict prerequisite; demonstrated interest improves fit
SYN-0038,Crescent Peak University Applied Bootcamp in Robotics,Crescent Peak University,synthetic_generated,,robotics,mechanical engineering;electrical engineering,robotics;mechanical engineering;electrical engineering,skill development;career exploration;academic challenge,not a major concern,in-person only,East Coast,New York,New York,East Coast,balanced,1 to 2 weeks,1,summer,9,12,independent exploration,9200,merit scholarships,yes,This summer program helps high school students explore robotics through skill development and career exploration.,robotics;mechanical engineering;electrical engineering;skill development;career exploration,solid,3.2-3.49,Introductory coursework helpful but not required,No formal experience required; beginner exposure helpful,moderate,Math/programming familiarity helpful; projects or coding exposure useful
SYN-0052,Pacific Crest College Prep Advanced Field School in Finance,Pacific Crest College Prep,synthetic_generated,,finance,economics;business,finance;economics;business,career exploration;networking;skill development,must be free,mostly online,anywhere in the U.S.,Denver,Colorado,Mountain,competitive,2 to 4 weeks,3,summer,9,12,student mentorship,0,limited,optional,"Designed for motivated teens, this program combines finance content with career exploration and networking.",finance;economics;business;career exploration;networking,strong,3.5-3.79,Relevant introductory coursework or strong extracurricular exposure helpful,Some prior exposure helpful,moderately high,"Quantitative comfort, initiative, or leadership/project experience helpful"
SYN-0372,Maple Bridge Academy Foundations Immersion in Business,Maple Bridge Academy,synthetic_generated,,business,finance;marketing,business;finance;marketing;economics,resume building;networking;leadership development,moderate cost is okay,mostly online,South,Austin,Texas,South,balanced,4 to 8 weeks,8,summer,9,12,research mentorship,2800,need-based aid,optional,"A 4 to 8 weeks pre-college experience focused on business, blending resume building with networking.",business;finance;marketing;resume building;networking,solid,3.2-3.49,Relevant introductory coursework or strong extracurricular exposure helpful,No formal experience required; beginner exposure helpful,moderate,"Quantitative comfort, initiative, or leadership/project experience helpful"
SYN-0887,Lighthouse Prep Academy Open Door College Prep Seminar in Arts,Lighthouse Prep Academy,synthetic_generated,,arts,design;film,arts;design;film;graphic design,hands-on projects;portfolio building;meeting like-minded students,strongly prefer free,online only,remote only,Remote,Remote,Remote,balanced,1 to 2 weeks,2,summer,8,12,project guidance,750,yes,no,"A 1 to 2 weeks pre-college experience focused on arts, blending hands-on projects with portfolio building.",arts;design;film;hands-on projects;portfolio building,solid,3.2-3.49,Foundational coursework or portfolio-building experience helpful,No formal experience required; beginner exposure helpful,moderate,"Portfolio, writing samples, or prior creative work may strengthen fit"
SYN-0057,Mosaic Futures Academy Advanced Workshop Series in Electrical Engineering,Mosaic Futures Academy,synthetic_generated,,electrical engineering,physics;robotics,electrical engineering;physics;robotics;mathematics,hands-on projects;skill development;career exploration,not a major concern,either,South,Atlanta,Georgia,South,balanced,1 to 2 weeks,2,summer,9,12,small class size,11800,yes,optional,"Designed for motivated teens, this program combines electrical engineering content with hands-on projects and skill development.",electrical engineering;physics;robotics;hands-on projects;skill development,solid,3.2-3.49,Introductory coursework helpful but not required,No formal experience required; beginner exposure helpful,moderate,No strict prerequisite; demonstrated interest improves fit
SYN-0321,Helix Summer Scholars Elite Innovation Studio in Psychology,Helix Summer Scholars,synthetic_generated,,psychology,neuroscience;public health,psychology;neuroscience;public health;biology,research experience;major exploration;academic challenge,strongly prefer free,in-person only,West Coast,Portland,Oregon,West Coast,less competitive,1 to 2 weeks,2,summer,9,12,project guidance,350,limited,yes,This summer program helps high school students explore psychology through research experience and major exploration.,psychology;neuroscience;public health;research experience;major exploration,average,3.0-3.19,Introductory coursework or demonstrated interest helpful,Beginner friendly; no prior experience required,moderate-low,No strict prerequisite; demonstrated interest improves fit
REAL-0048,NSLC Political Action & Public Policy - Georgetown University,National Student Leadership Conference,real_sourced,https://www.nslcleaders.org/summer-program-locations/gu-washington-dc-summer-programs/,political science,international relations;law;history,political science;international relations;law;history,leadership development;career exploration;social impact,moderate cost is okay,in-person only,East Coast,Washington,District of Columbia,East Coast,balanced,1 to 2 weeks,1.3,summer,9,12,peer community,4295,scholarships available,yes,Residential NSLC pre-college program in political action & public policy hosted on the Georgetown campus.,political science;international relations;law;history;leadership development;career exploration,solid,3.2-3.49,Introductory coursework or demonstrated interest helpful,No formal experience required; beginner exposure helpful,moderate,No strict prerequisite; demonstrated interest improves fit
SYN-0108,Orbit Learning Institute Foundations Field School in Biotechnology,Orbit Learning Institute,synthetic_generated,,biotechnology,biology;chemistry,biotechnology;biology;chemistry,career exploration;hands-on projects;research experience,moderate cost is okay,mostly online,Midwest,Ann Arbor,Michigan,Midwest,very competitive,1 to 2 weeks,2,winter,9,12,application guidance,3800,no,optional,This winter program helps high school students explore biotechnology through career exploration and hands-on projects.,biotechnology;biology;chemistry;career exploration;hands-on projects,exceptional,3.8+,Advanced coursework preferred (honors/AP/IB or strong equivalent),"Some prior projects, research, competitions, or advanced exposure preferred",high,No strict prerequisite; demonstrated interest improves fit
SYN-0254,Silverline Summer College Elite Scholars Program in Medicine,Silverline Summer College,synthetic_generated,,medicine,biology;public health,medicine;biology;public health;chemistry,college preparation;career exploration;medical exposure,strongly prefer free,in-person only,anywhere in the U.S.,Boulder,Colorado,Mountain,competitive,2 to 4 weeks,3,summer,9,12,small class size,750,yes,yes,"Designed for motivated teens, this program combines medicine content with college preparation and career exploration.",medicine;biology;public health;college preparation;career exploration,strong,3.5-3.79,Advanced coursework preferred (honors/AP/IB or strong equivalent),Some prior exposure or self-directed projects helpful,moderately high,Biology/chemistry exposure helpful; healthcare interest expected
SYN-0261,Helix Summer Scholars Future Leaders Pre-College Institute for Software Engineering,Helix Summer Scholars,synthetic_generated,,software engineering,computer science;artificial intelligence,software engineering;computer science;artificial intelligence,portfolio building;skill development;career exploration,moderate cost is okay,in-person only,East Coast,Baltimore,Maryland,East Coast,competitive,1 to 2 weeks,1,summer,9,12,small class size,2800,yes,yes,Students build confidence in software engineering while developing transferable skills through portfolio building and skill development.,software engineering;computer science;artificial intelligence;portfolio building;skill development,strong,3.5-3.79,Advanced coursework preferred (honors/AP/IB or strong equivalent),Some prior exposure or self-directed projects helpful,moderately high,Math/programming familiarity helpful; projects or coding exposure useful
SYN-0817,Riverview Innovation Lab Pioneer Immersion in Fashion Design,Riverview Innovation Lab,synthetic_generated,,fashion design,design;arts,fashion design;design;arts;graphic design,hands-on projects;portfolio building;career exploration,moderate cost is okay,in-person only,West Coast,San Diego,California,West Coast,less competitive,1 to 2 weeks,2,summer,8,12,research mentorship,4500,merit scholarships,yes,"A 1 to 2 weeks pre-college experience focused on fashion design, blending hands-on projects with portfolio building.",fashion design;design;arts;hands-on projects;portfolio building,average,3.0-3.19,Foundational coursework helpful but not required,Beginner friendly; no prior experience required,moderate-low,No strict prerequisite; demonstrated interest improves fit
SYN-0200,Granite Point Institute Applied College Prep Seminar in Civil Engineering,Granite Point Institute,synthetic_generated,,civil engineering,architecture;sustainability,civil engineering;architecture;sustainability,social impact;career exploration;skill development,must be free,in-person only,South,Houston,Texas,South,less competitive,1 to 2 weeks,2,summer,9,12,application guidance,0,no,yes,Students build confidence in civil engineering while developing transferable skills through social impact and career exploration.,civil engineering;architecture;sustainability;social impact;career exploration,average,3.0-3.19,Introductory coursework helpful but not required,Beginner friendly; no prior experience required,moderate-low,No strict prerequisite; demonstrated interest improves fit
SYN-0082,Pacific Crest College Prep Global Immersion in Animation,Pacific Crest College Prep,synthetic_generated,,animation,design;film,animation;design;film;graphic design,skill development;career exploration;hands-on projects,low cost only,hybrid,East Coast,Pittsburgh,Pennsylvania,East Coast,less competitive,1 to 2 weeks,2,summer,8,12,career guidance,1800,merit scholarships,optional,"Designed for motivated teens, this program combines animation content with skill development and career exploration.",animation;design;film;skill development;career exploration,average,3.0-3.19,Foundational coursework helpful but not required,Beginner friendly; no prior experience required,moderate-low,No strict prerequisite; demonstrated interest improves fit
REAL-0044,NSLC Cybersecurity - Georgetown University,National Student Leadership Conference,real_sourced,https://www.nslcleaders.org/summer-program-locations/gu-washington-dc-summer-programs/,cybersecurity,computer science;law;data science,cybersecurity;computer science;law;data science,hands-on projects;career exploration;skill development,moderate cost is okay,in-person only,East Coast,Washington,District of Columbia,East Coast,balanced,1 to 2 weeks,1.3,summer,9,12,peer community,4295,scholarships available,yes,Residential NSLC pre-college program in cybersecurity hosted on the Georgetown campus.,cybersecurity;computer science;law;data science;hands-on projects;career exploration,solid,3.2-3.49,Introductory coursework helpful but not required,No formal experience required; beginner exposure helpful,moderate,Math/programming familiarity helpful; projects or coding exposure useful
SYN-0441,Helix Summer Scholars Advanced Innovation Studio in Education,Helix Summer Scholars,synthetic_generated,,education,leadership;social impact,education;leadership;social impact,college preparation;social impact;leadership development,must be free,mostly in-person,West Coast,Los Angeles,California,West Coast,balanced,2 to 4 weeks,4,summer,9,12,independent exploration,0,merit scholarships,yes,Students build confidence in education while developing transferable skills through college preparation and social impact.,education;leadership;social impact;college preparation;social impact,solid,3.2-3.49,Introductory coursework or demonstrated interest helpful,No formal experience required; beginner exposure helpful,moderate,No strict prerequisite; demonstrated interest improves fit
SYN-0023,Sagebrook Academy Future Leaders Immersion in Law,Sagebrook Academy,synthetic_generated,,law,political science;history,law;political science;history;international relations,resume building;career exploration;leadership development,not a major concern,in-person only,West Coast,Seattle,Washington,West Coast,balanced,2 to 4 weeks,4,summer,10,12,student mentorship,13500,merit scholarships,yes,"Designed for motivated teens, this program combines law content with resume building and career exploration.",law;political science;history;resume building;career exploration,solid,3.2-3.49,Introductory coursework or demonstrated interest helpful,No formal experience required; beginner exposure helpful,moderate,No strict prerequisite; demonstrated interest improves fit
SYN-0313,Redwood Pathways Institute Honors Pre-College Institute for Education,Redwood Pathways Institute,synthetic_generated,,education,leadership;social impact,education;leadership;social impact,career exploration;college preparation;social impact,must be free,online only,remote only,Remote,Remote,Remote,less competitive,1 to 2 weeks,1,summer,9,12,career guidance,0,need-based aid,no,Students build confidence in education while developing transferable skills through career exploration and college preparation.,education;leadership;social impact;career exploration;college preparation,average,3.0-3.19,Introductory coursework or demonstrated interest helpful,Beginner friendly; no prior experience required,moderate-low,No strict prerequisite; demonstrated interest improves fit
SYN-0467,Lighthouse Prep Academy Future Leaders Scholars Program in Neuroscience,Lighthouse Prep Academy,synthetic_generated,,neuroscience,biology;psychology,neuroscience;biology;psychology;chemistry,major exploration;research experience;academic challenge,not a major concern,in-person only,South,Nashville,Tennessee,South,balanced,2 to 4 weeks,3,fall,9,12,student mentorship,13500,limited,yes,"A 2 to 4 weeks pre-college experience focused on neuroscience, blending major exploration with research experience.",neuroscience;biology;psychology;major exploration;research experience,solid,3.2-3.49,Introductory coursework helpful but not required,No formal experience required; beginner exposure helpful,moderate,No strict prerequisite; demonstrated interest improves fit
SYN-0921,Helix Summer Scholars Honors Leadership Forum in Statistics,Helix Summer Scholars,synthetic_generated,,statistics,mathematics;data science,statistics;mathematics;data science,career exploration;academic challenge;college preparation,strongly prefer free,online only,remote only,Remote,Remote,Remote,less competitive,1 to 2 weeks,2,summer,9,12,peer community,350,need-based aid,no,Students build confidence in statistics while developing transferable skills through career exploration and academic challenge.,statistics;mathematics;data science;career exploration;academic challenge,average,3.0-3.19,Introductory coursework helpful but not required,Beginner friendly; no prior experience required,moderate-low,No strict prerequisite; demonstrated interest improves fit
SYN-0788,Crescent Peak University Discovery Bootcamp in Political Science,Crescent Peak University,synthetic_generated,,political science,international relations;law,political science;international relations;law,career exploration;academic challenge;leadership development,cost matters but flexible,hybrid,anywhere in the U.S.,Denver,Colorado,Mountain,open enrollment,1 to 2 weeks,1,fall,10,12,independent exploration,7200,no,optional,"A 1 to 2 weeks pre-college experience focused on political science, blending career exploration with academic challenge.",political science;international relations;law;career exploration;academic challenge,accessible,No formal minimum / 2.5+ preferred,Introductory coursework or demonstrated interest helpful,Open to beginners; no prior experience required,accessible,No strict prerequisite; demonstrated interest improves fit
SYN-0282,Maple Bridge Academy Young Innovators College Prep Seminar in Education,Maple Bridge Academy,synthetic_generated,,education,leadership;social impact,education;leadership;social impact,social impact;career exploration;college preparation,cost matters but flexible,in-person only,South,Atlanta,Georgia,South,balanced,4 to 8 weeks,8,summer,9,12,small class size,7200,no,yes,"Designed for motivated teens, this program combines education content with social impact and career exploration.",education;leadership;social impact;social impact;career exploration,solid,3.2-3.49,Introductory coursework or demonstrated interest helpful,No formal experience required; beginner exposure helpful,moderate,No strict prerequisite; demonstrated interest improves fit
SYN-0340,Coastal Edge Institute Global Bootcamp in Finance,Coastal Edge Institute,synthetic_generated,,finance,economics;business,finance;economics;business,academic challenge;networking;career exploration,low cost only,mostly in-person,anywhere in the U.S.,Denver,Colorado,Mountain,competitive,1 to 2 weeks,2,summer,9,12,student mentorship,1200,need-based aid,yes,This summer program helps high school students explore finance through academic challenge and networking.,finance;economics;business;academic challenge;networking,strong,3.5-3.79,Relevant introductory coursework or strong extracurricular exposure helpful,Some prior exposure helpful,moderately high,"Quantitative comfort, initiative, or leadership/project experience helpful"
SYN-0163,Redwood Pathways Institute Young Innovators Workshop Series in Social Impact,Redwood Pathways Institute,synthetic_generated,,social impact,leadership;public health,social impact;leadership;public health,networking;social impact;career exploration,not a major concern,mostly in-person,West Coast,San Diego,California,West Coast,balanced,1 to 2 weeks,2,summer,9,12,peer community,10500,merit scholarships,yes,Students build confidence in social impact while developing transferable skills through networking and social impact.,social impact;leadership;public health;networking;social impact,solid,3.2-3.49,Introductory coursework or demonstrated interest helpful,No formal experience required; beginner exposure helpful,moderate,No strict prerequisite; demonstrated interest improves fit
SYN-0924,Cobalt Ridge University Advanced Pre-College Institute for Environmental Science,Cobalt Ridge University,synthetic_generated,,environmental science,sustainability;biology,environmental science;sustainability;biology,research experience;social impact;hands-on projects,not a major concern,either,Midwest,Ann Arbor,Michigan,Midwest,very competitive,1 to 2 weeks,1,summer,9,12,faculty mentorship,11800,no,optional,Students build confidence in environmental science while developing transferable skills through research experience and social impact.,environmental science;sustainability;biology;research experience;social impact,exceptional,3.8+,Advanced coursework preferred (honors/AP/IB or strong equivalent),"Some prior projects, research, competitions, or advanced exposure preferred",high,No strict prerequisite; demonstrated interest improves fit
SYN-0101,Evergreen Future Lab Future Leaders Pre-College Institute for Civil Engineering,Evergreen Future Lab,synthetic_generated,,civil engineering,architecture;sustainability,civil engineering;architecture;sustainability,hands-on projects;skill development;career exploration,not a major concern,mostly in-person,anywhere in the U.S.,Boulder,Colorado,Mountain,balanced,1 to 2 weeks,1,summer,9,12,career guidance,9200,yes,yes,"A 1 to 2 weeks pre-college experience focused on civil engineering, blending hands-on projects with skill development.",civil engineering;architecture;sustainability;hands-on projects;skill development,solid,3.2-3.49,Introductory coursework helpful but not required,No formal experience required; beginner exposure helpful,moderate,No strict prerequisite; demonstrated interest improves fit
SYN-0272,Blue Mesa Scholars Academy Advanced Leadership Forum in Design,Blue Mesa Scholars Academy,synthetic_generated,,design,graphic design;entrepreneurship,design;graphic design;entrepreneurship,skill development;hands-on projects;career exploration,strongly prefer free,hybrid,South,Atlanta,Georgia,South,balanced,2 to 4 weeks,3,summer,9,12,project guidance,750,need-based aid,optional,"Designed for motivated teens, this program combines design content with skill development and hands-on projects.",design;graphic design;entrepreneurship;skill development;hands-on projects,solid,3.2-3.49,Foundational coursework or portfolio-building experience helpful,No formal experience required; beginner exposure helpful,moderate,"Portfolio, writing samples, or prior creative work may strengthen fit"
SYN-0537,Mosaic Futures Academy Open Door Field School in Animation,Mosaic Futures Academy,synthetic_generated,,animation,design;film,animation;design;film;graphic design,hands-on projects;skill development;career exploration,strongly prefer free,online only,remote only,Remote,Remote,Remote,balanced,1 to 2 weeks,1,summer,8,12,career guidance,500,yes,no,"Designed for motivated teens, this program combines animation content with hands-on projects and skill development.",animation;design;film;hands-on projects;skill development,solid,3.2-3.49,Foundational coursework helpful but not required,No formal experience required; beginner exposure helpful,moderate,No strict prerequisite; demonstrated interest improves fit
SYN-0853,Redwood Pathways Institute Advanced Research Lab in Sustainability,Redwood Pathways Institute,synthetic_generated,,sustainability,environmental science;social impact,sustainability;environmental science;social impact,leadership development;social impact;hands-on projects,strongly prefer free,online only,remote only,Remote,Remote,Remote,less competitive,2 to 4 weeks,3,summer,9,12,application guidance,750,limited,no,This summer program helps high school students explore sustainability through leadership development and social impact.,sustainability;environmental science;social impact;leadership development;social impact,average,3.0-3.19,Foundational coursework helpful but not required,Beginner friendly; no prior experience required,moderate-low,No strict prerequisite; demonstrated interest improves fit
SYN-0409,Bridgewater Youth Academy Pioneer Workshop Series in Software Engineering,Bridgewater Youth Academy,synthetic_generated,,software engineering,computer science;artificial intelligence,software engineering;computer science;artificial intelligence,portfolio building;hands-on projects;career exploration,not a major concern,mostly online,West Coast,Seattle,Washington,West Coast,very competitive,1 to 2 weeks,1,spring,9,12,peer community,13500,merit scholarships,optional,This spring program helps high school students explore software engineering through portfolio building and hands-on projects.,software engineering;computer science;artificial intelligence;portfolio building;hands-on projects,exceptional,3.8+,Advanced coursework preferred (honors/AP/IB or strong equivalent),"Some prior projects, research, competitions, or advanced exposure preferred",high,Math/programming familiarity helpful; projects or coding exposure useful
SYN-0384,Cobalt Ridge University Advanced Immersion in Philosophy,Cobalt Ridge University,synthetic_generated,,philosophy,history;law,philosophy;history;law;political science,academic challenge;meeting like-minded students;college preparation,moderate cost is okay,in-person only,West Coast,Los Angeles,California,West Coast,less competitive,2 to 4 weeks,4,summer,9,12,research mentorship,3800,need-based aid,yes,This summer program helps high school students explore philosophy through academic challenge and meeting like-minded students.,philosophy;history;law;academic challenge;meeting like-minded students,average,3.0-3.19,Introductory coursework or demonstrated interest helpful,Beginner friendly; no prior experience required,moderate-low,No strict prerequisite; demonstrated interest improves fit
SYN-0044,Silverline Summer College Global Immersion in Genetics,Silverline Summer College,synthetic_generated,,genetics,biology;biotechnology,genetics;biology;biotechnology;chemistry,career exploration;research experience;academic challenge,low cost only,mostly in-person,South,Miami,Florida,South,open enrollment,1 to 2 weeks,2,summer,9,12,application guidance,1800,merit scholarships,yes,This summer program helps high school students explore genetics through career exploration and research experience.,genetics;biology;biotechnology;career exploration;research experience,accessible,No formal minimum / 2.5+ preferred,Introductory coursework helpful but not required,Open to beginners; no prior experience required,accessible,No strict prerequisite; demonstrated interest improves fit
SYN-0793,Redwood Pathways Institute Advanced Scholars Program in Animation,Redwood Pathways Institute,synthetic_generated,,animation,design;film,animation;design;film;graphic design,portfolio building;skill development;career exploration,moderate cost is okay,mostly in-person,West Coast,San Diego,California,West Coast,balanced,1 to 2 weeks,2,summer,8,12,research mentorship,4500,limited,yes,Students build confidence in animation while developing transferable skills through portfolio building and skill development.,animation;design;film;portfolio building;skill development,solid,3.2-3.49,Foundational coursework helpful but not required,No formal experience required; beginner exposure helpful,moderate,No strict prerequisite; demonstrated interest improves fit
SYN-0092,Blue Mesa Scholars Academy Advanced Workshop Series in Finance,Blue Mesa Scholars Academy,synthetic_generated,,finance,economics;business,finance;economics;business,academic challenge;networking;skill development,must be free,mostly in-person,East Coast,Pittsburgh,Pennsylvania,East Coast,less competitive,2 to 4 weeks,4,summer,9,12,small class size,0,merit scholarships,yes,"A 2 to 4 weeks pre-college experience focused on finance, blending academic challenge with networking.",finance;economics;business;academic challenge;networking,average,3.0-3.19,Relevant introductory coursework or strong extracurricular exposure helpful,Beginner friendly; no prior experience required,moderate-low,"Quantitative comfort, initiative, or leadership/project experience helpful"
SYN-0395,Summit Forge Academy Open Door Bootcamp in Film,Summit Forge Academy,synthetic_generated,,film,arts;creative writing,film;arts;creative writing;design,portfolio building;hands-on projects;career exploration,not a major concern,hybrid,South,Atlanta,Georgia,South,balanced,2 to 4 weeks,3,summer,9,12,faculty mentorship,13500,no,optional,"A 2 to 4 weeks pre-college experience focused on film, blending portfolio building with hands-on projects.",film;arts;creative writing;portfolio building;hands-on projects,solid,3.2-3.49,Foundational coursework or portfolio-building experience helpful,No formal experience required; beginner exposure helpful,moderate,"Portfolio, writing samples, or prior creative work may strengthen fit"
SYN-0217,Riverview Innovation Lab Global Research Lab in Education,Riverview Innovation Lab,synthetic_generated,,education,leadership;social impact,education;leadership;social impact,college preparation;social impact;career exploration,must be free,mostly in-person,East Coast,Pittsburgh,Pennsylvania,East Coast,very competitive,4 to 8 weeks,6,summer,9,12,project guidance,0,limited,yes,"A 4 to 8 weeks pre-college experience focused on education, blending college preparation with social impact.",education;leadership;social impact;college preparation;social impact,exceptional,3.8+,Introductory coursework or demonstrated interest helpful,Demonstrated sustained interest and prior exposure preferred,high,No strict prerequisite; demonstrated interest improves fit
SYN-0144,Cobalt Ridge University Open Door College Prep Seminar in Sustainability,Cobalt Ridge University,synthetic_generated,,sustainability,environmental science;social impact,sustainability;environmental science;social impact,social impact;leadership development;career exploration,strongly prefer free,hybrid,international,Singapore,Singapore,International,competitive,4 to 8 weeks,8,summer,9,12,application guidance,750,limited,optional,"A 4 to 8 weeks pre-college experience focused on sustainability, blending social impact with leadership development.",sustainability;environmental science;social impact;social impact;leadership development,strong,3.5-3.79,Foundational coursework helpful but not required,Some prior exposure helpful,moderately high,No strict prerequisite; demonstrated interest improves fit
SYN-0091,Northstar Future Institute Pioneer Bootcamp in Biochemistry,Northstar Future Institute,synthetic_generated,,biochemistry,chemistry;biology,biochemistry;chemistry;biology,research experience;academic challenge;career exploration,must be free,either,East Coast,Providence,Rhode Island,East Coast,less competitive,1 to 2 weeks,1,summer,9,12,peer community,0,limited,optional,"Designed for motivated teens, this program combines biochemistry content with research experience and academic challenge.",biochemistry;chemistry;biology;research experience;academic challenge,average,3.0-3.19,Introductory coursework helpful but not required,Beginner friendly; no prior experience required,moderate-low,No strict prerequisite; demonstrated interest improves fit
SYN-0524,Silverline Summer College Global Bootcamp in Data Science,Silverline Summer College,synthetic_generated,,data science,statistics;computer science,data science;statistics;computer science;mathematics,portfolio building;career exploration;hands-on projects,moderate cost is okay,online only,remote only,Remote,Remote,Remote,competitive,1 to 2 weeks,2,summer,9,12,independent exploration,2800,merit scholarships,no,"Designed for motivated teens, this program combines data science content with portfolio building and career exploration.",data science;statistics;computer science;portfolio building;career exploration,strong,3.5-3.79,Advanced coursework preferred (honors/AP/IB or strong equivalent),Some prior exposure or self-directed projects helpful,moderately high,Math/programming familiarity helpful; projects or coding exposure useful
SYN-0694,Aurora Youth Research Institute Discovery Immersion in Pharmacy,Aurora Youth Research Institute,synthetic_generated,,pharmacy,chemistry;biochemistry,pharmacy;chemistry;biochemistry,research experience;college preparation;career exploration,must be free,in-person only,international,Toronto,Canada,International,balanced,4 to 8 weeks,8,summer,10,12,small class size,0,merit scholarships,yes,This summer program helps high school students explore pharmacy through research experience and college preparation.,pharmacy;chemistry;biochemistry;research experience;college preparation,solid,3.2-3.49,Introductory coursework helpful but not required,No formal experience required; beginner exposure helpful,moderate,Biology/chemistry exposure helpful; healthcare interest expected
SYN-0922,Pacific Crest College Prep Elite Bootcamp in Business,Pacific Crest College Prep,synthetic_generated,,business,finance;marketing,business;finance;marketing;economics,career exploration;networking;leadership development,strongly prefer free,online only,remote only,Remote,Remote,Remote,very competitive,1 to 2 weeks,1,summer,9,12,faculty mentorship,750,merit scholarships,no,"Designed for motivated teens, this program combines business content with career exploration and networking.",business;finance;marketing;career exploration;networking,exceptional,3.8+,Relevant introductory coursework or strong extracurricular exposure helpful,Demonstrated sustained interest and prior exposure preferred,high,"Quantitative comfort, initiative, or leadership/project experience helpful"
SYN-0320,Granite Point Institute Global Research Lab in Sports Management,Granite Point Institute,synthetic_generated,,sports management,business;marketing,sports management;business;marketing;finance,leadership development;career exploration;networking,strongly prefer free,in-person only,East Coast,Philadelphia,Pennsylvania,East Coast,less competitive,1 to 2 weeks,1,summer,9,12,application guidance,350,merit scholarships,yes,"Designed for motivated teens, this program combines sports management content with leadership development and career exploration.",sports management;business;marketing;leadership development;career exploration,average,3.0-3.19,Foundational coursework helpful but not required,Beginner friendly; no prior experience required,moderate-low,No strict prerequisite; demonstrated interest improves fit
SYN-0738,Orbit Learning Institute Foundations Workshop Series in Mechanical Engineering,Orbit Learning Institute,synthetic_generated,,mechanical engineering,robotics;civil engineering,mechanical engineering;robotics;civil engineering,academic challenge;skill development;hands-on projects,low cost only,mostly in-person,international,Singapore,Singapore,International,less competitive,2 to 4 weeks,4,summer,9,12,project guidance,1500,need-based aid,yes,"Designed for motivated teens, this program combines mechanical engineering content with academic challenge and skill development.",mechanical engineering;robotics;civil engineering;academic challenge;skill development,average,3.0-3.19,Introductory coursework helpful but not required,Beginner friendly; no prior experience required,moderate-low,No strict prerequisite; demonstrated interest improves fit
SYN-0585,Meridian Scholars Collective Pioneer Explorers Program in Research,Meridian Scholars Collective,synthetic_generated,,research,biology;computer science,research;biology;computer science;chemistry,college preparation;academic challenge;research experience,must be free,mostly online,East Coast,Boston,Massachusetts,East Coast,competitive,1 to 2 weeks,1,summer,10,12,independent exploration,0,yes,optional,"A 1 to 2 weeks pre-college experience focused on research, blending college preparation with academic challenge.",research;biology;computer science;college preparation;academic challenge,strong,3.5-3.79,Foundational coursework helpful but not required,Some prior exposure helpful,moderately high,No strict prerequisite; demonstrated interest improves fit
SYN-0743,Sagebrook Academy Open Door College Prep Seminar in Social Impact,Sagebrook Academy,synthetic_generated,,social impact,leadership;public health,social impact;leadership;public health,networking;social impact;career exploration,cost matters but flexible,in-person only,South,Atlanta,Georgia,South,competitive,1 to 2 weeks,1,summer,9,12,student mentorship,5200,need-based aid,yes,"Designed for motivated teens, this program combines social impact content with networking and social impact.",social impact;leadership;public health;networking;social impact,strong,3.5-3.79,Introductory coursework or demonstrated interest helpful,Some prior exposure helpful,moderately high,No strict prerequisite; demonstrated interest improves fit
SYN-0473,Sagebrook Academy Advanced Research Lab in Electrical Engineering,Sagebrook Academy,synthetic_generated,,electrical engineering,physics;robotics,electrical engineering;physics;robotics;mathematics,hands-on projects;career exploration;skill development,strongly prefer free,mostly in-person,international,Toronto,Canada,International,competitive,1 to 2 weeks,2,fall,9,12,peer community,750,need-based aid,yes,This fall program helps high school students explore electrical engineering through hands-on projects and career exploration.,electrical engineering;physics;robotics;hands-on projects;career exploration,strong,3.5-3.79,Advanced coursework preferred (honors/AP/IB or strong equivalent),Some prior exposure or self-directed projects helpful,moderately high,No strict prerequisite; demonstrated interest improves fit
SYN-0440,Granite Point Institute Discovery Scholars Program in Biomedical Engineering,Granite Point Institute,synthetic_generated,,biomedical engineering,medicine;mechanical engineering,biomedical engineering;medicine;mechanical engineering;biology,research experience;hands-on projects;career exploration,not a major concern,in-person only,South,Atlanta,Georgia,South,balanced,4 to 8 weeks,6,summer,10,12,project guidance,10500,no,yes,"Designed for motivated teens, this program combines biomedical engineering content with research experience and hands-on projects.",biomedical engineering;medicine;mechanical engineering;research experience;hands-on projects,solid,3.2-3.49,Introductory coursework helpful but not required,No formal experience required; beginner exposure helpful,moderate,No strict prerequisite; demonstrated interest improves fit
SYN-0674,Silverline Summer College Global Immersion in Veterinary Medicine,Silverline Summer College,synthetic_generated,,veterinary medicine,biology;medicine,veterinary medicine;biology;medicine;chemistry,medical exposure;research experience;career exploration,not a major concern,in-person only,East Coast,New York,New York,East Coast,balanced,4 to 8 weeks,8,summer,9,12,peer community,9200,yes,yes,"A 4 to 8 weeks pre-college experience focused on veterinary medicine, blending medical exposure with research experience.",veterinary medicine;biology;medicine;medical exposure;research experience,solid,3.2-3.49,Foundational coursework helpful but not required,No formal experience required; beginner exposure helpful,moderate,No strict prerequisite; demonstrated interest improves fit
SYN-0496,Skyline Discovery Institute Advanced Leadership Forum in Research,Skyline Discovery Institute,synthetic_generated,,research,biology;computer science,research;biology;computer science;chemistry,college preparation;academic challenge;research experience,low cost only,mostly online,East Coast,Raleigh,North Carolina,East Coast,less competitive,1 to 2 weeks,1,summer,10,12,faculty mentorship,1500,merit scholarships,optional,"Designed for motivated teens, this program combines research content with college preparation and academic challenge.",research;biology;computer science;college preparation;academic challenge,average,3.0-3.19,Foundational coursework helpful but not required,Beginner friendly; no prior experience required,moderate-low,No strict prerequisite; demonstrated interest improves fit
SYN-0481,Northstar Future Institute Frontier Immersion in Social Impact,Northstar Future Institute,synthetic_generated,,social impact,leadership;public health,social impact;leadership;public health,networking;leadership development;social impact,not a major concern,online only,remote only,Remote,Remote,Remote,less competitive,2 to 4 weeks,4,summer,9,12,application guidance,11800,need-based aid,no,This summer program helps high school students explore social impact through networking and leadership development.,social impact;leadership;public health;networking;leadership development,average,3.0-3.19,Introductory coursework or demonstrated interest helpful,Beginner friendly; no prior experience required,moderate-low,No strict prerequisite; demonstrated interest improves fit
SYN-0293,Sagebrook Academy Young Innovators Bootcamp in Film,Sagebrook Academy,synthetic_generated,,film,arts;creative writing,film;arts;creative writing;design,hands-on projects;meeting like-minded students;career exploration,cost matters but flexible,hybrid,West Coast,Los Angeles,California,West Coast,very competitive,1 to 2 weeks,2,summer,9,12,research mentorship,5200,need-based aid,optional,This summer program helps high school students explore film through hands-on projects and meeting like-minded students.,film;arts;creative writing;hands-on projects;meeting like-minded students,exceptional,3.8+,Foundational coursework or portfolio-building experience helpful,"Strong prior experience, portfolio, or sustained work preferred",high,"Portfolio, writing samples, or prior creative work may strengthen fit"
SYN-0143,Sagebrook Academy Elite Scholars Program in Mathematics,Sagebrook Academy,synthetic_generated,,mathematics,statistics;physics,mathematics;statistics;physics,college preparation;academic challenge;skill development,must be free,either,Midwest,Ann Arbor,Michigan,Midwest,balanced,1 to 2 weeks,1,summer,9,12,research mentorship,0,merit scholarships,optional,This summer program helps high school students explore mathematics through college preparation and academic challenge.,mathematics;statistics;physics;college preparation;academic challenge,solid,3.2-3.49,Introductory coursework helpful but not required,No formal experience required; beginner exposure helpful,moderate,No strict prerequisite; demonstrated interest improves fit
SYN-0825,Meridian Scholars Collective Foundations Scholars Program in Sports Management,Meridian Scholars Collective,synthetic_generated,,sports management,business;marketing,sports management;business;marketing;finance,career exploration;leadership development;networking,moderate cost is okay,in-person only,Midwest,Madison,Wisconsin,Midwest,competitive,1 to 2 weeks,1,summer,9,12,student mentorship,4500,yes,yes,This summer program helps high school students explore sports management through career exploration and leadership development.,sports management;business;marketing;career exploration;leadership development,strong,3.5-3.79,Foundational coursework helpful but not required,Some prior exposure helpful,moderately high,No strict prerequisite; demonstrated interest improves fit
SYN-0548,Crescent Peak University Young Innovators College Prep Seminar in Genetics,Crescent Peak University,synthetic_generated,,genetics,biology;biotechnology,genetics;biology;biotechnology;chemistry,research experience;academic challenge;career exploration,must be free,hybrid,Midwest,Chicago,Illinois,Midwest,balanced,1 to 2 weeks,2,summer,9,12,peer community,0,limited,optional,"Designed for motivated teens, this program combines genetics content with research experience and academic challenge.",genetics;biology;biotechnology;research experience;academic challenge,solid,3.2-3.49,Introductory coursework helpful but not required,No formal experience required; beginner exposure helpful,moderate,No strict prerequisite; demonstrated interest improves fit
SYN-0648,Orbit Learning Institute Elite Field School in Research,Orbit Learning Institute,synthetic_generated,,research,biology;computer science,research;biology;computer science;chemistry,college preparation;mentorship;research experience,strongly prefer free,hybrid,West Coast,San Francisco,California,West Coast,open enrollment,1 to 2 weeks,2,summer,10,12,project guidance,500,merit scholarships,optional,"A 1 to 2 weeks pre-college experience focused on research, blending college preparation with mentorship.",research;biology;computer science;college preparation;mentorship,accessible,No formal minimum / 2.5+ preferred,Foundational coursework helpful but not required,Open to beginners; no prior experience required,accessible,No strict prerequisite; demonstrated interest improves fit
SYN-0468,Orbit Learning Institute Advanced Bootcamp in Music,Orbit Learning Institute,synthetic_generated,,music,arts;film,music;arts;film;design,meeting like-minded students;portfolio building;career exploration,not a major concern,mostly online,Arizona,Phoenix,Arizona,Southwest,balanced,4 to 8 weeks,6,summer,8,12,independent exploration,10500,yes,optional,"Designed for motivated teens, this program combines music content with meeting like-minded students and portfolio building.",music;arts;film;meeting like-minded students;portfolio building,solid,3.2-3.49,Foundational coursework or portfolio-building experience helpful,No formal experience required; beginner exposure helpful,moderate,"Portfolio, writing samples, or prior creative work may strengthen fit"
SYN-0196,Skyline Discovery Institute Honors Field School in Entrepreneurship,Skyline Discovery Institute,synthetic_generated,,entrepreneurship,business;marketing,entrepreneurship;business;marketing;finance,portfolio building;hands-on projects;networking,low cost only,in-person only,anywhere in the U.S.,Boulder,Colorado,Mountain,competitive,1 to 2 weeks,1,summer,9,12,faculty mentorship,2200,merit scholarships,yes,This summer program helps high school students explore entrepreneurship through portfolio building and hands-on projects.,entrepreneurship;business;marketing;portfolio building;hands-on projects,strong,3.5-3.79,Relevant introductory coursework or strong extracurricular exposure helpful,Some prior exposure helpful,moderately high,"Quantitative comfort, initiative, or leadership/project experience helpful"
SYN-0090,Compass Youth University Honors Research Lab in Political Science,Compass Youth University,synthetic_generated,,political science,international relations;law,political science;international relations;law,leadership development;academic challenge;career exploration,not a major concern,either,international,Oxford,England,International,less competitive,1 to 2 weeks,1,summer,10,12,project guidance,9200,limited,optional,"Designed for motivated teens, this program combines political science content with leadership development and academic challenge.",political science;international relations;law;leadership development;academic challenge,average,3.0-3.19,Introductory coursework or demonstrated interest helpful,Beginner friendly; no prior experience required,moderate-low,No strict prerequisite; demonstrated interest improves fit
SYN-0789,Prairie Stone Scholars Program Applied College Prep Seminar in Veterinary Medicine,Prairie Stone Scholars Program,synthetic_generated,,veterinary medicine,biology;medicine,veterinary medicine;biology;medicine;chemistry,hands-on projects;research experience;career exploration,low cost only,in-person only,East Coast,Raleigh,North Carolina,East Coast,competitive,4 to 8 weeks,6,summer,9,12,faculty mentorship,1800,need-based aid,yes,"A 4 to 8 weeks pre-college experience focused on veterinary medicine, blending hands-on projects with research experience.",veterinary medicine;biology;medicine;hands-on projects;research experience,strong,3.5-3.79,Foundational coursework helpful but not required,Some prior exposure helpful,moderately high,No strict prerequisite; demonstrated interest improves fit
REAL-0064,NSLC Medicine & Health Care - Duke University,National Student Leadership Conference,real_sourced,https://www.nslcleaders.org/summer-program-locations/raleigh-durham-high-school-programs/,medicine,biology;public health;research,medicine;biology;public health;research,medical exposure;career exploration;college preparation,moderate cost is okay,in-person only,East Coast,Durham,North Carolina,East Coast,balanced,1 to 2 weeks,1.3,summer,9,12,peer community,4395,scholarships available,yes,Residential NSLC pre-college program in medicine & health care hosted on the Duke campus.,medicine;biology;public health;research;medical exposure;career exploration,solid,3.2-3.49,Introductory coursework helpful but not required,No formal experience required; beginner exposure helpful,moderate,Biology/chemistry exposure helpful; healthcare interest expected
SYN-0371,Evergreen Future Lab Pioneer Research Lab in Biology,Evergreen Future Lab,synthetic_generated,,biology,chemistry;research,biology;chemistry;research;biochemistry,academic challenge;research experience;college preparation,must be free,in-person only,Midwest,Ann Arbor,Michigan,Midwest,open enrollment,1 to 2 weeks,1,summer,9,12,peer community,0,need-based aid,yes,"A 1 to 2 weeks pre-college experience focused on biology, blending academic challenge with research experience.",biology;chemistry;research;academic challenge;research experience,accessible,No formal minimum / 2.5+ preferred,Introductory coursework helpful but not required,Open to beginners; no prior experience required,accessible,No strict prerequisite; demonstrated interest improves fit
SYN-0276,Catalyst Pre-College Center Frontier Field School in Creative Writing,Catalyst Pre-College Center,synthetic_generated,,creative writing,journalism;history,creative writing;journalism;history,meeting like-minded students;college preparation;portfolio building,low cost only,mostly in-person,East Coast,Boston,Massachusetts,East Coast,open enrollment,4 to 8 weeks,6,summer,9,12,student mentorship,1200,merit scholarships,yes,This summer program helps high school students explore creative writing through meeting like-minded students and college preparation.,creative writing;journalism;history;meeting like-minded students;college preparation,accessible,No formal minimum / 2.5+ preferred,Foundational coursework or portfolio-building experience helpful,Open to beginners; no prior experience required,accessible,"Portfolio, writing samples, or prior creative work may strengthen fit"
SYN-0450,Compass Youth University Elite Workshop Series in Law,Compass Youth University,synthetic_generated,,law,political science;history,law;political science;history;international relations,resume building;career exploration;leadership development,low cost only,mostly in-person,anywhere in the U.S.,Boulder,Colorado,Mountain,less competitive,1 to 2 weeks,1,summer,10,12,faculty mentorship,2200,need-based aid,yes,This summer program helps high school students explore law through resume building and career exploration.,law;political science;history;resume building;career exploration,average,3.0-3.19,Introductory coursework or demonstrated interest helpful,Beginner friendly; no prior experience required,moderate-low,No strict prerequisite; demonstrated interest improves fit
SYN-0685,Urban Horizon Institute Foundations College Prep Seminar in Physics,Urban Horizon Institute,synthetic_generated,,physics,mathematics;engineering,physics;mathematics;engineering;statistics,college preparation;research experience;hands-on projects,cost matters but flexible,hybrid,anywhere in the U.S.,Denver,Colorado,Mountain,competitive,4 to 8 weeks,8,summer,9,12,independent exploration,7200,yes,optional,"A 4 to 8 weeks pre-college experience focused on physics, blending college preparation with research experience.",physics;mathematics;engineering;college preparation;research experience,strong,3.5-3.79,Advanced coursework preferred (honors/AP/IB or strong equivalent),Some prior exposure or self-directed projects helpful,moderately high,No strict prerequisite; demonstrated interest improves fit
SYN-0424,Aurora Youth Research Institute Pioneer Scholars Program in Mathematics,Aurora Youth Research Institute,synthetic_generated,,mathematics,statistics;physics,mathematics;statistics;physics,college preparation;skill development;major exploration,strongly prefer free,either,South,Miami,Florida,South,very competitive,1 to 2 weeks,1,summer,9,12,student mentorship,500,yes,optional,This summer program helps high school students explore mathematics through college preparation and skill development.,mathematics;statistics;physics;college preparation;skill development,exceptional,3.8+,Advanced coursework preferred (honors/AP/IB or strong equivalent),"Some prior projects, research, competitions, or advanced exposure preferred",high,No strict prerequisite; demonstrated interest improves fit
SYN-0461,Evergreen Future Lab Pioneer Bootcamp in Arts,Evergreen Future Lab,synthetic_generated,,arts,design;film,arts;design;film;graphic design,portfolio building;skill development;hands-on projects,low cost only,hybrid,East Coast,Philadelphia,Pennsylvania,East Coast,balanced,4 to 8 weeks,6,summer,8,12,career guidance,1500,limited,optional,This summer program helps high school students explore arts through portfolio building and skill development.,arts;design;film;portfolio building;skill development,solid,3.2-3.49,Foundational coursework or portfolio-building experience helpful,No formal experience required; beginner exposure helpful,moderate,"Portfolio, writing samples, or prior creative work may strengthen fit"
SYN-0830,Granite Point Institute Pioneer Field School in Arts,Granite Point Institute,synthetic_generated,,arts,design;film,arts;design;film;graphic design,skill development;meeting like-minded students;portfolio building,cost matters but flexible,mostly online,East Coast,New York,New York,East Coast,open enrollment,4 to 8 weeks,6,summer,8,12,student mentorship,5200,merit scholarships,optional,"Designed for motivated teens, this program combines arts content with skill development and meeting like-minded students.",arts;design;film;skill development;meeting like-minded students,accessible,No formal minimum / 2.5+ preferred,Foundational coursework or portfolio-building experience helpful,Open to beginners; no prior experience required,accessible,"Portfolio, writing samples, or prior creative work may strengthen fit"
SYN-0889,Bridgewater Youth Academy Discovery Immersion in Philosophy,Bridgewater Youth Academy,synthetic_generated,,philosophy,history;law,philosophy;history;law;political science,college preparation;major exploration;academic challenge,strongly prefer free,online only,remote only,Remote,Remote,Remote,less competitive,2 to 4 weeks,4,summer,9,12,student mentorship,350,yes,no,"A 2 to 4 weeks pre-college experience focused on philosophy, blending college preparation with major exploration.",philosophy;history;law;college preparation;major exploration,average,3.0-3.19,Introductory coursework or demonstrated interest helpful,Beginner friendly; no prior experience required,moderate-low,No strict prerequisite; demonstrated interest improves fit
SYN-0123,Pioneer Horizon University Open Door Leadership Forum in Public Health,Pioneer Horizon University,synthetic_generated,,public health,medicine;biology,public health;medicine;biology,research experience;leadership development;career exploration,strongly prefer free,mostly in-person,East Coast,Philadelphia,Pennsylvania,East Coast,balanced,1 to 2 weeks,1,summer,9,12,career guidance,500,no,yes,Students build confidence in public health while developing transferable skills through research experience and leadership development.,public health;medicine;biology;research experience;leadership development,solid,3.2-3.49,Introductory coursework or demonstrated interest helpful,No formal experience required; beginner exposure helpful,moderate,Biology/chemistry exposure helpful; healthcare interest expected
SYN-0610,Coastal Edge Institute Global College Prep Seminar in Journalism,Coastal Edge Institute,synthetic_generated,,journalism,creative writing;political science,journalism;creative writing;political science,portfolio building;leadership development;networking,moderate cost is okay,hybrid,West Coast,San Francisco,California,West Coast,balanced,2 to 4 weeks,4,summer,9,12,peer community,3800,merit scholarships,optional,This summer program helps high school students explore journalism through portfolio building and leadership development.,journalism;creative writing;political science;portfolio building;leadership development,solid,3.2-3.49,Foundational coursework or portfolio-building experience helpful,No formal experience required; beginner exposure helpful,moderate,"Portfolio, writing samples, or prior creative work may strengthen fit"
SYN-0280,Coastal Edge Institute Future Leaders Immersion in Education,Coastal Edge Institute,synthetic_generated,,education,leadership;social impact,education;leadership;social impact,leadership development;college preparation;social impact,must be free,mostly online,anywhere in the U.S.,Denver,Colorado,Mountain,competitive,4 to 8 weeks,8,summer,9,12,independent exploration,0,limited,optional,"A 4 to 8 weeks pre-college experience focused on education, blending leadership development with college preparation.",education;leadership;social impact;leadership development;college preparation,strong,3.5-3.79,Introductory coursework or demonstrated interest helpful,Some prior exposure helpful,moderately high,No strict prerequisite; demonstrated interest improves fit
SYN-0314,Silverline Summer College Young Innovators Immersion in Veterinary Medicine,Silverline Summer College,synthetic_generated,,veterinary medicine,biology;medicine,veterinary medicine;biology;medicine;chemistry,medical exposure;hands-on projects;research experience,low cost only,in-person only,anywhere in the U.S.,Boulder,Colorado,Mountain,very competitive,1 to 2 weeks,1,summer,9,12,small class size,2200,no,yes,"A 1 to 2 weeks pre-college experience focused on veterinary medicine, blending medical exposure with hands-on projects.",veterinary medicine;biology;medicine;medical exposure;hands-on projects,exceptional,3.8+,Foundational coursework helpful but not required,Demonstrated sustained interest and prior exposure preferred,high,No strict prerequisite; demonstrated interest improves fit
SYN-0840,Compass Youth University Open Door Leadership Forum in Game Development,Compass Youth University,synthetic_generated,,game development,computer science;design,game development;computer science;design;software engineering,hands-on projects;portfolio building;meeting like-minded students,cost matters but flexible,hybrid,West Coast,San Diego,California,West Coast,competitive,2 to 4 weeks,3,summer,8,12,faculty mentorship,7200,need-based aid,optional,This summer program helps high school students explore game development through hands-on projects and portfolio building.,game development;computer science;design;hands-on projects;portfolio building,strong,3.5-3.79,Foundational coursework helpful but not required,Some prior exposure helpful,moderately high,No strict prerequisite; demonstrated interest improves fit
SYN-0305,Summit Forge Academy Applied Leadership Forum in Psychology,Summit Forge Academy,synthetic_generated,,psychology,neuroscience;public health,psychology;neuroscience;public health;biology,academic challenge;research experience;career exploration,not a major concern,mostly in-person,West Coast,Portland,Oregon,West Coast,balanced,2 to 4 weeks,3,summer,9,12,faculty mentorship,9200,yes,yes,"Designed for motivated teens, this program combines psychology content with academic challenge and research experience.",psychology;neuroscience;public health;academic challenge;research experience,solid,3.2-3.49,Introductory coursework or demonstrated interest helpful,No formal experience required; beginner exposure helpful,moderate,No strict prerequisite; demonstrated interest improves fit
SYN-0505,Urban Horizon Institute Pioneer Field School in Marine Biology,Urban Horizon Institute,synthetic_generated,,marine biology,biology;environmental science,marine biology;biology;environmental science;chemistry,career exploration;research experience;social impact,strongly prefer free,either,West Coast,San Francisco,California,West Coast,less competitive,1 to 2 weeks,1,summer,9,12,peer community,750,limited,optional,Students build confidence in marine biology while developing transferable skills through career exploration and research experience.,marine biology;biology;environmental science;career exploration;research experience,average,3.0-3.19,Foundational coursework helpful but not required,Beginner friendly; no prior experience required,moderate-low,No strict prerequisite; demonstrated interest improves fit
SYN-0212,Blue Mesa Scholars Academy Open Door Innovation Studio in Political Science,Blue Mesa Scholars Academy,synthetic_generated,,political science,international relations;law,political science;international relations;law,career exploration;academic challenge;social impact,must be free,either,West Coast,Seattle,Washington,West Coast,very competitive,1 to 2 weeks,1,summer,10,12,peer community,0,limited,optional,"A 1 to 2 weeks pre-college experience focused on political science, blending career exploration with academic challenge.",political science;international relations;law;career exploration;academic challenge,exceptional,3.8+,Introductory coursework or demonstrated interest helpful,Demonstrated sustained interest and prior exposure preferred,high,No strict prerequisite; demonstrated interest improves fit
SYN-0627,Mosaic Futures Academy Advanced Summer Academy in Research,Mosaic Futures Academy,synthetic_generated,,research,biology;computer science,research;biology;computer science;chemistry,college preparation;academic challenge;research experience,must be free,in-person only,East Coast,Philadelphia,Pennsylvania,East Coast,balanced,2 to 4 weeks,3,summer,10,12,research mentorship,0,need-based aid,yes,This summer program helps high school students explore research through college preparation and academic challenge.,research;biology;computer science;college preparation;academic challenge,solid,3.2-3.49,Foundational coursework helpful but not required,No formal experience required; beginner exposure helpful,moderate,No strict prerequisite; demonstrated interest improves fit
SYN-0203,Sagebrook Academy Pioneer Leadership Forum in Genetics,Sagebrook Academy,synthetic_generated,,genetics,biology;biotechnology,genetics;biology;biotechnology;chemistry,career exploration;research experience;college preparation,cost matters but flexible,either,West Coast,Seattle,Washington,West Coast,balanced,1 to 2 weeks,2,summer,9,12,application guidance,8400,yes,optional,This summer program helps high school students explore genetics through career exploration and research experience.,genetics;biology;biotechnology;career exploration;research experience,solid,3.2-3.49,Introductory coursework helpful but not required,No formal experience required; beginner exposure helpful,moderate,No strict prerequisite; demonstrated interest improves fit
SYN-0719,Brightwater Institute Pioneer College Prep Seminar in Environmental Science,Brightwater Institute,synthetic_generated,,environmental science,sustainability;biology,environmental science;sustainability;biology,social impact;career exploration;research experience,low cost only,in-person only,anywhere in the U.S.,Boulder,Colorado,Mountain,balanced,1 to 2 weeks,1,summer,9,12,faculty mentorship,1500,yes,yes,"A 1 to 2 weeks pre-college experience focused on environmental science, blending social impact with career exploration.",environmental science;sustainability;biology;social impact;career exploration,solid,3.2-3.49,Introductory coursework helpful but not required,No formal experience required; beginner exposure helpful,moderate,No strict prerequisite; demonstrated interest improves fit
SYN-0874,Aurora Youth Research Institute Open Door Workshop Series in Fashion Design,Aurora Youth Research Institute,synthetic_generated,,fashion design,design;arts,fashion design;design;arts;graphic design,networking;hands-on projects;portfolio building,strongly prefer free,in-person only,East Coast,Raleigh,North Carolina,East Coast,balanced,2 to 4 weeks,4,summer,8,12,student mentorship,350,merit scholarships,yes,Students build confidence in fashion design while developing transferable skills through networking and hands-on projects.,fashion design;design;arts;networking;hands-on projects,solid,3.2-3.49,Foundational coursework helpful but not required,No formal experience required; beginner exposure helpful,moderate,No strict prerequisite; demonstrated interest improves fit
SYN-0470,Granite Point Institute Frontier Immersion in Entrepreneurship,Granite Point Institute,synthetic_generated,,entrepreneurship,business;marketing,entrepreneurship;business;marketing;finance,portfolio building;leadership development;networking,moderate cost is okay,mostly in-person,West Coast,San Francisco,California,West Coast,competitive,2 to 4 weeks,3,summer,9,12,faculty mentorship,4500,yes,yes,"Designed for motivated teens, this program combines entrepreneurship content with portfolio building and leadership development.",entrepreneurship;business;marketing;portfolio building;leadership development,strong,3.5-3.79,Relevant introductory coursework or strong extracurricular exposure helpful,Some prior exposure helpful,moderately high,"Quantitative comfort, initiative, or leadership/project experience helpful"
REAL-0023,Summer College,Georgetown University,real_sourced,https://summer.georgetown.edu/programs/SHS04/summer-college/,interdisciplinary,education;college preparation;leadership,interdisciplinary;education;college preparation;leadership,college preparation;career exploration;academic challenge,cost matters but flexible,in-person only,East Coast,Washington,District of Columbia,East Coast,competitive,4 to 8 weeks,5,summer,9,12,faculty mentorship,6500,limited,yes,College-credit summer courses for high school students easing the transition to college.,interdisciplinary;education;college preparation;leadership;college preparation;career exploration,strong,3.5-3.79,Foundational coursework helpful but not required,Some prior exposure helpful,moderately high,No strict prerequisite; demonstrated interest improves fit
SYN-0479,Brightwater Institute Global Bootcamp in Nursing,Brightwater Institute,synthetic_generated,,nursing,medicine;public health,nursing;medicine;public health;biology,leadership development;medical exposure;hands-on projects,cost matters but flexible,mostly in-person,South,Nashville,Tennessee,South,open enrollment,1 to 2 weeks,2,summer,9,12,small class size,8400,need-based aid,yes,Students build confidence in nursing while developing transferable skills through leadership development and medical exposure.,nursing;medicine;public health;leadership development;medical exposure,accessible,No formal minimum / 2.5+ preferred,Introductory coursework helpful but not required,Open to beginners; no prior experience required,accessible,Biology/chemistry exposure helpful; healthcare interest expected
SYN-0034,Aurora Youth Research Institute Future Leaders Explorers Program in Leadership,Aurora Youth Research Institute,synthetic_generated,,leadership,social impact;business,leadership;social impact;business,leadership development;meeting like-minded students;college preparation,strongly prefer free,hybrid,Midwest,Chicago,Illinois,Midwest,less competitive,4 to 8 weeks,8,summer,9,12,student mentorship,750,no,optional,Students build confidence in leadership while developing transferable skills through leadership development and meeting like-minded students.,leadership;social impact;business;leadership development;meeting like-minded students,average,3.0-3.19,Introductory coursework or demonstrated interest helpful,Beginner friendly; no prior experience required,moderate-low,No strict prerequisite; demonstrated interest improves fit
SYN-0232,Pacific Crest College Prep Foundations Immersion in Entrepreneurship,Pacific Crest College Prep,synthetic_generated,,entrepreneurship,business;marketing,entrepreneurship;business;marketing;finance,networking;hands-on projects;leadership development,low cost only,either,East Coast,Baltimore,Maryland,East Coast,balanced,2 to 4 weeks,3,summer,9,12,research mentorship,1200,no,optional,This summer program helps high school students explore entrepreneurship through networking and hands-on projects.,entrepreneurship;business;marketing;networking;hands-on projects,solid,3.2-3.49,Relevant introductory coursework or strong extracurricular exposure helpful,No formal experience required; beginner exposure helpful,moderate,"Quantitative comfort, initiative, or leadership/project experience helpful"
SYN-0397,Riverview Innovation Lab Open Door Explorers Program in Machine Learning,Riverview Innovation Lab,synthetic_generated,,machine learning,artificial intelligence;data science,machine learning;artificial intelligence;data science,research experience;portfolio building;skill development,cost matters but flexible,mostly online,West Coast,San Francisco,California,West Coast,competitive,2 to 4 weeks,3,summer,9,12,career guidance,5200,yes,optional,"A 2 to 4 weeks pre-college experience focused on machine learning, blending research experience with portfolio building.",machine learning;artificial intelligence;data science;research experience;portfolio building,strong,3.5-3.79,Advanced coursework preferred (honors/AP/IB or strong equivalent),Some prior exposure or self-directed projects helpful,moderately high,Math/programming familiarity helpful; projects or coding exposure useful
SYN-0134,Silverline Summer College Advanced Pre-College Institute for International Relations,Silverline Summer College,synthetic_generated,,international relations,political science;law,international relations;political science;law,leadership development;social impact;career exploration,low cost only,mostly online,East Coast,Philadelphia,Pennsylvania,East Coast,balanced,1 to 2 weeks,2,summer,10,12,application guidance,1200,no,optional,Students build confidence in international relations while developing transferable skills through leadership development and social impact.,international relations;political science;law;leadership development;social impact,solid,3.2-3.49,Introductory coursework or demonstrated interest helpful,No formal experience required; beginner exposure helpful,moderate,No strict prerequisite; demonstrated interest improves fit
SYN-0644,Silverline Summer College Pioneer Field School in Music,Silverline Summer College,synthetic_generated,,music,arts;film,music;arts;film;design,skill development;meeting like-minded students;career exploration,cost matters but flexible,either,East Coast,Washington,District of Columbia,East Coast,balanced,1 to 2 weeks,1,summer,8,12,application guidance,8400,no,optional,This summer program helps high school students explore music through skill development and meeting like-minded students.,music;arts;film;skill development;meeting like-minded students,solid,3.2-3.49,Foundational coursework or portfolio-building experience helpful,No formal experience required; beginner exposure helpful,moderate,"Portfolio, writing samples, or prior creative work may strengthen fit"
SYN-0198,Orbit Learning Institute Pioneer Innovation Studio in Medicine,Orbit Learning Institute,synthetic_generated,,medicine,biology;public health,medicine;biology;public health;chemistry,hands-on projects;medical exposure;career exploration,cost matters but flexible,either,East Coast,Pittsburgh,Pennsylvania,East Coast,less competitive,2 to 4 weeks,3,summer,9,12,student mentorship,7200,merit scholarships,optional,Students build confidence in medicine while developing transferable skills through hands-on projects and medical exposure.,medicine;biology;public health;hands-on projects;medical exposure,average,3.0-3.19,Introductory coursework helpful but not required,Beginner friendly; no prior experience required,moderate-low,Biology/chemistry exposure helpful; healthcare interest expected
SYN-0247,Riverview Innovation Lab Honors Immersion in Law,Riverview Innovation Lab,synthetic_generated,,law,political science;history,law;political science;history;international relations,career exploration;leadership development;academic challenge,cost matters but flexible,hybrid,South,Nashville,Tennessee,South,less competitive,1 to 2 weeks,2,summer,10,12,research mentorship,7200,no,optional,This summer program helps high school students explore law through career exploration and leadership development.,law;political science;history;career exploration;leadership development,average,3.0-3.19,Introductory coursework or demonstrated interest helpful,Beginner friendly; no prior experience required,moderate-low,No strict prerequisite; demonstrated interest improves fit
SYN-0916,Skyline Discovery Institute Advanced Workshop Series in Architecture,Skyline Discovery Institute,synthetic_generated,,architecture,civil engineering;design,architecture;civil engineering;design,academic challenge;hands-on projects;career exploration,must be free,either,anywhere in the U.S.,Denver,Colorado,Mountain,balanced,2 to 4 weeks,4,summer,9,12,application guidance,0,no,optional,Students build confidence in architecture while developing transferable skills through academic challenge and hands-on projects.,architecture;civil engineering;design;academic challenge;hands-on projects,solid,3.2-3.49,Foundational coursework or portfolio-building experience helpful,No formal experience required; beginner exposure helpful,moderate,"Portfolio, writing samples, or prior creative work may strengthen fit"
SYN-0097,Riverview Innovation Lab Open Door Summer Academy in Veterinary Medicine,Riverview Innovation Lab,synthetic_generated,,veterinary medicine,biology;medicine,veterinary medicine;biology;medicine;chemistry,research experience;career exploration;medical exposure,cost matters but flexible,in-person only,East Coast,Pittsburgh,Pennsylvania,East Coast,balanced,1 to 2 weeks,1,summer,9,12,project guidance,8400,need-based aid,yes,This summer program helps high school students explore veterinary medicine through research experience and career exploration.,veterinary medicine;biology;medicine;research experience;career exploration,solid,3.2-3.49,Foundational coursework helpful but not required,No formal experience required; beginner exposure helpful,moderate,No strict prerequisite; demonstrated interest improves fit
SYN-0339,Prairie Stone Scholars Program Applied Scholars Program in Sustainability,Prairie Stone Scholars Program,synthetic_generated,,sustainability,environmental science;social impact,sustainability;environmental science;social impact,leadership development;social impact;hands-on projects,low cost only,mostly in-person,West Coast,Portland,Oregon,West Coast,less competitive,1 to 2 weeks,1,summer,9,12,peer community,1800,merit scholarships,yes,"Designed for motivated teens, this program combines sustainability content with leadership development and social impact.",sustainability;environmental science;social impact;leadership development;social impact,average,3.0-3.19,Foundational coursework helpful but not required,Beginner friendly; no prior experience required,moderate-low,No strict prerequisite; demonstrated interest improves fit
SYN-0476,Cedar Grove Scholars Frontier Field School in Marketing,Cedar Grove Scholars,synthetic_generated,,marketing,business;design,marketing;business;design;finance,leadership development;portfolio building;career exploration,cost matters but flexible,in-person only,South,Austin,Texas,South,less competitive,1 to 2 weeks,1,summer,9,12,research mentorship,5200,yes,yes,"A 1 to 2 weeks pre-college experience focused on marketing, blending leadership development with portfolio building.",marketing;business;design;leadership development;portfolio building,average,3.0-3.19,Relevant introductory coursework or strong extracurricular exposure helpful,Beginner friendly; no prior experience required,moderate-low,"Quantitative comfort, initiative, or leadership/project experience helpful"
SYN-0113,Sagebrook Academy Elite Leadership Forum in Biotechnology,Sagebrook Academy,synthetic_generated,,biotechnology,biology;chemistry,biotechnology;biology;chemistry,career exploration;hands-on projects;research experience,strongly prefer free,either,West Coast,San Francisco,California,West Coast,balanced,2 to 4 weeks,3,summer,9,12,application guidance,350,limited,optional,"Designed for motivated teens, this program combines biotechnology content with career exploration and hands-on projects.",biotechnology;biology;chemistry;career exploration;hands-on projects,solid,3.2-3.49,Introductory coursework helpful but not required,No formal experience required; beginner exposure helpful,moderate,No strict prerequisite; demonstrated interest improves fit
SYN-0663,Pioneer Horizon University Discovery Innovation Studio in Data Science,Pioneer Horizon University,synthetic_generated,,data science,statistics;computer science,data science;statistics;computer science;mathematics,skill development;portfolio building;career exploration,cost matters but flexible,hybrid,West Coast,San Diego,California,West Coast,very competitive,1 to 2 weeks,1,summer,9,12,research mentorship,5200,need-based aid,optional,This summer program helps high school students explore data science through skill development and portfolio building.,data science;statistics;computer science;skill development;portfolio building,exceptional,3.8+,Advanced coursework preferred (honors/AP/IB or strong equivalent),"Some prior projects, research, competitions, or advanced exposure preferred",high,Math/programming familiarity helpful; projects or coding exposure useful
SYN-0730,Coastal Edge Institute Open Door Bootcamp in Law,Coastal Edge Institute,synthetic_generated,,law,political science;history,law;political science;history;international relations,academic challenge;leadership development;career exploration,must be free,in-person only,international,Toronto,Canada,International,balanced,1 to 2 weeks,1,summer,10,12,peer community,0,need-based aid,yes,"A 1 to 2 weeks pre-college experience focused on law, blending academic challenge with leadership development.",law;political science;history;academic challenge;leadership development,solid,3.2-3.49,Introductory coursework or demonstrated interest helpful,No formal experience required; beginner exposure helpful,moderate,No strict prerequisite; demonstrated interest improves fit
SYN-0755,Summit Forge Academy Global Innovation Studio in Veterinary Medicine,Summit Forge Academy,synthetic_generated,,veterinary medicine,biology;medicine,veterinary medicine;biology;medicine;chemistry,medical exposure;career exploration;research experience,strongly prefer free,mostly in-person,South,Atlanta,Georgia,South,less competitive,4 to 8 weeks,8,summer,9,12,career guidance,500,need-based aid,yes,This summer program helps high school students explore veterinary medicine through medical exposure and career exploration.,veterinary medicine;biology;medicine;medical exposure;career exploration,average,3.0-3.19,Foundational coursework helpful but not required,Beginner friendly; no prior experience required,moderate-low,No strict prerequisite; demonstrated interest improves fit
SYN-0715,Urban Horizon Institute Foundations Summer Academy in Chemistry,Urban Horizon Institute,synthetic_generated,,chemistry,biochemistry;research,chemistry;biochemistry;research,academic challenge;research experience;hands-on projects,must be free,mostly online,West Coast,San Diego,California,West Coast,open enrollment,1 to 2 weeks,1,summer,9,12,research mentorship,0,merit scholarships,optional,Students build confidence in chemistry while developing transferable skills through academic challenge and research experience.,chemistry;biochemistry;research;academic challenge;research experience,accessible,No formal minimum / 2.5+ preferred,Introductory coursework helpful but not required,Open to beginners; no prior experience required,accessible,No strict prerequisite; demonstrated interest improves fit
SYN-0693,Pioneer Horizon University Future Leaders Field School in Artificial Intelligence,Pioneer Horizon University,synthetic_generated,,artificial intelligence,machine learning;computer science,artificial intelligence;machine learning;computer science,skill development;hands-on projects;research experience,moderate cost is okay,hybrid,West Coast,Portland,Oregon,West Coast,less competitive,2 to 4 weeks,3,summer,9,12,peer community,4500,no,optional,"Designed for motivated teens, this program combines artificial intelligence content with skill development and hands-on projects.",artificial intelligence;machine learning;computer science;skill development;hands-on projects,average,3.0-3.19,Introductory coursework helpful but not required,Beginner friendly; no prior experience required,moderate-low,Math/programming familiarity helpful; projects or coding exposure useful
SYN-0234,Cobalt Ridge University Global Innovation Studio in Fashion Design,Cobalt Ridge University,synthetic_generated,,fashion design,design;arts,fashion design;design;arts;graphic design,career exploration;portfolio building;hands-on projects,not a major concern,in-person only,West Coast,San Francisco,California,West Coast,very competitive,1 to 2 weeks,1,summer,8,12,application guidance,10500,no,yes,Students build confidence in fashion design while developing transferable skills through career exploration and portfolio building.,fashion design;design;arts;career exploration;portfolio building,exceptional,3.8+,Foundational coursework helpful but not required,Demonstrated sustained interest and prior exposure preferred,high,No strict prerequisite; demonstrated interest improves fit
SYN-0028,Vertex Learning Center Applied Scholars Program in Biology,Vertex Learning Center,synthetic_generated,,biology,chemistry;research,biology;chemistry;research;biochemistry,college preparation;hands-on projects;research experience,strongly prefer free,online only,remote only,Remote,Remote,Remote,less competitive,1 to 2 weeks,2,summer,9,12,student mentorship,750,no,no,This summer program helps high school students explore biology through college preparation and hands-on projects.,biology;chemistry;research;college preparation;hands-on projects,average,3.0-3.19,Introductory coursework helpful but not required,Beginner friendly; no prior experience required,moderate-low,No strict prerequisite; demonstrated interest improves fit
SYN-0866,Cedar Grove Scholars Advanced Bootcamp in Marine Biology,Cedar Grove Scholars,synthetic_generated,,marine biology,biology;environmental science,marine biology;biology;environmental science;chemistry,social impact;research experience;career exploration,strongly prefer free,in-person only,Arizona,Phoenix,Arizona,Southwest,balanced,1 to 2 weeks,1,summer,9,12,faculty mentorship,750,limited,yes,This summer program helps high school students explore marine biology through social impact and research experience.,marine biology;biology;environmental science;social impact;research experience,solid,3.2-3.49,Foundational coursework helpful but not required,No formal experience required; beginner exposure helpful,moderate,No strict prerequisite; demonstrated interest improves fit
SYN-0386,Cedar Grove Scholars Frontier Scholars Program in Design,Cedar Grove Scholars,synthetic_generated,,design,graphic design;entrepreneurship,design;graphic design;entrepreneurship,portfolio building;hands-on projects;career exploration,strongly prefer free,hybrid,East Coast,Providence,Rhode Island,East Coast,competitive,4 to 8 weeks,8,summer,9,12,research mentorship,350,merit scholarships,optional,"Designed for motivated teens, this program combines design content with portfolio building and hands-on projects.",design;graphic design;entrepreneurship;portfolio building;hands-on projects,strong,3.5-3.79,Foundational coursework or portfolio-building experience helpful,Beginner-to-intermediate portfolio or prior work helpful,moderately high,"Portfolio, writing samples, or prior creative work may strengthen fit"
SYN-0582,Maple Bridge Academy Open Door Explorers Program in Mechanical Engineering,Maple Bridge Academy,synthetic_generated,,mechanical engineering,robotics;civil engineering,mechanical engineering;robotics;civil engineering,hands-on projects;career exploration;academic challenge,strongly prefer free,in-person only,Midwest,Madison,Wisconsin,Midwest,competitive,4 to 8 weeks,8,summer,9,12,peer community,350,limited,yes,"Designed for motivated teens, this program combines mechanical engineering content with hands-on projects and career exploration.",mechanical engineering;robotics;civil engineering;hands-on projects;career exploration,strong,3.5-3.79,Advanced coursework preferred (honors/AP/IB or strong equivalent),Some prior exposure or self-directed projects helpful,moderately high,No strict prerequisite; demonstrated interest improves fit
REAL-0015,Nursing Academy,Georgetown University,real_sourced,https://summer.georgetown.edu/pre-college-programs/academies/academy-finder/,nursing,medicine;public health;leadership,nursing;medicine;public health;leadership,medical exposure;career exploration;hands-on projects,moderate cost is okay,in-person only,East Coast,Washington,District of Columbia,East Coast,competitive,1 to 2 weeks,1,summer,9,12,career guidance,4120,limited,yes,One-week nursing academy with health-care simulations and exposure to nursing pathways.,nursing;medicine;public health;leadership;medical exposure;career exploration,strong,3.5-3.79,Advanced coursework preferred (honors/AP/IB or strong equivalent),Some prior exposure or self-directed projects helpful,moderately high,Biology/chemistry exposure helpful; healthcare interest expected
SYN-0417,Mosaic Futures Academy Foundations Field School in Interdisciplinary,Mosaic Futures Academy,synthetic_generated,,interdisciplinary,leadership;research,interdisciplinary;leadership;research;social impact,college preparation;academic challenge;meeting like-minded students,low cost only,online only,remote only,Remote,Remote,Remote,competitive,1 to 2 weeks,1,summer,9,12,peer community,1200,merit scholarships,no,This summer program helps high school students explore interdisciplinary through college preparation and academic challenge.,interdisciplinary;leadership;research;college preparation;academic challenge,strong,3.5-3.79,Foundational coursework helpful but not required,Some prior exposure helpful,moderately high,No strict prerequisite; demonstrated interest improves fit
SYN-0933,Pioneer Horizon University Open Door Explorers Program in Leadership,Pioneer Horizon University,synthetic_generated,,leadership,social impact;business,leadership;social impact;business,networking;leadership development;college preparation,moderate cost is okay,mostly online,East Coast,Washington,District of Columbia,East Coast,competitive,1 to 2 weeks,2,summer,9,12,small class size,3200,limited,optional,This summer program helps high school students explore leadership through networking and leadership development.,leadership;social impact;business;networking;leadership development,strong,3.5-3.79,Introductory coursework or demonstrated interest helpful,Some prior exposure helpful,moderately high,No strict prerequisite; demonstrated interest improves fit
SYN-0805,Urban Horizon Institute Future Leaders Explorers Program in Education,Urban Horizon Institute,synthetic_generated,,education,leadership;social impact,education;leadership;social impact,career exploration;college preparation;leadership development,moderate cost is okay,either,South,Atlanta,Georgia,South,balanced,1 to 2 weeks,1,summer,9,12,small class size,4500,merit scholarships,optional,This summer program helps high school students explore education through career exploration and college preparation.,education;leadership;social impact;career exploration;college preparation,solid,3.2-3.49,Introductory coursework or demonstrated interest helpful,No formal experience required; beginner exposure helpful,moderate,No strict prerequisite; demonstrated interest improves fit
SYN-0368,Crescent Peak University Young Innovators Pre-College Institute for Journalism,Crescent Peak University,synthetic_generated,,journalism,creative writing;political science,journalism;creative writing;political science,career exploration;leadership development;portfolio building,cost matters but flexible,in-person only,East Coast,Raleigh,North Carolina,East Coast,competitive,1 to 2 weeks,1,summer,9,12,student mentorship,5200,need-based aid,yes,This summer program helps high school students explore journalism through career exploration and leadership development.,journalism;creative writing;political science;career exploration;leadership development,strong,3.5-3.79,Foundational coursework or portfolio-building experience helpful,Beginner-to-intermediate portfolio or prior work helpful,moderately high,"Portfolio, writing samples, or prior creative work may strengthen fit"
SYN-0632,Blue Mesa Scholars Academy Advanced Summer Academy in Leadership,Blue Mesa Scholars Academy,synthetic_generated,,leadership,social impact;business,leadership;social impact;business,leadership development;networking;meeting like-minded students,moderate cost is okay,in-person only,South,Miami,Florida,South,competitive,1 to 2 weeks,1,summer,9,12,student mentorship,3800,limited,yes,Students build confidence in leadership while developing transferable skills through leadership development and networking.,leadership;social impact;business;leadership development;networking,strong,3.5-3.79,Introductory coursework or demonstrated interest helpful,Some prior exposure helpful,moderately high,No strict prerequisite; demonstrated interest improves fit
SYN-0439,Bridgewater Youth Academy Future Leaders Bootcamp in Sustainability,Bridgewater Youth Academy,synthetic_generated,,sustainability,environmental science;social impact,sustainability;environmental science;social impact,social impact;career exploration;hands-on projects,moderate cost is okay,in-person only,South,Nashville,Tennessee,South,balanced,1 to 2 weeks,2,summer,9,12,student mentorship,3200,merit scholarships,yes,This summer program helps high school students explore sustainability through social impact and career exploration.,sustainability;environmental science;social impact;social impact;career exploration,solid,3.2-3.49,Foundational coursework helpful but not required,No formal experience required; beginner exposure helpful,moderate,No strict prerequisite; demonstrated interest improves fit
SYN-0197,Lighthouse Prep Academy Pioneer Innovation Studio in Sustainability,Lighthouse Prep Academy,synthetic_generated,,sustainability,environmental science;social impact,sustainability;environmental science;social impact,career exploration;social impact;hands-on projects,moderate cost is okay,either,East Coast,Baltimore,Maryland,East Coast,balanced,2 to 4 weeks,4,summer,9,12,research mentorship,4500,yes,optional,"Designed for motivated teens, this program combines sustainability content with career exploration and social impact.",sustainability;environmental science;social impact;career exploration;social impact,solid,3.2-3.49,Foundational coursework helpful but not required,No formal experience required; beginner exposure helpful,moderate,No strict prerequisite; demonstrated interest improves fit
SYN-0265,Urban Horizon Institute Discovery Immersion in Design,Urban Horizon Institute,synthetic_generated,,design,graphic design;entrepreneurship,design;graphic design;entrepreneurship,portfolio building;skill development;career exploration,low cost only,either,Midwest,Ann Arbor,Michigan,Midwest,open enrollment,4 to 8 weeks,6,summer,9,12,independent exploration,1500,no,optional,Students build confidence in design while developing transferable skills through portfolio building and skill development.,design;graphic design;entrepreneurship;portfolio building;skill development,accessible,No formal minimum / 2.5+ preferred,Foundational coursework or portfolio-building experience helpful,Open to beginners; no prior experience required,accessible,"Portfolio, writing samples, or prior creative work may strengthen fit"
SYN-0116,Cedar Grove Scholars Frontier Research Lab in Pre-Med,Cedar Grove Scholars,synthetic_generated,,pre-med,medicine;biology,pre-med;medicine;biology,resume building;college preparation;medical exposure,low cost only,mostly in-person,East Coast,Boston,Massachusetts,East Coast,balanced,1 to 2 weeks,2,summer,9,12,small class size,1200,need-based aid,yes,This summer program helps high school students explore pre-med through resume building and college preparation.,pre-med;medicine;biology;resume building;college preparation,solid,3.2-3.49,Introductory coursework helpful but not required,No formal experience required; beginner exposure helpful,moderate,Biology/chemistry exposure helpful; healthcare interest expected
SYN-0501,Helix Summer Scholars Young Innovators Research Lab in Marketing,Helix Summer Scholars,synthetic_generated,,marketing,business;design,marketing;business;design;finance,leadership development;career exploration;portfolio building,cost matters but flexible,online only,remote only,Remote,Remote,Remote,less competitive,2 to 4 weeks,3,summer,9,12,student mentorship,5200,limited,no,Students build confidence in marketing while developing transferable skills through leadership development and career exploration.,marketing;business;design;leadership development;career exploration,average,3.0-3.19,Relevant introductory coursework or strong extracurricular exposure helpful,Beginner friendly; no prior experience required,moderate-low,"Quantitative comfort, initiative, or leadership/project experience helpful"
SYN-0332,Blue Mesa Scholars Academy Global Leadership Forum in History,Blue Mesa Scholars Academy,synthetic_generated,,history,political science;philosophy,history;political science;philosophy;international relations,college preparation;academic challenge;leadership development,cost matters but flexible,online only,remote only,Remote,Remote,Remote,balanced,2 to 4 weeks,3,summer,9,12,research mentorship,5200,limited,no,"Designed for motivated teens, this program combines history content with college preparation and academic challenge.",history;political science;philosophy;college preparation;academic challenge,solid,3.2-3.49,Introductory coursework or demonstrated interest helpful,No formal experience required; beginner exposure helpful,moderate,No strict prerequisite; demonstrated interest improves fit
SYN-0432,Maple Bridge Academy Pioneer Bootcamp in Mechanical Engineering,Maple Bridge Academy,synthetic_generated,,mechanical engineering,robotics;civil engineering,mechanical engineering;robotics;civil engineering,career exploration;skill development;hands-on projects,cost matters but flexible,in-person only,East Coast,Baltimore,Maryland,East Coast,less competitive,1 to 2 weeks,2,summer,9,12,peer community,7200,no,yes,"A 1 to 2 weeks pre-college experience focused on mechanical engineering, blending career exploration with skill development.",mechanical engineering;robotics;civil engineering;career exploration;skill development,average,3.0-3.19,Introductory coursework helpful but not required,Beginner friendly; no prior experience required,moderate-low,No strict prerequisite; demonstrated interest improves fit
REAL-0036,NYC Commuter Summer - 3 Week,Columbia University Pre-College,real_sourced,https://precollege.sps.columbia.edu/programs/summer-programs,interdisciplinary,education;research;leadership,interdisciplinary;education;research;leadership,college preparation;major exploration;meeting like-minded students,cost matters but flexible,mostly in-person,East Coast,New York,New York,East Coast,competitive,2 to 4 weeks,3,summer,8,12,peer community,7200,limited,yes,Three-week commuter summer option at Columbia.,interdisciplinary;education;research;leadership;college preparation;major exploration,strong,3.5-3.79,Foundational coursework helpful but not required,Some prior exposure helpful,moderately high,No strict prerequisite; demonstrated interest improves fit
SYN-0379,Bridgewater Youth Academy Applied Workshop Series in Design,Bridgewater Youth Academy,synthetic_generated,,design,graphic design;entrepreneurship,design;graphic design;entrepreneurship,hands-on projects;career exploration;portfolio building,must be free,online only,remote only,Remote,Remote,Remote,balanced,1 to 2 weeks,1,summer,9,12,peer community,0,no,no,This summer program helps high school students explore design through hands-on projects and career exploration.,design;graphic design;entrepreneurship;hands-on projects;career exploration,solid,3.2-3.49,Foundational coursework or portfolio-building experience helpful,No formal experience required; beginner exposure helpful,moderate,"Portfolio, writing samples, or prior creative work may strengthen fit"
SYN-0864,Cobalt Ridge University Pioneer College Prep Seminar in Computer Science,Cobalt Ridge University,synthetic_generated,,computer science,software engineering;artificial intelligence,computer science;software engineering;artificial intelligence,skill development;career exploration;portfolio building,not a major concern,hybrid,East Coast,Pittsburgh,Pennsylvania,East Coast,less competitive,2 to 4 weeks,4,summer,9,12,small class size,10500,limited,optional,This summer program helps high school students explore computer science through skill development and career exploration.,computer science;software engineering;artificial intelligence;skill development;career exploration,average,3.0-3.19,Introductory coursework helpful but not required,Beginner friendly; no prior experience required,moderate-low,Math/programming familiarity helpful; projects or coding exposure useful
SYN-0596,Cedar Grove Scholars Foundations Field School in Mechanical Engineering,Cedar Grove Scholars,synthetic_generated,,mechanical engineering,robotics;civil engineering,mechanical engineering;robotics;civil engineering,hands-on projects;skill development;academic challenge,moderate cost is okay,in-person only,Midwest,Madison,Wisconsin,Midwest,less competitive,4 to 8 weeks,8,summer,9,12,research mentorship,3200,no,yes,"A 4 to 8 weeks pre-college experience focused on mechanical engineering, blending hands-on projects with skill development.",mechanical engineering;robotics;civil engineering;hands-on projects;skill development,average,3.0-3.19,Introductory coursework helpful but not required,Beginner friendly; no prior experience required,moderate-low,No strict prerequisite; demonstrated interest improves fit
SYN-0573,Pioneer Horizon University Elite Explorers Program in Civil Engineering,Pioneer Horizon University,synthetic_generated,,civil engineering,architecture;sustainability,civil engineering;architecture;sustainability,hands-on projects;career exploration;skill development,low cost only,in-person only,East Coast,Providence,Rhode Island,East Coast,less competitive,1 to 2 weeks,1,summer,9,12,peer community,2200,limited,yes,Students build confidence in civil engineering while developing transferable skills through hands-on projects and career exploration.,civil engineering;architecture;sustainability;hands-on projects;career exploration,average,3.0-3.19,Introductory coursework helpful but not required,Beginner friendly; no prior experience required,moderate-low,No strict prerequisite; demonstrated interest improves fit
SYN-0035,Summit Forge Academy Frontier Innovation Studio in Artificial Intelligence,Summit Forge Academy,synthetic_generated,,artificial intelligence,machine learning;computer science,artificial intelligence;machine learning;computer science,research experience;career exploration;hands-on projects,must be free,hybrid,West Coast,Los Angeles,California,West Coast,balanced,4 to 8 weeks,6,summer,9,12,application guidance,0,no,optional,Students build confidence in artificial intelligence while developing transferable skills through research experience and career exploration.,artificial intelligence;machine learning;computer science;research experience;career exploration,solid,3.2-3.49,Introductory coursework helpful but not required,No formal experience required; beginner exposure helpful,moderate,Math/programming familiarity helpful; projects or coding exposure useful
SYN-0274,Aurora Youth Research Institute Pioneer Research Lab in Design,Aurora Youth Research Institute,synthetic_generated,,design,graphic design;entrepreneurship,design;graphic design;entrepreneurship,hands-on projects;career exploration;skill development,not a major concern,in-person only,Midwest,Chicago,Illinois,Midwest,less competitive,4 to 8 weeks,8,summer,9,12,faculty mentorship,10500,merit scholarships,yes,Students build confidence in design while developing transferable skills through hands-on projects and career exploration.,design;graphic design;entrepreneurship;hands-on projects;career exploration,average,3.0-3.19,Foundational coursework or portfolio-building experience helpful,Beginner friendly; no prior experience required,moderate-low,"Portfolio, writing samples, or prior creative work may strengthen fit"
REAL-0013,Bridges to Social Justice Academy,Georgetown University,real_sourced,https://summer.georgetown.edu/pre-college-programs/academies/academy-finder/,social impact,political science;leadership;law,social impact;political science;leadership;law,social impact;leadership development;networking,not a major concern,in-person only,East Coast,Washington,District of Columbia,East Coast,competitive,2 to 4 weeks,3,summer,9,12,peer community,9085,limited,yes,Three-week academy centered on civic engagement and social justice inquiry.,social impact;political science;leadership;law;social impact;leadership development,strong,3.5-3.79,Introductory coursework or demonstrated interest helpful,Some prior exposure helpful,moderately high,No strict prerequisite; demonstrated interest improves fit
SYN-0621,Helix Summer Scholars Open Door Scholars Program in Business,Helix Summer Scholars,synthetic_generated,,business,finance;marketing,business;finance;marketing;economics,networking;leadership development;resume building,strongly prefer free,hybrid,East Coast,Washington,District of Columbia,East Coast,competitive,1 to 2 weeks,2,summer,9,12,student mentorship,500,no,optional,"Designed for motivated teens, this program combines business content with networking and leadership development.",business;finance;marketing;networking;leadership development,strong,3.5-3.79,Relevant introductory coursework or strong extracurricular exposure helpful,Some prior exposure helpful,moderately high,"Quantitative comfort, initiative, or leadership/project experience helpful"
SYN-0053,Sagebrook Academy Frontier Bootcamp in Leadership,Sagebrook Academy,synthetic_generated,,leadership,social impact;business,leadership;social impact;business,meeting like-minded students;networking;leadership development,strongly prefer free,in-person only,international,Singapore,Singapore,International,less competitive,4 to 8 weeks,8,summer,9,12,faculty mentorship,750,need-based aid,yes,Students build confidence in leadership while developing transferable skills through meeting like-minded students and networking.,leadership;social impact;business;meeting like-minded students;networking,average,3.0-3.19,Introductory coursework or demonstrated interest helpful,Beginner friendly; no prior experience required,moderate-low,No strict prerequisite; demonstrated interest improves fit
SYN-0383,Sagebrook Academy Open Door College Prep Seminar in Psychology,Sagebrook Academy,synthetic_generated,,psychology,neuroscience;public health,psychology;neuroscience;public health;biology,major exploration;research experience;career exploration,not a major concern,mostly online,East Coast,Pittsburgh,Pennsylvania,East Coast,competitive,2 to 4 weeks,3,summer,9,12,faculty mentorship,10500,yes,optional,"Designed for motivated teens, this program combines psychology content with major exploration and research experience.",psychology;neuroscience;public health;major exploration;research experience,strong,3.5-3.79,Introductory coursework or demonstrated interest helpful,Some prior exposure helpful,moderately high,No strict prerequisite; demonstrated interest improves fit
SYN-0344,Silverline Summer College Open Door Immersion in Genetics,Silverline Summer College,synthetic_generated,,genetics,biology;biotechnology,genetics;biology;biotechnology;chemistry,research experience;career exploration;academic challenge,not a major concern,hybrid,East Coast,Boston,Massachusetts,East Coast,competitive,1 to 2 weeks,2,summer,9,12,small class size,11800,need-based aid,optional,"A 1 to 2 weeks pre-college experience focused on genetics, blending research experience with career exploration.",genetics;biology;biotechnology;research experience;career exploration,strong,3.5-3.79,Advanced coursework preferred (honors/AP/IB or strong equivalent),Some prior exposure or self-directed projects helpful,moderately high,No strict prerequisite; demonstrated interest improves fit
SYN-0752,Blue Mesa Scholars Academy Open Door Pre-College Institute for Robotics,Blue Mesa Scholars Academy,synthetic_generated,,robotics,mechanical engineering;electrical engineering,robotics;mechanical engineering;electrical engineering,skill development;hands-on projects;career exploration,low cost only,in-person only,Midwest,Madison,Wisconsin,Midwest,less competitive,1 to 2 weeks,2,summer,9,12,student mentorship,1500,yes,yes,This summer program helps high school students explore robotics through skill development and hands-on projects.,robotics;mechanical engineering;electrical engineering;skill development;hands-on projects,average,3.0-3.19,Introductory coursework helpful but not required,Beginner friendly; no prior experience required,moderate-low,Math/programming familiarity helpful; projects or coding exposure useful
SYN-0249,Prairie Stone Scholars Program Young Innovators Pre-College Institute for Fashion Design,Prairie Stone Scholars Program,synthetic_generated,,fashion design,design;arts,fashion design;design;arts;graphic design,portfolio building;networking;hands-on projects,low cost only,online only,remote only,Remote,Remote,Remote,less competitive,4 to 8 weeks,8,summer,8,12,faculty mentorship,2200,merit scholarships,no,Students build confidence in fashion design while developing transferable skills through portfolio building and networking.,fashion design;design;arts;portfolio building;networking,average,3.0-3.19,Foundational coursework helpful but not required,Beginner friendly; no prior experience required,moderate-low,No strict prerequisite; demonstrated interest improves fit
SYN-0295,Urban Horizon Institute Global Innovation Studio in Biotechnology,Urban Horizon Institute,synthetic_generated,,biotechnology,biology;chemistry,biotechnology;biology;chemistry,hands-on projects;skill development;career exploration,cost matters but flexible,mostly in-person,East Coast,Providence,Rhode Island,East Coast,balanced,1 to 2 weeks,1,summer,9,12,independent exploration,6100,no,yes,Students build confidence in biotechnology while developing transferable skills through hands-on projects and skill development.,biotechnology;biology;chemistry;hands-on projects;skill development,solid,3.2-3.49,Introductory coursework helpful but not required,No formal experience required; beginner exposure helpful,moderate,No strict prerequisite; demonstrated interest improves fit
SYN-0408,Orbit Learning Institute Global Bootcamp in Medicine,Orbit Learning Institute,synthetic_generated,,medicine,biology;public health,medicine;biology;public health;chemistry,college preparation;hands-on projects;career exploration,moderate cost is okay,either,East Coast,Baltimore,Maryland,East Coast,competitive,4 to 8 weeks,8,summer,9,12,faculty mentorship,3800,yes,optional,"Designed for motivated teens, this program combines medicine content with college preparation and hands-on projects.",medicine;biology;public health;college preparation;hands-on projects,strong,3.5-3.79,Advanced coursework preferred (honors/AP/IB or strong equivalent),Some prior exposure or self-directed projects helpful,moderately high,Biology/chemistry exposure helpful; healthcare interest expected
SYN-0141,Helix Summer Scholars Applied Workshop Series in Artificial Intelligence,Helix Summer Scholars,synthetic_generated,,artificial intelligence,machine learning;computer science,artificial intelligence;machine learning;computer science,skill development;hands-on projects;career exploration,moderate cost is okay,hybrid,East Coast,Pittsburgh,Pennsylvania,East Coast,less competitive,2 to 4 weeks,3,summer,9,12,small class size,2800,need-based aid,optional,This summer program helps high school students explore artificial intelligence through skill development and hands-on projects.,artificial intelligence;machine learning;computer science;skill development;hands-on projects,average,3.0-3.19,Introductory coursework helpful but not required,Beginner friendly; no prior experience required,moderate-low,Math/programming familiarity helpful; projects or coding exposure useful
SYN-0164,Silverline Summer College Elite Leadership Forum in Biochemistry,Silverline Summer College,synthetic_generated,,biochemistry,chemistry;biology,biochemistry;chemistry;biology,academic challenge;skill development;career exploration,cost matters but flexible,online only,remote only,Remote,Remote,Remote,balanced,1 to 2 weeks,2,summer,9,12,student mentorship,5200,limited,no,"A 1 to 2 weeks pre-college experience focused on biochemistry, blending academic challenge with skill development.",biochemistry;chemistry;biology;academic challenge;skill development,solid,3.2-3.49,Introductory coursework helpful but not required,No formal experience required; beginner exposure helpful,moderate,No strict prerequisite; demonstrated interest improves fit
SYN-0418,Vertex Learning Center Frontier Pre-College Institute for Computer Science,Vertex Learning Center,synthetic_generated,,computer science,software engineering;artificial intelligence,computer science;software engineering;artificial intelligence,hands-on projects;career exploration;skill development,cost matters but flexible,in-person only,Arizona,Phoenix,Arizona,Southwest,balanced,2 to 4 weeks,4,summer,9,12,small class size,7200,limited,yes,"A 2 to 4 weeks pre-college experience focused on computer science, blending hands-on projects with career exploration.",computer science;software engineering;artificial intelligence;hands-on projects;career exploration,solid,3.2-3.49,Introductory coursework helpful but not required,No formal experience required; beginner exposure helpful,moderate,Math/programming familiarity helpful; projects or coding exposure useful
REAL-0040,College Edge: Summer,Columbia University Pre-College,real_sourced,https://precollege.sps.columbia.edu/admissions/dates-and-deadlines,education,interdisciplinary;research;leadership,education;interdisciplinary;research;leadership,college preparation;academic challenge;admissions advantage,not a major concern,either,East Coast,New York,New York,East Coast,very competitive,4 to 8 weeks,6,summer,10,12,application guidance,9800,limited,optional,Credit-bearing College Edge summer option for advanced high school students.,education;interdisciplinary;research;leadership;college preparation;academic challenge,exceptional,3.8+,Introductory coursework or demonstrated interest helpful,Demonstrated sustained interest and prior exposure preferred,high,No strict prerequisite; demonstrated interest improves fit
SYN-0328,Vertex Learning Center Honors Scholars Program in Biotechnology,Vertex Learning Center,synthetic_generated,,biotechnology,biology;chemistry,biotechnology;biology;chemistry,hands-on projects;research experience;career exploration,low cost only,in-person only,West Coast,Portland,Oregon,West Coast,very competitive,4 to 8 weeks,8,summer,9,12,peer community,1800,need-based aid,yes,Students build confidence in biotechnology while developing transferable skills through hands-on projects and research experience.,biotechnology;biology;chemistry;hands-on projects;research experience,exceptional,3.8+,Advanced coursework preferred (honors/AP/IB or strong equivalent),"Some prior projects, research, competitions, or advanced exposure preferred",high,No strict prerequisite; demonstrated interest improves fit
SYN-0047,Lighthouse Prep Academy Future Leaders College Prep Seminar in Mechanical Engineering,Lighthouse Prep Academy,synthetic_generated,,mechanical engineering,robotics;civil engineering,mechanical engineering;robotics;civil engineering,career exploration;skill development;hands-on projects,moderate cost is okay,hybrid,West Coast,Los Angeles,California,West Coast,balanced,1 to 2 weeks,1,summer,9,12,faculty mentorship,4500,no,optional,"Designed for motivated teens, this program combines mechanical engineering content with career exploration and skill development.",mechanical engineering;robotics;civil engineering;career exploration;skill development,solid,3.2-3.49,Introductory coursework helpful but not required,No formal experience required; beginner exposure helpful,moderate,No strict prerequisite; demonstrated interest improves fit
SYN-0769,Bridgewater Youth Academy Discovery Explorers Program in Biotechnology,Bridgewater Youth Academy,synthetic_generated,,biotechnology,biology;chemistry,biotechnology;biology;chemistry,research experience;hands-on projects;skill development,strongly prefer free,mostly in-person,West Coast,Portland,Oregon,West Coast,balanced,4 to 8 weeks,6,summer,9,12,career guidance,750,no,yes,Students build confidence in biotechnology while developing transferable skills through research experience and hands-on projects.,biotechnology;biology;chemistry;research experience;hands-on projects,solid,3.2-3.49,Introductory coursework helpful but not required,No formal experience required; beginner exposure helpful,moderate,No strict prerequisite; demonstrated interest improves fit
SYN-0749,Brightwater Institute Advanced Pre-College Institute for Environmental Science,Brightwater Institute,synthetic_generated,,environmental science,sustainability;biology,environmental science;sustainability;biology,career exploration;research experience;hands-on projects,must be free,in-person only,West Coast,Seattle,Washington,West Coast,less competitive,1 to 2 weeks,1,summer,9,12,research mentorship,0,yes,yes,Students build confidence in environmental science while developing transferable skills through career exploration and research experience.,environmental science;sustainability;biology;career exploration;research experience,average,3.0-3.19,Introductory coursework helpful but not required,Beginner friendly; no prior experience required,moderate-low,No strict prerequisite; demonstrated interest improves fit
SYN-0899,Brightwater Institute Frontier Research Lab in Pharmacy,Brightwater Institute,synthetic_generated,,pharmacy,chemistry;biochemistry,pharmacy;chemistry;biochemistry,research experience;career exploration;college preparation,low cost only,online only,remote only,Remote,Remote,Remote,balanced,4 to 8 weeks,6,summer,10,12,application guidance,1500,merit scholarships,no,This summer program helps high school students explore pharmacy through research experience and career exploration.,pharmacy;chemistry;biochemistry;research experience;career exploration,solid,3.2-3.49,Introductory coursework helpful but not required,No formal experience required; beginner exposure helpful,moderate,Biology/chemistry exposure helpful; healthcare interest expected
SYN-0358,Vertex Learning Center Young Innovators College Prep Seminar in Nursing,Vertex Learning Center,synthetic_generated,,nursing,medicine;public health,nursing;medicine;public health;biology,career exploration;leadership development;medical exposure,low cost only,in-person only,East Coast,Baltimore,Maryland,East Coast,balanced,1 to 2 weeks,1,summer,9,12,independent exploration,2200,no,yes,"A 1 to 2 weeks pre-college experience focused on nursing, blending career exploration with leadership development.",nursing;medicine;public health;career exploration;leadership development,solid,3.2-3.49,Introductory coursework helpful but not required,No formal experience required; beginner exposure helpful,moderate,Biology/chemistry exposure helpful; healthcare interest expected
SYN-0277,Riverview Innovation Lab Pioneer Research Lab in Neuroscience,Riverview Innovation Lab,synthetic_generated,,neuroscience,biology;psychology,neuroscience;biology;psychology;chemistry,academic challenge;major exploration;research experience,not a major concern,hybrid,South,Nashville,Tennessee,South,balanced,1 to 2 weeks,1,summer,9,12,career guidance,13500,no,optional,Students build confidence in neuroscience while developing transferable skills through academic challenge and major exploration.,neuroscience;biology;psychology;academic challenge;major exploration,solid,3.2-3.49,Introductory coursework helpful but not required,No formal experience required; beginner exposure helpful,moderate,No strict prerequisite; demonstrated interest improves fit
SYN-0120,Compass Youth University Global Immersion in Journalism,Compass Youth University,synthetic_generated,,journalism,creative writing;political science,journalism;creative writing;political science,career exploration;leadership development;networking,low cost only,either,Arizona,Phoenix,Arizona,Southwest,competitive,1 to 2 weeks,2,summer,9,12,student mentorship,1200,yes,optional,"Designed for motivated teens, this program combines journalism content with career exploration and leadership development.",journalism;creative writing;political science;career exploration;leadership development,strong,3.5-3.79,Foundational coursework or portfolio-building experience helpful,Beginner-to-intermediate portfolio or prior work helpful,moderately high,"Portfolio, writing samples, or prior creative work may strengthen fit"
SYN-0934,Aurora Youth Research Institute Elite Explorers Program in Civil Engineering,Aurora Youth Research Institute,synthetic_generated,,civil engineering,architecture;sustainability,civil engineering;architecture;sustainability,skill development;career exploration;social impact,cost matters but flexible,mostly in-person,Arizona,Phoenix,Arizona,Southwest,balanced,1 to 2 weeks,2,summer,9,12,project guidance,7200,yes,yes,This summer program helps high school students explore civil engineering through skill development and career exploration.,civil engineering;architecture;sustainability;skill development;career exploration,solid,3.2-3.49,Introductory coursework helpful but not required,No formal experience required; beginner exposure helpful,moderate,No strict prerequisite; demonstrated interest improves fit
SYN-0359,Brightwater Institute Applied Explorers Program in Entrepreneurship,Brightwater Institute,synthetic_generated,,entrepreneurship,business;marketing,entrepreneurship;business;marketing;finance,portfolio building;networking;leadership development,low cost only,mostly in-person,international,Toronto,Canada,International,competitive,4 to 8 weeks,8,summer,9,12,research mentorship,1200,yes,yes,Students build confidence in entrepreneurship while developing transferable skills through portfolio building and networking.,entrepreneurship;business;marketing;portfolio building;networking,strong,3.5-3.79,Relevant introductory coursework or strong extracurricular exposure helpful,Some prior exposure helpful,moderately high,"Quantitative comfort, initiative, or leadership/project experience helpful"
SYN-0118,Vertex Learning Center Advanced Explorers Program in Veterinary Medicine,Vertex Learning Center,synthetic_generated,,veterinary medicine,biology;medicine,veterinary medicine;biology;medicine;chemistry,hands-on projects;research experience;medical exposure,low cost only,in-person only,East Coast,Philadelphia,Pennsylvania,East Coast,very competitive,4 to 8 weeks,8,summer,9,12,project guidance,2200,no,yes,"Designed for motivated teens, this program combines veterinary medicine content with hands-on projects and research experience.",veterinary medicine;biology;medicine;hands-on projects;research experience,exceptional,3.8+,Foundational coursework helpful but not required,Demonstrated sustained interest and prior exposure preferred,high,No strict prerequisite; demonstrated interest improves fit
SYN-0841,Northstar Future Institute Elite Explorers Program in Political Science,Northstar Future Institute,synthetic_generated,,political science,international relations;law,political science;international relations;law,career exploration;leadership development;academic challenge,not a major concern,mostly in-person,anywhere in the U.S.,Boulder,Colorado,Mountain,less competitive,2 to 4 weeks,3,summer,10,12,faculty mentorship,11800,no,yes,"Designed for motivated teens, this program combines political science content with career exploration and leadership development.",political science;international relations;law;career exploration;leadership development,average,3.0-3.19,Introductory coursework or demonstrated interest helpful,Beginner friendly; no prior experience required,moderate-low,No strict prerequisite; demonstrated interest improves fit
SYN-0798,Orbit Learning Institute Elite College Prep Seminar in Computer Science,Orbit Learning Institute,synthetic_generated,,computer science,software engineering;artificial intelligence,computer science;software engineering;artificial intelligence,career exploration;portfolio building;skill development,moderate cost is okay,either,West Coast,Los Angeles,California,West Coast,competitive,4 to 8 weeks,8,summer,9,12,student mentorship,2800,limited,optional,"A 4 to 8 weeks pre-college experience focused on computer science, blending career exploration with portfolio building.",computer science;software engineering;artificial intelligence;career exploration;portfolio building,strong,3.5-3.79,Advanced coursework preferred (honors/AP/IB or strong equivalent),Some prior exposure or self-directed projects helpful,moderately high,Math/programming familiarity helpful; projects or coding exposure useful
SYN-0586,Skyline Discovery Institute Global Field School in Public Health,Skyline Discovery Institute,synthetic_generated,,public health,medicine;biology,public health;medicine;biology,research experience;leadership development;career exploration,cost matters but flexible,in-person only,East Coast,Pittsburgh,Pennsylvania,East Coast,balanced,1 to 2 weeks,2,summer,9,12,research mentorship,8400,yes,yes,This summer program helps high school students explore public health through research experience and leadership development.,public health;medicine;biology;research experience;leadership development,solid,3.2-3.49,Introductory coursework or demonstrated interest helpful,No formal experience required; beginner exposure helpful,moderate,Biology/chemistry exposure helpful; healthcare interest expected
SYN-0682,Pacific Crest College Prep Pioneer Field School in Mathematics,Pacific Crest College Prep,synthetic_generated,,mathematics,statistics;physics,mathematics;statistics;physics,skill development;college preparation;major exploration,strongly prefer free,mostly in-person,East Coast,Philadelphia,Pennsylvania,East Coast,competitive,2 to 4 weeks,3,summer,9,12,career guidance,350,yes,yes,"A 2 to 4 weeks pre-college experience focused on mathematics, blending skill development with college preparation.",mathematics;statistics;physics;skill development;college preparation,strong,3.5-3.79,Advanced coursework preferred (honors/AP/IB or strong equivalent),Some prior exposure or self-directed projects helpful,moderately high,No strict prerequisite; demonstrated interest improves fit
SYN-0637,Riverview Innovation Lab Foundations Pre-College Institute for Cybersecurity,Riverview Innovation Lab,synthetic_generated,,cybersecurity,computer science;law,cybersecurity;computer science;law;software engineering,career exploration;skill development;hands-on projects,must be free,hybrid,West Coast,San Francisco,California,West Coast,less competitive,1 to 2 weeks,2,summer,9,12,peer community,0,merit scholarships,optional,"A 1 to 2 weeks pre-college experience focused on cybersecurity, blending career exploration with skill development.",cybersecurity;computer science;law;career exploration;skill development,average,3.0-3.19,Introductory coursework helpful but not required,Beginner friendly; no prior experience required,moderate-low,Math/programming familiarity helpful; projects or coding exposure useful
SYN-0042,Maple Bridge Academy Future Leaders Bootcamp in Sustainability,Maple Bridge Academy,synthetic_generated,,sustainability,environmental science;social impact,sustainability;environmental science;social impact,social impact;hands-on projects;leadership development,not a major concern,in-person only,East Coast,Boston,Massachusetts,East Coast,balanced,1 to 2 weeks,1,summer,9,12,career guidance,11800,no,yes,Students build confidence in sustainability while developing transferable skills through social impact and hands-on projects.,sustainability;environmental science;social impact;social impact;hands-on projects,solid,3.2-3.49,Foundational coursework helpful but not required,No formal experience required; beginner exposure helpful,moderate,No strict prerequisite; demonstrated interest improves fit
SYN-0856,Skyline Discovery Institute Advanced Innovation Studio in Mechanical Engineering,Skyline Discovery Institute,synthetic_generated,,mechanical engineering,robotics;civil engineering,mechanical engineering;robotics;civil engineering,career exploration;skill development;academic challenge,moderate cost is okay,either,West Coast,San Francisco,California,West Coast,balanced,1 to 2 weeks,2,summer,9,12,faculty mentorship,4500,merit scholarships,optional,Students build confidence in mechanical engineering while developing transferable skills through career exploration and skill development.,mechanical engineering;robotics;civil engineering;career exploration;skill development,solid,3.2-3.49,Introductory coursework helpful but not required,No formal experience required; beginner exposure helpful,moderate,No strict prerequisite; demonstrated interest improves fit
SYN-0588,Orbit Learning Institute Young Innovators College Prep Seminar in Public Health,Orbit Learning Institute,synthetic_generated,,public health,medicine;biology,public health;medicine;biology,career exploration;social impact;leadership development,not a major concern,mostly in-person,South,Miami,Florida,South,less competitive,1 to 2 weeks,2,spring,9,12,independent exploration,13500,no,yes,This spring program helps high school students explore public health through career exploration and social impact.,public health;medicine;biology;career exploration;social impact,average,3.0-3.19,Introductory coursework or demonstrated interest helpful,Beginner friendly; no prior experience required,moderate-low,Biology/chemistry exposure helpful; healthcare interest expected
SYN-0303,Pioneer Horizon University Discovery Workshop Series in Neuroscience,Pioneer Horizon University,synthetic_generated,,neuroscience,biology;psychology,neuroscience;biology;psychology;chemistry,major exploration;career exploration;research experience,low cost only,online only,remote only,Remote,Remote,Remote,very competitive,2 to 4 weeks,3,summer,9,12,project guidance,1200,need-based aid,no,This summer program helps high school students explore neuroscience through major exploration and career exploration.,neuroscience;biology;psychology;major exploration;career exploration,exceptional,3.8+,Advanced coursework preferred (honors/AP/IB or strong equivalent),"Some prior projects, research, competitions, or advanced exposure preferred",high,No strict prerequisite; demonstrated interest improves fit
SYN-0556,Skyline Discovery Institute Advanced Scholars Program in Interdisciplinary,Skyline Discovery Institute,synthetic_generated,,interdisciplinary,leadership;research,interdisciplinary;leadership;research;social impact,meeting like-minded students;college preparation;major exploration,low cost only,hybrid,South,Austin,Texas,South,very competitive,4 to 8 weeks,8,summer,9,12,student mentorship,2200,no,optional,This summer program helps high school students explore interdisciplinary through meeting like-minded students and college preparation.,interdisciplinary;leadership;research;meeting like-minded students;college preparation,exceptional,3.8+,Foundational coursework helpful but not required,Demonstrated sustained interest and prior exposure preferred,high,No strict prerequisite; demonstrated interest improves fit
SYN-0842,Blue Mesa Scholars Academy Frontier Innovation Studio in Political Science,Blue Mesa Scholars Academy,synthetic_generated,,political science,international relations;law,political science;international relations;law,social impact;academic challenge;career exploration,must be free,either,West Coast,Los Angeles,California,West Coast,balanced,4 to 8 weeks,6,summer,10,12,faculty mentorship,0,yes,optional,Students build confidence in political science while developing transferable skills through social impact and academic challenge.,political science;international relations;law;social impact;academic challenge,solid,3.2-3.49,Introductory coursework or demonstrated interest helpful,No formal experience required; beginner exposure helpful,moderate,No strict prerequisite; demonstrated interest improves fit
SYN-0252,Maple Bridge Academy Frontier Research Lab in Data Science,Maple Bridge Academy,synthetic_generated,,data science,statistics;computer science,data science;statistics;computer science;mathematics,skill development;portfolio building;career exploration,moderate cost is okay,online only,remote only,Remote,Remote,Remote,competitive,1 to 2 weeks,2,summer,9,12,career guidance,3200,no,no,This summer program helps high school students explore data science through skill development and portfolio building.,data science;statistics;computer science;skill development;portfolio building,strong,3.5-3.79,Advanced coursework preferred (honors/AP/IB or strong equivalent),Some prior exposure or self-directed projects helpful,moderately high,Math/programming familiarity helpful; projects or coding exposure useful
REAL-0043,NSLC Artificial Intelligence - Georgetown University,National Student Leadership Conference,real_sourced,https://www.nslcleaders.org/summer-program-locations/gu-washington-dc-summer-programs/,artificial intelligence,machine learning;computer science;data science,artificial intelligence;machine learning;computer science;data science,hands-on projects;skill development;career exploration,moderate cost is okay,in-person only,East Coast,Washington,District of Columbia,East Coast,balanced,1 to 2 weeks,1.3,summer,9,12,peer community,4395,scholarships available,yes,Residential NSLC pre-college program in artificial intelligence hosted on the Georgetown campus.,artificial intelligence;machine learning;computer science;data science;hands-on projects;skill development,solid,3.2-3.49,Introductory coursework helpful but not required,No formal experience required; beginner exposure helpful,moderate,Math/programming familiarity helpful; projects or coding exposure useful
SYN-0067,Riverview Innovation Lab Applied Explorers Program in Pre-Med,Riverview Innovation Lab,synthetic_generated,,pre-med,medicine;biology,pre-med;medicine;biology,medical exposure;research experience;resume building,low cost only,mostly in-person,West Coast,Los Angeles,California,West Coast,competitive,4 to 8 weeks,8,summer,9,12,student mentorship,1800,yes,yes,Students build confidence in pre-med while developing transferable skills through medical exposure and research experience.,pre-med;medicine;biology;medical exposure;research experience,strong,3.5-3.79,Advanced coursework preferred (honors/AP/IB or strong equivalent),Some prior exposure or self-directed projects helpful,moderately high,Biology/chemistry exposure helpful; healthcare interest expected
SYN-0377,Lighthouse Prep Academy Future Leaders Innovation Studio in Sustainability,Lighthouse Prep Academy,synthetic_generated,,sustainability,environmental science;social impact,sustainability;environmental science;social impact,social impact;leadership development;career exploration,moderate cost is okay,mostly online,East Coast,Providence,Rhode Island,East Coast,balanced,1 to 2 weeks,2,summer,9,12,small class size,2800,no,optional,"Designed for motivated teens, this program combines sustainability content with social impact and leadership development.",sustainability;environmental science;social impact;social impact;leadership development,solid,3.2-3.49,Foundational coursework helpful but not required,No formal experience required; beginner exposure helpful,moderate,No strict prerequisite; demonstrated interest improves fit
SYN-0088,Vertex Learning Center Future Leaders Research Lab in Biochemistry,Vertex Learning Center,synthetic_generated,,biochemistry,chemistry;biology,biochemistry;chemistry;biology,career exploration;skill development;academic challenge,not a major concern,either,South,Nashville,Tennessee,South,competitive,1 to 2 weeks,2,summer,9,12,project guidance,13500,no,optional,This summer program helps high school students explore biochemistry through career exploration and skill development.,biochemistry;chemistry;biology;career exploration;skill development,strong,3.5-3.79,Advanced coursework preferred (honors/AP/IB or strong equivalent),Some prior exposure or self-directed projects helpful,moderately high,No strict prerequisite; demonstrated interest improves fit
SYN-0525,Meridian Scholars Collective Elite Scholars Program in Architecture,Meridian Scholars Collective,synthetic_generated,,architecture,civil engineering;design,architecture;civil engineering;design,hands-on projects;portfolio building;academic challenge,low cost only,in-person only,East Coast,Pittsburgh,Pennsylvania,East Coast,balanced,1 to 2 weeks,1,summer,9,12,project guidance,2200,need-based aid,yes,This summer program helps high school students explore architecture through hands-on projects and portfolio building.,architecture;civil engineering;design;hands-on projects;portfolio building,solid,3.2-3.49,Foundational coursework or portfolio-building experience helpful,No formal experience required; beginner exposure helpful,moderate,"Portfolio, writing samples, or prior creative work may strengthen fit"
REAL-0037,Online Summer - 1 Week,Columbia University Pre-College,real_sourced,https://precollege.sps.columbia.edu/programs/summer-programs/online-summer,interdisciplinary,education;research;leadership,interdisciplinary;education;research;leadership,college preparation;major exploration;meeting like-minded students,low cost only,online only,remote only,Remote,Remote,Remote,balanced,1 to 2 weeks,1,summer,8,12,independent exploration,1800,limited,no,One-week online summer option with Columbia instructors.,interdisciplinary;education;research;leadership;college preparation;major exploration,solid,3.2-3.49,Foundational coursework helpful but not required,No formal experience required; beginner exposure helpful,moderate,No strict prerequisite; demonstrated interest improves fit
SYN-0089,Brightwater Institute Pioneer Explorers Program in Entrepreneurship,Brightwater Institute,synthetic_generated,,entrepreneurship,business;marketing,entrepreneurship;business;marketing;finance,leadership development;hands-on projects;networking,moderate cost is okay,in-person only,anywhere in the U.S.,Boulder,Colorado,Mountain,balanced,4 to 8 weeks,8,summer,9,12,student mentorship,3800,limited,yes,"Designed for motivated teens, this program combines entrepreneurship content with leadership development and hands-on projects.",entrepreneurship;business;marketing;leadership development;hands-on projects,solid,3.2-3.49,Relevant introductory coursework or strong extracurricular exposure helpful,No formal experience required; beginner exposure helpful,moderate,"Quantitative comfort, initiative, or leadership/project experience helpful"
SYN-0613,Redwood Pathways Institute Global Explorers Program in Chemistry,Redwood Pathways Institute,synthetic_generated,,chemistry,biochemistry;research,chemistry;biochemistry;research,hands-on projects;research experience;academic challenge,low cost only,in-person only,international,Oxford,England,International,competitive,4 to 8 weeks,8,summer,9,12,student mentorship,1800,merit scholarships,yes,"A 4 to 8 weeks pre-college experience focused on chemistry, blending hands-on projects with research experience.",chemistry;biochemistry;research;hands-on projects;research experience,strong,3.5-3.79,Advanced coursework preferred (honors/AP/IB or strong equivalent),Some prior exposure or self-directed projects helpful,moderately high,No strict prerequisite; demonstrated interest improves fit
SYN-0897,Mosaic Futures Academy Young Innovators College Prep Seminar in Chemistry,Mosaic Futures Academy,synthetic_generated,,chemistry,biochemistry;research,chemistry;biochemistry;research,academic challenge;college preparation;hands-on projects,cost matters but flexible,hybrid,South,Houston,Texas,South,open enrollment,4 to 8 weeks,6,summer,9,12,independent exploration,5200,yes,optional,"A 4 to 8 weeks pre-college experience focused on chemistry, blending academic challenge with college preparation.",chemistry;biochemistry;research;academic challenge;college preparation,accessible,No formal minimum / 2.5+ preferred,Introductory coursework helpful but not required,Open to beginners; no prior experience required,accessible,No strict prerequisite; demonstrated interest improves fit
SYN-0538,Vertex Learning Center Frontier Research Lab in International Relations,Vertex Learning Center,synthetic_generated,,international relations,political science;law,international relations;political science;law,career exploration;social impact;leadership development,moderate cost is okay,mostly online,East Coast,Providence,Rhode Island,East Coast,balanced,2 to 4 weeks,3,summer,10,12,career guidance,3800,limited,optional,"Designed for motivated teens, this program combines international relations content with career exploration and social impact.",international relations;political science;law;career exploration;social impact,solid,3.2-3.49,Introductory coursework or demonstrated interest helpful,No formal experience required; beginner exposure helpful,moderate,No strict prerequisite; demonstrated interest improves fit
SYN-0374,Silverline Summer College Pioneer Pre-College Institute for Sports Management,Silverline Summer College,synthetic_generated,,sports management,business;marketing,sports management;business;marketing;finance,career exploration;resume building;networking,must be free,in-person only,international,Oxford,England,International,balanced,4 to 8 weeks,6,summer,9,12,project guidance,0,need-based aid,yes,Students build confidence in sports management while developing transferable skills through career exploration and resume building.,sports management;business;marketing;career exploration;resume building,solid,3.2-3.49,Foundational coursework helpful but not required,No formal experience required; beginner exposure helpful,moderate,No strict prerequisite; demonstrated interest improves fit
SYN-0389,Brightwater Institute Honors Explorers Program in Statistics,Brightwater Institute,synthetic_generated,,statistics,mathematics;data science,statistics;mathematics;data science,academic challenge;career exploration;skill development,strongly prefer free,mostly online,South,Austin,Texas,South,open enrollment,4 to 8 weeks,6,summer,9,12,project guidance,500,no,optional,"A 4 to 8 weeks pre-college experience focused on statistics, blending academic challenge with career exploration.",statistics;mathematics;data science;academic challenge;career exploration,accessible,No formal minimum / 2.5+ preferred,Introductory coursework helpful but not required,Open to beginners; no prior experience required,accessible,No strict prerequisite; demonstrated interest improves fit
SYN-0722,Blue Mesa Scholars Academy Future Leaders College Prep Seminar in Chemistry,Blue Mesa Scholars Academy,synthetic_generated,,chemistry,biochemistry;research,chemistry;biochemistry;research,hands-on projects;college preparation;research experience,strongly prefer free,hybrid,South,Atlanta,Georgia,South,competitive,1 to 2 weeks,2,summer,9,12,career guidance,500,no,optional,"A 1 to 2 weeks pre-college experience focused on chemistry, blending hands-on projects with college preparation.",chemistry;biochemistry;research;hands-on projects;college preparation,strong,3.5-3.79,Advanced coursework preferred (honors/AP/IB or strong equivalent),Some prior exposure or self-directed projects helpful,moderately high,No strict prerequisite; demonstrated interest improves fit
SYN-0205,Urban Horizon Institute Young Innovators College Prep Seminar in Biotechnology,Urban Horizon Institute,synthetic_generated,,biotechnology,biology;chemistry,biotechnology;biology;chemistry,hands-on projects;research experience;career exploration,not a major concern,online only,remote only,Remote,Remote,Remote,competitive,1 to 2 weeks,1,summer,9,12,application guidance,11800,merit scholarships,no,This summer program helps high school students explore biotechnology through hands-on projects and research experience.,biotechnology;biology;chemistry;hands-on projects;research experience,strong,3.5-3.79,Advanced coursework preferred (honors/AP/IB or strong equivalent),Some prior exposure or self-directed projects helpful,moderately high,No strict prerequisite; demonstrated interest improves fit
SYN-0070,Coastal Edge Institute Global Bootcamp in Genetics,Coastal Edge Institute,synthetic_generated,,genetics,biology;biotechnology,genetics;biology;biotechnology;chemistry,academic challenge;college preparation;career exploration,strongly prefer free,mostly online,anywhere in the U.S.,Boulder,Colorado,Mountain,balanced,4 to 8 weeks,8,summer,9,12,faculty mentorship,350,yes,optional,This summer program helps high school students explore genetics through academic challenge and college preparation.,genetics;biology;biotechnology;academic challenge;college preparation,solid,3.2-3.49,Introductory coursework helpful but not required,No formal experience required; beginner exposure helpful,moderate,No strict prerequisite; demonstrated interest improves fit
SYN-0278,Crescent Peak University Discovery College Prep Seminar in Creative Writing,Crescent Peak University,synthetic_generated,,creative writing,journalism;history,creative writing;journalism;history,skill development;college preparation;meeting like-minded students,must be free,hybrid,East Coast,New York,New York,East Coast,balanced,1 to 2 weeks,2,summer,9,12,application guidance,0,need-based aid,optional,Students build confidence in creative writing while developing transferable skills through skill development and college preparation.,creative writing;journalism;history;skill development;college preparation,solid,3.2-3.49,Foundational coursework or portfolio-building experience helpful,No formal experience required; beginner exposure helpful,moderate,"Portfolio, writing samples, or prior creative work may strengthen fit"
SYN-0740,Granite Point Institute Elite Pre-College Institute for Law,Granite Point Institute,synthetic_generated,,law,political science;history,law;political science;history;international relations,academic challenge;leadership development;career exploration,not a major concern,either,international,Oxford,England,International,balanced,2 to 4 weeks,3,summer,10,12,peer community,10500,limited,optional,"Designed for motivated teens, this program combines law content with academic challenge and leadership development.",law;political science;history;academic challenge;leadership development,solid,3.2-3.49,Introductory coursework or demonstrated interest helpful,No formal experience required; beginner exposure helpful,moderate,No strict prerequisite; demonstrated interest improves fit
REAL-0046,NSLC International Diplomacy - Georgetown University,National Student Leadership Conference,real_sourced,https://www.nslcleaders.org/summer-program-locations/gu-washington-dc-summer-programs/,international relations,political science;law;leadership,international relations;political science;law;leadership,leadership development;career exploration;networking,moderate cost is okay,in-person only,East Coast,Washington,District of Columbia,East Coast,balanced,1 to 2 weeks,1.3,summer,9,12,peer community,4495,scholarships available,yes,Residential NSLC pre-college program in international diplomacy hosted on the Georgetown campus.,international relations;political science;law;leadership;leadership development;career exploration,solid,3.2-3.49,Introductory coursework or demonstrated interest helpful,No formal experience required; beginner exposure helpful,moderate,No strict prerequisite; demonstrated interest improves fit
SYN-0220,Coastal Edge Institute Applied Leadership Forum in Interdisciplinary,Coastal Edge Institute,synthetic_generated,,interdisciplinary,leadership;research,interdisciplinary;leadership;research;social impact,major exploration;meeting like-minded students;academic challenge,must be free,mostly in-person,West Coast,Los Angeles,California,West Coast,less competitive,2 to 4 weeks,3,summer,9,12,independent exploration,0,need-based aid,yes,"A 2 to 4 weeks pre-college experience focused on interdisciplinary, blending major exploration with meeting like-minded students.",interdisciplinary;leadership;research;major exploration;meeting like-minded students,average,3.0-3.19,Foundational coursework helpful but not required,Beginner friendly; no prior experience required,moderate-low,No strict prerequisite; demonstrated interest improves fit
SYN-0589,Bridgewater Youth Academy Foundations Field School in Finance,Bridgewater Youth Academy,synthetic_generated,,finance,economics;business,finance;economics;business,academic challenge;skill development;career exploration,strongly prefer free,in-person only,East Coast,Raleigh,North Carolina,East Coast,competitive,1 to 2 weeks,2,summer,9,12,application guidance,500,no,yes,"A 1 to 2 weeks pre-college experience focused on finance, blending academic challenge with skill development.",finance;economics;business;academic challenge;skill development,strong,3.5-3.79,Relevant introductory coursework or strong extracurricular exposure helpful,Some prior exposure helpful,moderately high,"Quantitative comfort, initiative, or leadership/project experience helpful"
SYN-0885,Meridian Scholars Collective Open Door College Prep Seminar in Psychology,Meridian Scholars Collective,synthetic_generated,,psychology,neuroscience;public health,psychology;neuroscience;public health;biology,major exploration;academic challenge;research experience,not a major concern,hybrid,East Coast,Providence,Rhode Island,East Coast,balanced,4 to 8 weeks,8,summer,9,12,career guidance,9200,merit scholarships,optional,Students build confidence in psychology while developing transferable skills through major exploration and academic challenge.,psychology;neuroscience;public health;major exploration;academic challenge,solid,3.2-3.49,Introductory coursework or demonstrated interest helpful,No formal experience required; beginner exposure helpful,moderate,No strict prerequisite; demonstrated interest improves fit
REAL-0053,NSLC Nursing - University of Michigan,National Student Leadership Conference,real_sourced,https://www.nslcleaders.org/summer-program-locations/michigan-high-school-summer-programs/,nursing,medicine;public health;leadership,nursing;medicine;public health;leadership,career exploration;medical exposure;hands-on projects,moderate cost is okay,in-person only,Midwest,Ann Arbor,Michigan,Midwest,balanced,1 to 2 weeks,1.3,summer,9,12,peer community,4195,scholarships available,yes,Residential NSLC pre-college program in nursing hosted on the University of Michigan campus.,nursing;medicine;public health;leadership;career exploration;medical exposure,solid,3.2-3.49,Introductory coursework helpful but not required,No formal experience required; beginner exposure helpful,moderate,Biology/chemistry exposure helpful; healthcare interest expected
SYN-0758,Crescent Peak University Foundations Immersion in Biotechnology,Crescent Peak University,synthetic_generated,,biotechnology,biology;chemistry,biotechnology;biology;chemistry,research experience;career exploration;skill development,moderate cost is okay,either,Arizona,Phoenix,Arizona,Southwest,balanced,2 to 4 weeks,4,summer,9,12,application guidance,2800,limited,optional,Students build confidence in biotechnology while developing transferable skills through research experience and career exploration.,biotechnology;biology;chemistry;research experience;career exploration,solid,3.2-3.49,Introductory coursework helpful but not required,No formal experience required; beginner exposure helpful,moderate,No strict prerequisite; demonstrated interest improves fit
SYN-0716,Cedar Grove Scholars Young Innovators Immersion in Statistics,Cedar Grove Scholars,synthetic_generated,,statistics,mathematics;data science,statistics;mathematics;data science,career exploration;academic challenge;skill development,low cost only,online only,remote only,Remote,Remote,Remote,balanced,1 to 2 weeks,2,summer,9,12,independent exploration,1200,merit scholarships,no,"A 1 to 2 weeks pre-college experience focused on statistics, blending career exploration with academic challenge.",statistics;mathematics;data science;career exploration;academic challenge,solid,3.2-3.49,Introductory coursework helpful but not required,No formal experience required; beginner exposure helpful,moderate,No strict prerequisite; demonstrated interest improves fit
SYN-0914,Silverline Summer College Foundations Bootcamp in Graphic Design,Silverline Summer College,synthetic_generated,,graphic design,design;marketing,graphic design;design;marketing,hands-on projects;career exploration;skill development,low cost only,mostly online,Arizona,Phoenix,Arizona,Southwest,less competitive,4 to 8 weeks,6,summer,9,12,project guidance,1500,need-based aid,optional,This summer program helps high school students explore graphic design through hands-on projects and career exploration.,graphic design;design;marketing;hands-on projects;career exploration,average,3.0-3.19,Foundational coursework or portfolio-building experience helpful,Beginner friendly; no prior experience required,moderate-low,"Portfolio, writing samples, or prior creative work may strengthen fit"
SYN-0536,Cedar Grove Scholars Frontier Research Lab in Finance,Cedar Grove Scholars,synthetic_generated,,finance,economics;business,finance;economics;business,networking;skill development;academic challenge,moderate cost is okay,hybrid,East Coast,Boston,Massachusetts,East Coast,balanced,1 to 2 weeks,2,summer,9,12,project guidance,3200,no,optional,Students build confidence in finance while developing transferable skills through networking and skill development.,finance;economics;business;networking;skill development,solid,3.2-3.49,Relevant introductory coursework or strong extracurricular exposure helpful,No formal experience required; beginner exposure helpful,moderate,"Quantitative comfort, initiative, or leadership/project experience helpful"
SYN-0145,Urban Horizon Institute Applied College Prep Seminar in Game Development,Urban Horizon Institute,synthetic_generated,,game development,computer science;design,game development;computer science;design;software engineering,hands-on projects;meeting like-minded students;portfolio building,moderate cost is okay,mostly in-person,Midwest,Ann Arbor,Michigan,Midwest,very competitive,1 to 2 weeks,2,winter,8,12,peer community,3200,limited,yes,Students build confidence in game development while developing transferable skills through hands-on projects and meeting like-minded students.,game development;computer science;design;hands-on projects;meeting like-minded students,exceptional,3.8+,Foundational coursework helpful but not required,Demonstrated sustained interest and prior exposure preferred,high,No strict prerequisite; demonstrated interest improves fit
SYN-0288,Orbit Learning Institute Discovery Summer Academy in Machine Learning,Orbit Learning Institute,synthetic_generated,,machine learning,artificial intelligence;data science,machine learning;artificial intelligence;data science,skill development;hands-on projects;portfolio building,moderate cost is okay,mostly online,Arizona,Phoenix,Arizona,Southwest,very competitive,4 to 8 weeks,8,summer,9,12,faculty mentorship,3800,need-based aid,optional,"Designed for motivated teens, this program combines machine learning content with skill development and hands-on projects.",machine learning;artificial intelligence;data science;skill development;hands-on projects,exceptional,3.8+,Advanced coursework preferred (honors/AP/IB or strong equivalent),"Some prior projects, research, competitions, or advanced exposure preferred",high,Math/programming familiarity helpful; projects or coding exposure useful
SYN-0152,Blue Mesa Scholars Academy Honors Summer Academy in Social Impact,Blue Mesa Scholars Academy,synthetic_generated,,social impact,leadership;public health,social impact;leadership;public health,leadership development;social impact;career exploration,must be free,mostly in-person,international,Oxford,England,International,balanced,1 to 2 weeks,1,winter,9,12,student mentorship,0,no,yes,"Designed for motivated teens, this program combines social impact content with leadership development and social impact.",social impact;leadership;public health;leadership development;social impact,solid,3.2-3.49,Introductory coursework or demonstrated interest helpful,No formal experience required; beginner exposure helpful,moderate,No strict prerequisite; demonstrated interest improves fit
SYN-0225,Meridian Scholars Collective Elite Research Lab in Genetics,Meridian Scholars Collective,synthetic_generated,,genetics,biology;biotechnology,genetics;biology;biotechnology;chemistry,academic challenge;career exploration;research experience,strongly prefer free,either,Midwest,Chicago,Illinois,Midwest,less competitive,4 to 8 weeks,6,summer,9,12,application guidance,500,no,optional,Students build confidence in genetics while developing transferable skills through academic challenge and career exploration.,genetics;biology;biotechnology;academic challenge;career exploration,average,3.0-3.19,Introductory coursework helpful but not required,Beginner friendly; no prior experience required,moderate-low,No strict prerequisite; demonstrated interest improves fit
SYN-0215,Summit Forge Academy Frontier Leadership Forum in Aerospace Engineering,Summit Forge Academy,synthetic_generated,,aerospace engineering,physics;mechanical engineering,aerospace engineering;physics;mechanical engineering;mathematics,skill development;hands-on projects;academic challenge,strongly prefer free,mostly online,West Coast,San Francisco,California,West Coast,less competitive,4 to 8 weeks,6,summer,9,12,research mentorship,350,limited,optional,"A 4 to 8 weeks pre-college experience focused on aerospace engineering, blending skill development with hands-on projects.",aerospace engineering;physics;mechanical engineering;skill development;hands-on projects,average,3.0-3.19,Introductory coursework helpful but not required,Beginner friendly; no prior experience required,moderate-low,No strict prerequisite; demonstrated interest improves fit
SYN-0890,Granite Point Institute Frontier Summer Academy in Creative Writing,Granite Point Institute,synthetic_generated,,creative writing,journalism;history,creative writing;journalism;history,meeting like-minded students;skill development;college preparation,strongly prefer free,online only,remote only,Remote,Remote,Remote,less competitive,1 to 2 weeks,1,summer,9,12,faculty mentorship,350,limited,no,Students build confidence in creative writing while developing transferable skills through meeting like-minded students and skill development.,creative writing;journalism;history;meeting like-minded students;skill development,average,3.0-3.19,Foundational coursework or portfolio-building experience helpful,Beginner friendly; no prior experience required,moderate-low,"Portfolio, writing samples, or prior creative work may strengthen fit"
SYN-0757,Riverview Innovation Lab Frontier Field School in Biology,Riverview Innovation Lab,synthetic_generated,,biology,chemistry;research,biology;chemistry;research;biochemistry,college preparation;hands-on projects;research experience,moderate cost is okay,mostly in-person,South,Atlanta,Georgia,South,competitive,1 to 2 weeks,2,summer,9,12,small class size,4500,no,yes,Students build confidence in biology while developing transferable skills through college preparation and hands-on projects.,biology;chemistry;research;college preparation;hands-on projects,strong,3.5-3.79,Advanced coursework preferred (honors/AP/IB or strong equivalent),Some prior exposure or self-directed projects helpful,moderately high,No strict prerequisite; demonstrated interest improves fit
SYN-0046,Skyline Discovery Institute Pioneer Bootcamp in Marine Biology,Skyline Discovery Institute,synthetic_generated,,marine biology,biology;environmental science,marine biology;biology;environmental science;chemistry,social impact;research experience;hands-on projects,cost matters but flexible,in-person only,Midwest,Ann Arbor,Michigan,Midwest,less competitive,2 to 4 weeks,4,summer,9,12,small class size,7200,no,yes,Students build confidence in marine biology while developing transferable skills through social impact and research experience.,marine biology;biology;environmental science;social impact;research experience,average,3.0-3.19,Foundational coursework helpful but not required,Beginner friendly; no prior experience required,moderate-low,No strict prerequisite; demonstrated interest improves fit
SYN-0055,Urban Horizon Institute Future Leaders Innovation Studio in Philosophy,Urban Horizon Institute,synthetic_generated,,philosophy,history;law,philosophy;history;law;political science,academic challenge;college preparation;meeting like-minded students,must be free,mostly in-person,international,Toronto,Canada,International,competitive,4 to 8 weeks,8,summer,9,12,application guidance,0,no,yes,This summer program helps high school students explore philosophy through academic challenge and college preparation.,philosophy;history;law;academic challenge;college preparation,strong,3.5-3.79,Introductory coursework or demonstrated interest helpful,Some prior exposure helpful,moderately high,No strict prerequisite; demonstrated interest improves fit
SYN-0878,Crescent Peak University Young Innovators Pre-College Institute for Marketing,Crescent Peak University,synthetic_generated,,marketing,business;design,marketing;business;design;finance,portfolio building;leadership development;career exploration,cost matters but flexible,in-person only,South,Houston,Texas,South,less competitive,1 to 2 weeks,2,summer,9,12,career guidance,7200,limited,yes,"Designed for motivated teens, this program combines marketing content with portfolio building and leadership development.",marketing;business;design;portfolio building;leadership development,average,3.0-3.19,Relevant introductory coursework or strong extracurricular exposure helpful,Beginner friendly; no prior experience required,moderate-low,"Quantitative comfort, initiative, or leadership/project experience helpful"
SYN-0074,Silverline Summer College Foundations College Prep Seminar in Business,Silverline Summer College,synthetic_generated,,business,finance;marketing,business;finance;marketing;economics,leadership development;career exploration;networking,cost matters but flexible,in-person only,East Coast,Providence,Rhode Island,East Coast,balanced,1 to 2 weeks,1,summer,9,12,student mentorship,5200,yes,yes,"Designed for motivated teens, this program combines business content with leadership development and career exploration.",business;finance;marketing;leadership development;career exploration,solid,3.2-3.49,Relevant introductory coursework or strong extracurricular exposure helpful,No formal experience required; beginner exposure helpful,moderate,"Quantitative comfort, initiative, or leadership/project experience helpful"
SYN-0043,Redwood Pathways Institute Elite Pre-College Institute for Marine Biology,Redwood Pathways Institute,synthetic_generated,,marine biology,biology;environmental science,marine biology;biology;environmental science;chemistry,social impact;career exploration;hands-on projects,must be free,in-person only,South,Miami,Florida,South,competitive,2 to 4 weeks,4,summer,9,12,small class size,0,no,yes,"A 2 to 4 weeks pre-college experience focused on marine biology, blending social impact with career exploration.",marine biology;biology;environmental science;social impact;career exploration,strong,3.5-3.79,Foundational coursework helpful but not required,Some prior exposure helpful,moderately high,No strict prerequisite; demonstrated interest improves fit
SYN-0243,Pioneer Horizon University Applied Bootcamp in Biochemistry,Pioneer Horizon University,synthetic_generated,,biochemistry,chemistry;biology,biochemistry;chemistry;biology,academic challenge;skill development;career exploration,strongly prefer free,hybrid,South,Atlanta,Georgia,South,balanced,2 to 4 weeks,3,summer,9,12,student mentorship,350,limited,optional,Students build confidence in biochemistry while developing transferable skills through academic challenge and skill development.,biochemistry;chemistry;biology;academic challenge;skill development,solid,3.2-3.49,Introductory coursework helpful but not required,No formal experience required; beginner exposure helpful,moderate,No strict prerequisite; demonstrated interest improves fit
SYN-0909,Prairie Stone Scholars Program Advanced Scholars Program in Civil Engineering,Prairie Stone Scholars Program,synthetic_generated,,civil engineering,architecture;sustainability,civil engineering;architecture;sustainability,skill development;career exploration;social impact,not a major concern,mostly in-person,East Coast,Raleigh,North Carolina,East Coast,balanced,4 to 8 weeks,8,fall,9,12,small class size,13500,limited,yes,Students build confidence in civil engineering while developing transferable skills through skill development and career exploration.,civil engineering;architecture;sustainability;skill development;career exploration,solid,3.2-3.49,Introductory coursework helpful but not required,No formal experience required; beginner exposure helpful,moderate,No strict prerequisite; demonstrated interest improves fit
REAL-0009,Sports Industry Management Academy,Georgetown University,real_sourced,https://summer.georgetown.edu/pre-college-programs/academies/academy-finder/,sports management,business;marketing;leadership,sports management;business;marketing;leadership,career exploration;networking;leadership development,cost matters but flexible,in-person only,East Coast,Washington,District of Columbia,East Coast,balanced,1 to 2 weeks,2,summer,8,12,career guidance,6465,limited,yes,Two-week academy focused on sports industry strategy and management.,sports management;business;marketing;leadership;career exploration;networking,solid,3.2-3.49,Foundational coursework helpful but not required,No formal experience required; beginner exposure helpful,moderate,No strict prerequisite; demonstrated interest improves fit
SYN-0759,Prairie Stone Scholars Program Honors Summer Academy in Statistics,Prairie Stone Scholars Program,synthetic_generated,,statistics,mathematics;data science,statistics;mathematics;data science,academic challenge;career exploration;skill development,strongly prefer free,in-person only,international,Singapore,Singapore,International,less competitive,2 to 4 weeks,4,summer,9,12,career guidance,500,no,yes,"A 2 to 4 weeks pre-college experience focused on statistics, blending academic challenge with career exploration.",statistics;mathematics;data science;academic challenge;career exploration,average,3.0-3.19,Introductory coursework helpful but not required,Beginner friendly; no prior experience required,moderate-low,No strict prerequisite; demonstrated interest improves fit
SYN-0246,Catalyst Pre-College Center Global Immersion in Civil Engineering,Catalyst Pre-College Center,synthetic_generated,,civil engineering,architecture;sustainability,civil engineering;architecture;sustainability,hands-on projects;career exploration;social impact,must be free,hybrid,East Coast,Providence,Rhode Island,East Coast,balanced,4 to 8 weeks,6,summer,9,12,project guidance,0,limited,optional,"Designed for motivated teens, this program combines civil engineering content with hands-on projects and career exploration.",civil engineering;architecture;sustainability;hands-on projects;career exploration,solid,3.2-3.49,Introductory coursework helpful but not required,No formal experience required; beginner exposure helpful,moderate,No strict prerequisite; demonstrated interest improves fit
SYN-0493,Redwood Pathways Institute Global Bootcamp in Biomedical Engineering,Redwood Pathways Institute,synthetic_generated,,biomedical engineering,medicine;mechanical engineering,biomedical engineering;medicine;mechanical engineering;biology,hands-on projects;career exploration;medical exposure,must be free,in-person only,East Coast,Boston,Massachusetts,East Coast,competitive,1 to 2 weeks,2,summer,10,12,independent exploration,0,no,yes,"A 1 to 2 weeks pre-college experience focused on biomedical engineering, blending hands-on projects with career exploration.",biomedical engineering;medicine;mechanical engineering;hands-on projects;career exploration,strong,3.5-3.79,Advanced coursework preferred (honors/AP/IB or strong equivalent),Some prior exposure or self-directed projects helpful,moderately high,No strict prerequisite; demonstrated interest improves fit
SYN-0680,Granite Point Institute Foundations College Prep Seminar in Pre-Med,Granite Point Institute,synthetic_generated,,pre-med,medicine;biology,pre-med;medicine;biology,college preparation;resume building;research experience,not a major concern,in-person only,East Coast,Raleigh,North Carolina,East Coast,less competitive,1 to 2 weeks,1,summer,9,12,research mentorship,9200,limited,yes,"Designed for motivated teens, this program combines pre-med content with college preparation and resume building.",pre-med;medicine;biology;college preparation;resume building,average,3.0-3.19,Introductory coursework helpful but not required,Beginner friendly; no prior experience required,moderate-low,Biology/chemistry exposure helpful; healthcare interest expected
SYN-0571,Northstar Future Institute Applied College Prep Seminar in Computer Science,Northstar Future Institute,synthetic_generated,,computer science,software engineering;artificial intelligence,computer science;software engineering;artificial intelligence,hands-on projects;career exploration;skill development,not a major concern,online only,remote only,Remote,Remote,Remote,open enrollment,1 to 2 weeks,1,summer,9,12,application guidance,13500,need-based aid,no,"Designed for motivated teens, this program combines computer science content with hands-on projects and career exploration.",computer science;software engineering;artificial intelligence;hands-on projects;career exploration,accessible,No formal minimum / 2.5+ preferred,Introductory coursework helpful but not required,Open to beginners; no prior experience required,accessible,Math/programming familiarity helpful; projects or coding exposure useful
SYN-0228,Orbit Learning Institute Open Door Leadership Forum in Sports Management,Orbit Learning Institute,synthetic_generated,,sports management,business;marketing,sports management;business;marketing;finance,career exploration;leadership development;resume building,not a major concern,in-person only,anywhere in the U.S.,Denver,Colorado,Mountain,balanced,1 to 2 weeks,2,winter,9,12,faculty mentorship,11800,no,yes,"A 1 to 2 weeks pre-college experience focused on sports management, blending career exploration with leadership development.",sports management;business;marketing;career exploration;leadership development,solid,3.2-3.49,Foundational coursework helpful but not required,No formal experience required; beginner exposure helpful,moderate,No strict prerequisite; demonstrated interest improves fit
SYN-0315,Meridian Scholars Collective Global Scholars Program in Biomedical Engineering,Meridian Scholars Collective,synthetic_generated,,biomedical engineering,medicine;mechanical engineering,biomedical engineering;medicine;mechanical engineering;biology,career exploration;medical exposure;research experience,strongly prefer free,hybrid,South,Houston,Texas,South,less competitive,2 to 4 weeks,4,summer,10,12,application guidance,350,merit scholarships,optional,Students build confidence in biomedical engineering while developing transferable skills through career exploration and medical exposure.,biomedical engineering;medicine;mechanical engineering;career exploration;medical exposure,average,3.0-3.19,Introductory coursework helpful but not required,Beginner friendly; no prior experience required,moderate-low,No strict prerequisite; demonstrated interest improves fit
SYN-0826,Skyline Discovery Institute Pioneer Explorers Program in Biology,Skyline Discovery Institute,synthetic_generated,,biology,chemistry;research,biology;chemistry;research;biochemistry,hands-on projects;academic challenge;research experience,cost matters but flexible,mostly online,East Coast,Washington,District of Columbia,East Coast,open enrollment,1 to 2 weeks,2,summer,9,12,project guidance,5200,no,optional,"A 1 to 2 weeks pre-college experience focused on biology, blending hands-on projects with academic challenge.",biology;chemistry;research;hands-on projects;academic challenge,accessible,No formal minimum / 2.5+ preferred,Introductory coursework helpful but not required,Open to beginners; no prior experience required,accessible,No strict prerequisite; demonstrated interest improves fit
SYN-0566,Cedar Grove Scholars Applied Leadership Forum in Neuroscience,Cedar Grove Scholars,synthetic_generated,,neuroscience,biology;psychology,neuroscience;biology;psychology;chemistry,career exploration;academic challenge;research experience,low cost only,in-person only,South,Nashville,Tennessee,South,very competitive,2 to 4 weeks,4,summer,9,12,career guidance,1500,need-based aid,yes,"A 2 to 4 weeks pre-college experience focused on neuroscience, blending career exploration with academic challenge.",neuroscience;biology;psychology;career exploration;academic challenge,exceptional,3.8+,Advanced coursework preferred (honors/AP/IB or strong equivalent),"Some prior projects, research, competitions, or advanced exposure preferred",high,No strict prerequisite; demonstrated interest improves fit
SYN-0294,Cobalt Ridge University Frontier Scholars Program in Design,Cobalt Ridge University,synthetic_generated,,design,graphic design;entrepreneurship,design;graphic design;entrepreneurship,skill development;career exploration;hands-on projects,must be free,in-person only,South,Nashville,Tennessee,South,balanced,4 to 8 weeks,8,summer,9,12,research mentorship,0,merit scholarships,yes,This summer program helps high school students explore design through skill development and career exploration.,design;graphic design;entrepreneurship;skill development;career exploration,solid,3.2-3.49,Foundational coursework or portfolio-building experience helpful,No formal experience required; beginner exposure helpful,moderate,"Portfolio, writing samples, or prior creative work may strengthen fit"
SYN-0649,Bridgewater Youth Academy Advanced College Prep Seminar in Research,Bridgewater Youth Academy,synthetic_generated,,research,biology;computer science,research;biology;computer science;chemistry,mentorship;academic challenge;college preparation,must be free,hybrid,international,Toronto,Canada,International,competitive,1 to 2 weeks,2,summer,10,12,faculty mentorship,0,merit scholarships,optional,"A 1 to 2 weeks pre-college experience focused on research, blending mentorship with academic challenge.",research;biology;computer science;mentorship;academic challenge,strong,3.5-3.79,Foundational coursework helpful but not required,Some prior exposure helpful,moderately high,No strict prerequisite; demonstrated interest improves fit
SYN-0557,Lighthouse Prep Academy Honors Explorers Program in Dentistry,Lighthouse Prep Academy,synthetic_generated,,dentistry,medicine;biology,dentistry;medicine;biology,medical exposure;resume building;career exploration,moderate cost is okay,in-person only,East Coast,Providence,Rhode Island,East Coast,balanced,4 to 8 weeks,6,summer,10,12,research mentorship,3800,no,yes,"A 4 to 8 weeks pre-college experience focused on dentistry, blending medical exposure with resume building.",dentistry;medicine;biology;medical exposure;resume building,solid,3.2-3.49,Foundational coursework helpful but not required,No formal experience required; beginner exposure helpful,moderate,No strict prerequisite; demonstrated interest improves fit
SYN-0455,Summit Forge Academy Global Workshop Series in Aerospace Engineering,Summit Forge Academy,synthetic_generated,,aerospace engineering,physics;mechanical engineering,aerospace engineering;physics;mechanical engineering;mathematics,hands-on projects;academic challenge;career exploration,moderate cost is okay,mostly in-person,West Coast,Los Angeles,California,West Coast,balanced,1 to 2 weeks,1,summer,9,12,research mentorship,4500,yes,yes,"Designed for motivated teens, this program combines aerospace engineering content with hands-on projects and academic challenge.",aerospace engineering;physics;mechanical engineering;hands-on projects;academic challenge,solid,3.2-3.49,Introductory coursework helpful but not required,No formal experience required; beginner exposure helpful,moderate,No strict prerequisite; demonstrated interest improves fit
SYN-0599,Brightwater Institute Open Door Field School in Sustainability,Brightwater Institute,synthetic_generated,,sustainability,environmental science;social impact,sustainability;environmental science;social impact,social impact;hands-on projects;leadership development,not a major concern,mostly online,South,Miami,Florida,South,competitive,4 to 8 weeks,8,summer,9,12,research mentorship,9200,yes,optional,Students build confidence in sustainability while developing transferable skills through social impact and hands-on projects.,sustainability;environmental science;social impact;social impact;hands-on projects,strong,3.5-3.79,Foundational coursework helpful but not required,Some prior exposure helpful,moderately high,No strict prerequisite; demonstrated interest improves fit
SYN-0487,Riverview Innovation Lab Elite Workshop Series in Sustainability,Riverview Innovation Lab,synthetic_generated,,sustainability,environmental science;social impact,sustainability;environmental science;social impact,leadership development;hands-on projects;career exploration,cost matters but flexible,hybrid,West Coast,San Diego,California,West Coast,competitive,2 to 4 weeks,3,summer,9,12,research mentorship,8400,limited,optional,This summer program helps high school students explore sustainability through leadership development and hands-on projects.,sustainability;environmental science;social impact;leadership development;hands-on projects,strong,3.5-3.79,Foundational coursework helpful but not required,Some prior exposure helpful,moderately high,No strict prerequisite; demonstrated interest improves fit
SYN-0012,Maple Bridge Academy Young Innovators Scholars Program in Biology,Maple Bridge Academy,synthetic_generated,,biology,chemistry;research,biology;chemistry;research;biochemistry,academic challenge;college preparation;hands-on projects,cost matters but flexible,mostly in-person,East Coast,Raleigh,North Carolina,East Coast,balanced,2 to 4 weeks,4,summer,9,12,application guidance,8400,limited,yes,This summer program helps high school students explore biology through academic challenge and college preparation.,biology;chemistry;research;academic challenge;college preparation,solid,3.2-3.49,Introductory coursework helpful but not required,No formal experience required; beginner exposure helpful,moderate,No strict prerequisite; demonstrated interest improves fit
SYN-0039,Prairie Stone Scholars Program Open Door Innovation Studio in Fashion Design,Prairie Stone Scholars Program,synthetic_generated,,fashion design,design;arts,fashion design;design;arts;graphic design,portfolio building;networking;career exploration,must be free,either,international,Oxford,England,International,balanced,1 to 2 weeks,2,summer,8,12,small class size,0,need-based aid,optional,"Designed for motivated teens, this program combines fashion design content with portfolio building and networking.",fashion design;design;arts;portfolio building;networking,solid,3.2-3.49,Foundational coursework helpful but not required,No formal experience required; beginner exposure helpful,moderate,No strict prerequisite; demonstrated interest improves fit
SYN-0513,Pioneer Horizon University Elite Innovation Studio in Entrepreneurship,Pioneer Horizon University,synthetic_generated,,entrepreneurship,business;marketing,entrepreneurship;business;marketing;finance,hands-on projects;networking;portfolio building,not a major concern,hybrid,international,Toronto,Canada,International,very competitive,1 to 2 weeks,1,summer,9,12,student mentorship,13500,need-based aid,optional,"Designed for motivated teens, this program combines entrepreneurship content with hands-on projects and networking.",entrepreneurship;business;marketing;hands-on projects;networking,exceptional,3.8+,Relevant introductory coursework or strong extracurricular exposure helpful,Demonstrated sustained interest and prior exposure preferred,high,"Quantitative comfort, initiative, or leadership/project experience helpful"
SYN-0794,Silverline Summer College Applied Research Lab in Entrepreneurship,Silverline Summer College,synthetic_generated,,entrepreneurship,business;marketing,entrepreneurship;business;marketing;finance,networking;hands-on projects;leadership development,not a major concern,in-person only,anywhere in the U.S.,Boulder,Colorado,Mountain,balanced,1 to 2 weeks,2,summer,9,12,independent exploration,10500,need-based aid,yes,"A 1 to 2 weeks pre-college experience focused on entrepreneurship, blending networking with hands-on projects.",entrepreneurship;business;marketing;networking;hands-on projects,solid,3.2-3.49,Relevant introductory coursework or strong extracurricular exposure helpful,No formal experience required; beginner exposure helpful,moderate,"Quantitative comfort, initiative, or leadership/project experience helpful"
REAL-0010,Marketing & Personal Branding Academy,Georgetown University,real_sourced,https://summer.georgetown.edu/pre-college-programs/academies/academy-finder/,marketing,business;design;leadership,marketing;business;design;leadership,portfolio building;networking;career exploration,cost matters but flexible,in-person only,East Coast,Washington,District of Columbia,East Coast,balanced,1 to 2 weeks,2,summer,8,12,project guidance,6465,limited,yes,"Two-week academy on marketing strategy, communication, and personal branding.",marketing;business;design;leadership;portfolio building;networking,solid,3.2-3.49,Relevant introductory coursework or strong extracurricular exposure helpful,No formal experience required; beginner exposure helpful,moderate,"Quantitative comfort, initiative, or leadership/project experience helpful"
SYN-0011,Evergreen Future Lab Discovery Summer Academy in International Relations,Evergreen Future Lab,synthetic_generated,,international relations,political science;law,international relations;political science;law,social impact;career exploration;networking,cost matters but flexible,hybrid,West Coast,Seattle,Washington,West Coast,less competitive,1 to 2 weeks,1,summer,10,12,peer community,6100,no,optional,Students build confidence in international relations while developing transferable skills through social impact and career exploration.,international relations;political science;law;social impact;career exploration,average,3.0-3.19,Introductory coursework or demonstrated interest helpful,Beginner friendly; no prior experience required,moderate-low,No strict prerequisite; demonstrated interest improves fit
SYN-0888,Orbit Learning Institute Applied Innovation Studio in Statistics,Orbit Learning Institute,synthetic_generated,,statistics,mathematics;data science,statistics;mathematics;data science,career exploration;skill development;college preparation,moderate cost is okay,either,South,Miami,Florida,South,less competitive,4 to 8 weeks,8,summer,9,12,small class size,4500,merit scholarships,optional,This summer program helps high school students explore statistics through career exploration and skill development.,statistics;mathematics;data science;career exploration;skill development,average,3.0-3.19,Introductory coursework helpful but not required,Beginner friendly; no prior experience required,moderate-low,No strict prerequisite; demonstrated interest improves fit
SYN-0405,Meridian Scholars Collective Honors Leadership Forum in Robotics,Meridian Scholars Collective,synthetic_generated,,robotics,mechanical engineering;electrical engineering,robotics;mechanical engineering;electrical engineering,career exploration;skill development;academic challenge,not a major concern,mostly in-person,East Coast,Philadelphia,Pennsylvania,East Coast,balanced,4 to 8 weeks,6,summer,9,12,small class size,11800,merit scholarships,yes,Students build confidence in robotics while developing transferable skills through career exploration and skill development.,robotics;mechanical engineering;electrical engineering;career exploration;skill development,solid,3.2-3.49,Introductory coursework helpful but not required,No formal experience required; beginner exposure helpful,moderate,Math/programming familiarity helpful; projects or coding exposure useful
SYN-0244,Aurora Youth Research Institute Applied Innovation Studio in Statistics,Aurora Youth Research Institute,synthetic_generated,,statistics,mathematics;data science,statistics;mathematics;data science,academic challenge;career exploration;college preparation,strongly prefer free,in-person only,East Coast,New York,New York,East Coast,balanced,2 to 4 weeks,4,spring,9,12,project guidance,350,merit scholarships,yes,This spring program helps high school students explore statistics through academic challenge and career exploration.,statistics;mathematics;data science;academic challenge;career exploration,solid,3.2-3.49,Introductory coursework helpful but not required,No formal experience required; beginner exposure helpful,moderate,No strict prerequisite; demonstrated interest improves fit
SYN-0071,Evergreen Future Lab Open Door Bootcamp in Computer Science,Evergreen Future Lab,synthetic_generated,,computer science,software engineering;artificial intelligence,computer science;software engineering;artificial intelligence,hands-on projects;portfolio building;skill development,cost matters but flexible,either,West Coast,San Diego,California,West Coast,competitive,4 to 8 weeks,6,summer,9,12,student mentorship,8400,no,optional,Students build confidence in computer science while developing transferable skills through hands-on projects and portfolio building.,computer science;software engineering;artificial intelligence;hands-on projects;portfolio building,strong,3.5-3.79,Advanced coursework preferred (honors/AP/IB or strong equivalent),Some prior exposure or self-directed projects helpful,moderately high,Math/programming familiarity helpful; projects or coding exposure useful
SYN-0796,Skyline Discovery Institute Global Leadership Forum in Civil Engineering,Skyline Discovery Institute,synthetic_generated,,civil engineering,architecture;sustainability,civil engineering;architecture;sustainability,social impact;skill development;career exploration,not a major concern,hybrid,East Coast,Philadelphia,Pennsylvania,East Coast,balanced,1 to 2 weeks,2,summer,9,12,small class size,9200,need-based aid,optional,"A 1 to 2 weeks pre-college experience focused on civil engineering, blending social impact with skill development.",civil engineering;architecture;sustainability;social impact;skill development,solid,3.2-3.49,Introductory coursework helpful but not required,No formal experience required; beginner exposure helpful,moderate,No strict prerequisite; demonstrated interest improves fit
SYN-0821,Evergreen Future Lab Open Door Leadership Forum in Political Science,Evergreen Future Lab,synthetic_generated,,political science,international relations;law,political science;international relations;law,social impact;career exploration;academic challenge,not a major concern,in-person only,South,Atlanta,Georgia,South,balanced,1 to 2 weeks,2,summer,10,12,peer community,13500,no,yes,Students build confidence in political science while developing transferable skills through social impact and career exploration.,political science;international relations;law;social impact;career exploration,solid,3.2-3.49,Introductory coursework or demonstrated interest helpful,No formal experience required; beginner exposure helpful,moderate,No strict prerequisite; demonstrated interest improves fit
SYN-0181,Northstar Future Institute Elite Field School in Veterinary Medicine,Northstar Future Institute,synthetic_generated,,veterinary medicine,biology;medicine,veterinary medicine;biology;medicine;chemistry,career exploration;medical exposure;research experience,must be free,in-person only,West Coast,Portland,Oregon,West Coast,very competitive,2 to 4 weeks,4,summer,9,12,research mentorship,0,merit scholarships,yes,This summer program helps high school students explore veterinary medicine through career exploration and medical exposure.,veterinary medicine;biology;medicine;career exploration;medical exposure,exceptional,3.8+,Foundational coursework helpful but not required,Demonstrated sustained interest and prior exposure preferred,high,No strict prerequisite; demonstrated interest improves fit
SYN-0578,Crescent Peak University Young Innovators Bootcamp in Music,Crescent Peak University,synthetic_generated,,music,arts;film,music;arts;film;design,meeting like-minded students;skill development;portfolio building,must be free,in-person only,international,Oxford,England,International,competitive,2 to 4 weeks,3,summer,8,12,research mentorship,0,limited,yes,"Designed for motivated teens, this program combines music content with meeting like-minded students and skill development.",music;arts;film;meeting like-minded students;skill development,strong,3.5-3.79,Foundational coursework or portfolio-building experience helpful,Beginner-to-intermediate portfolio or prior work helpful,moderately high,"Portfolio, writing samples, or prior creative work may strengthen fit"
SYN-0146,Cedar Grove Scholars Future Leaders Bootcamp in Marketing,Cedar Grove Scholars,synthetic_generated,,marketing,business;design,marketing;business;design;finance,portfolio building;leadership development;career exploration,not a major concern,hybrid,West Coast,Los Angeles,California,West Coast,balanced,4 to 8 weeks,6,summer,9,12,student mentorship,10500,no,optional,This summer program helps high school students explore marketing through portfolio building and leadership development.,marketing;business;design;portfolio building;leadership development,solid,3.2-3.49,Relevant introductory coursework or strong extracurricular exposure helpful,No formal experience required; beginner exposure helpful,moderate,"Quantitative comfort, initiative, or leadership/project experience helpful"
SYN-0204,Cobalt Ridge University Elite College Prep Seminar in Research,Cobalt Ridge University,synthetic_generated,,research,biology;computer science,research;biology;computer science;chemistry,research experience;mentorship;academic challenge,strongly prefer free,hybrid,Arizona,Phoenix,Arizona,Southwest,balanced,1 to 2 weeks,2,summer,10,12,research mentorship,750,need-based aid,optional,"Designed for motivated teens, this program combines research content with research experience and mentorship.",research;biology;computer science;research experience;mentorship,solid,3.2-3.49,Foundational coursework helpful but not required,No formal experience required; beginner exposure helpful,moderate,No strict prerequisite; demonstrated interest improves fit
SYN-0807,Mosaic Futures Academy Advanced College Prep Seminar in Journalism,Mosaic Futures Academy,synthetic_generated,,journalism,creative writing;political science,journalism;creative writing;political science,career exploration;portfolio building;leadership development,low cost only,hybrid,East Coast,Philadelphia,Pennsylvania,East Coast,competitive,1 to 2 weeks,1,summer,9,12,career guidance,1800,no,optional,Students build confidence in journalism while developing transferable skills through career exploration and portfolio building.,journalism;creative writing;political science;career exploration;portfolio building,strong,3.5-3.79,Foundational coursework or portfolio-building experience helpful,Beginner-to-intermediate portfolio or prior work helpful,moderately high,"Portfolio, writing samples, or prior creative work may strengthen fit"
SYN-0472,Pacific Crest College Prep Young Innovators Workshop Series in Law,Pacific Crest College Prep,synthetic_generated,,law,political science;history,law;political science;history;international relations,resume building;career exploration;leadership development,strongly prefer free,mostly online,East Coast,Providence,Rhode Island,East Coast,open enrollment,1 to 2 weeks,2,summer,10,12,application guidance,750,merit scholarships,optional,"Designed for motivated teens, this program combines law content with resume building and career exploration.",law;political science;history;resume building;career exploration,accessible,No formal minimum / 2.5+ preferred,Introductory coursework or demonstrated interest helpful,Open to beginners; no prior experience required,accessible,No strict prerequisite; demonstrated interest improves fit
SYN-0515,Summit Forge Academy Young Innovators Bootcamp in Law,Summit Forge Academy,synthetic_generated,,law,political science;history,law;political science;history;international relations,academic challenge;leadership development;resume building,cost matters but flexible,mostly online,East Coast,New York,New York,East Coast,competitive,1 to 2 weeks,2,summer,10,12,small class size,5200,limited,optional,"Designed for motivated teens, this program combines law content with academic challenge and leadership development.",law;political science;history;academic challenge;leadership development,strong,3.5-3.79,Introductory coursework or demonstrated interest helpful,Some prior exposure helpful,moderately high,No strict prerequisite; demonstrated interest improves fit
SYN-0782,Blue Mesa Scholars Academy Pioneer Explorers Program in Biology,Blue Mesa Scholars Academy,synthetic_generated,,biology,chemistry;research,biology;chemistry;research;biochemistry,research experience;hands-on projects;college preparation,not a major concern,mostly in-person,East Coast,Washington,District of Columbia,East Coast,very competitive,1 to 2 weeks,2,summer,9,12,application guidance,11800,no,yes,"A 1 to 2 weeks pre-college experience focused on biology, blending research experience with hands-on projects.",biology;chemistry;research;research experience;hands-on projects,exceptional,3.8+,Advanced coursework preferred (honors/AP/IB or strong equivalent),"Some prior projects, research, competitions, or advanced exposure preferred",high,No strict prerequisite; demonstrated interest improves fit
SYN-0905,Summit Forge Academy Advanced Scholars Program in Computer Science,Summit Forge Academy,synthetic_generated,,computer science,software engineering;artificial intelligence,computer science;software engineering;artificial intelligence,hands-on projects;portfolio building;skill development,not a major concern,mostly online,South,Austin,Texas,South,balanced,4 to 8 weeks,6,summer,9,12,career guidance,9200,need-based aid,optional,This summer program helps high school students explore computer science through hands-on projects and portfolio building.,computer science;software engineering;artificial intelligence;hands-on projects;portfolio building,solid,3.2-3.49,Introductory coursework helpful but not required,No formal experience required; beginner exposure helpful,moderate,Math/programming familiarity helpful; projects or coding exposure useful
SYN-0020,Granite Point Institute Pioneer Scholars Program in Design,Granite Point Institute,synthetic_generated,,design,graphic design;entrepreneurship,design;graphic design;entrepreneurship,hands-on projects;skill development;career exploration,not a major concern,online only,remote only,Remote,Remote,Remote,balanced,4 to 8 weeks,8,summer,9,12,peer community,9200,limited,no,This summer program helps high school students explore design through hands-on projects and skill development.,design;graphic design;entrepreneurship;hands-on projects;skill development,solid,3.2-3.49,Foundational coursework or portfolio-building experience helpful,No formal experience required; beginner exposure helpful,moderate,"Portfolio, writing samples, or prior creative work may strengthen fit"
REAL-0041,College Edge: Academic Year,Columbia University Pre-College,real_sourced,https://precollege.sps.columbia.edu/programs/academic-year,education,interdisciplinary;research;leadership,education;interdisciplinary;research;leadership,college preparation;academic challenge;admissions advantage,not a major concern,either,East Coast,New York,New York,East Coast,very competitive,8+ weeks,12,fall,10,12,application guidance,12000,limited,optional,Academic-year College Edge option with Columbia coursework for qualified high school students.,education;interdisciplinary;research;leadership;college preparation;academic challenge,exceptional,3.8+,Introductory coursework or demonstrated interest helpful,Demonstrated sustained interest and prior exposure preferred,high,No strict prerequisite; demonstrated interest improves fit
SYN-0545,Summit Forge Academy Advanced College Prep Seminar in Cybersecurity,Summit Forge Academy,synthetic_generated,,cybersecurity,computer science;law,cybersecurity;computer science;law;software engineering,hands-on projects;leadership development;skill development,must be free,online only,remote only,Remote,Remote,Remote,very competitive,2 to 4 weeks,4,summer,9,12,project guidance,0,no,no,This summer program helps high school students explore cybersecurity through hands-on projects and leadership development.,cybersecurity;computer science;law;hands-on projects;leadership development,exceptional,3.8+,Advanced coursework preferred (honors/AP/IB or strong equivalent),"Some prior projects, research, competitions, or advanced exposure preferred",high,Math/programming familiarity helpful; projects or coding exposure useful
SYN-0529,Bridgewater Youth Academy Applied Innovation Studio in Robotics,Bridgewater Youth Academy,synthetic_generated,,robotics,mechanical engineering;electrical engineering,robotics;mechanical engineering;electrical engineering,academic challenge;hands-on projects;skill development,not a major concern,hybrid,South,Austin,Texas,South,open enrollment,1 to 2 weeks,2,summer,9,12,small class size,11800,no,optional,"Designed for motivated teens, this program combines robotics content with academic challenge and hands-on projects.",robotics;mechanical engineering;electrical engineering;academic challenge;hands-on projects,accessible,No formal minimum / 2.5+ preferred,Introductory coursework helpful but not required,Open to beginners; no prior experience required,accessible,Math/programming familiarity helpful; projects or coding exposure useful
SYN-0790,Coastal Edge Institute Open Door Summer Academy in Biotechnology,Coastal Edge Institute,synthetic_generated,,biotechnology,biology;chemistry,biotechnology;biology;chemistry,skill development;career exploration;research experience,strongly prefer free,hybrid,South,Atlanta,Georgia,South,balanced,2 to 4 weeks,3,summer,9,12,small class size,500,need-based aid,optional,"Designed for motivated teens, this program combines biotechnology content with skill development and career exploration.",biotechnology;biology;chemistry;skill development;career exploration,solid,3.2-3.49,Introductory coursework helpful but not required,No formal experience required; beginner exposure helpful,moderate,No strict prerequisite; demonstrated interest improves fit
SYN-0520,Coastal Edge Institute Advanced Innovation Studio in Mechanical Engineering,Coastal Edge Institute,synthetic_generated,,mechanical engineering,robotics;civil engineering,mechanical engineering;robotics;civil engineering,hands-on projects;academic challenge;career exploration,strongly prefer free,mostly online,East Coast,Boston,Massachusetts,East Coast,less competitive,2 to 4 weeks,4,summer,9,12,faculty mentorship,750,limited,optional,This summer program helps high school students explore mechanical engineering through hands-on projects and academic challenge.,mechanical engineering;robotics;civil engineering;hands-on projects;academic challenge,average,3.0-3.19,Introductory coursework helpful but not required,Beginner friendly; no prior experience required,moderate-low,No strict prerequisite; demonstrated interest improves fit
SYN-0059,Brightwater Institute Frontier Scholars Program in Electrical Engineering,Brightwater Institute,synthetic_generated,,electrical engineering,physics;robotics,electrical engineering;physics;robotics;mathematics,academic challenge;hands-on projects;skill development,cost matters but flexible,mostly in-person,East Coast,Philadelphia,Pennsylvania,East Coast,competitive,1 to 2 weeks,2,summer,9,12,peer community,6100,yes,yes,"Designed for motivated teens, this program combines electrical engineering content with academic challenge and hands-on projects.",electrical engineering;physics;robotics;academic challenge;hands-on projects,strong,3.5-3.79,Advanced coursework preferred (honors/AP/IB or strong equivalent),Some prior exposure or self-directed projects helpful,moderately high,No strict prerequisite; demonstrated interest improves fit
SYN-0350,Granite Point Institute Advanced Bootcamp in Sports Management,Granite Point Institute,synthetic_generated,,sports management,business;marketing,sports management;business;marketing;finance,career exploration;resume building;leadership development,cost matters but flexible,hybrid,West Coast,Portland,Oregon,West Coast,open enrollment,1 to 2 weeks,1,summer,9,12,research mentorship,8400,yes,optional,Students build confidence in sports management while developing transferable skills through career exploration and resume building.,sports management;business;marketing;career exploration;resume building,accessible,No formal minimum / 2.5+ preferred,Foundational coursework helpful but not required,Open to beginners; no prior experience required,accessible,No strict prerequisite; demonstrated interest improves fit
SYN-0177,Mosaic Futures Academy Advanced Bootcamp in Software Engineering,Mosaic Futures Academy,synthetic_generated,,software engineering,computer science;artificial intelligence,software engineering;computer science;artificial intelligence,career exploration;skill development;hands-on projects,cost matters but flexible,in-person only,South,Miami,Florida,South,less competitive,1 to 2 weeks,2,summer,9,12,application guidance,5200,limited,yes,Students build confidence in software engineering while developing transferable skills through career exploration and skill development.,software engineering;computer science;artificial intelligence;career exploration;skill development,average,3.0-3.19,Introductory coursework helpful but not required,Beginner friendly; no prior experience required,moderate-low,Math/programming familiarity helpful; projects or coding exposure useful
SYN-0660,Compass Youth University Future Leaders Immersion in Political Science,Compass Youth University,synthetic_generated,,political science,international relations;law,political science;international relations;law,leadership development;social impact;academic challenge,cost matters but flexible,mostly online,East Coast,Providence,Rhode Island,East Coast,less competitive,4 to 8 weeks,6,summer,10,12,project guidance,6100,merit scholarships,optional,"Designed for motivated teens, this program combines political science content with leadership development and social impact.",political science;international relations;law;leadership development;social impact,average,3.0-3.19,Introductory coursework or demonstrated interest helpful,Beginner friendly; no prior experience required,moderate-low,No strict prerequisite; demonstrated interest improves fit
SYN-0546,Catalyst Pre-College Center Foundations Scholars Program in Music,Catalyst Pre-College Center,synthetic_generated,,music,arts;film,music;arts;film;design,career exploration;meeting like-minded students;portfolio building,not a major concern,in-person only,West Coast,San Francisco,California,West Coast,balanced,1 to 2 weeks,2,summer,8,12,independent exploration,10500,limited,yes,"A 1 to 2 weeks pre-college experience focused on music, blending career exploration with meeting like-minded students.",music;arts;film;career exploration;meeting like-minded students,solid,3.2-3.49,Foundational coursework or portfolio-building experience helpful,No formal experience required; beginner exposure helpful,moderate,"Portfolio, writing samples, or prior creative work may strengthen fit"
SYN-0703,Redwood Pathways Institute Future Leaders Immersion in Environmental Science,Redwood Pathways Institute,synthetic_generated,,environmental science,sustainability;biology,environmental science;sustainability;biology,social impact;career exploration;hands-on projects,moderate cost is okay,either,East Coast,Providence,Rhode Island,East Coast,competitive,1 to 2 weeks,1,summer,9,12,student mentorship,3200,need-based aid,optional,This summer program helps high school students explore environmental science through social impact and career exploration.,environmental science;sustainability;biology;social impact;career exploration,strong,3.5-3.79,Advanced coursework preferred (honors/AP/IB or strong equivalent),Some prior exposure or self-directed projects helpful,moderately high,No strict prerequisite; demonstrated interest improves fit
SYN-0127,Riverview Innovation Lab Pioneer College Prep Seminar in Data Science,Riverview Innovation Lab,synthetic_generated,,data science,statistics;computer science,data science;statistics;computer science;mathematics,skill development;portfolio building;career exploration,not a major concern,hybrid,Midwest,Madison,Wisconsin,Midwest,competitive,1 to 2 weeks,1,summer,9,12,application guidance,13500,no,optional,Students build confidence in data science while developing transferable skills through skill development and portfolio building.,data science;statistics;computer science;skill development;portfolio building,strong,3.5-3.79,Advanced coursework preferred (honors/AP/IB or strong equivalent),Some prior exposure or self-directed projects helpful,moderately high,Math/programming familiarity helpful; projects or coding exposure useful
SYN-0019,Bridgewater Youth Academy Discovery Workshop Series in Biochemistry,Bridgewater Youth Academy,synthetic_generated,,biochemistry,chemistry;biology,biochemistry;chemistry;biology,career exploration;skill development;academic challenge,must be free,either,anywhere in the U.S.,Denver,Colorado,Mountain,open enrollment,1 to 2 weeks,2,summer,9,12,career guidance,0,need-based aid,optional,"A 1 to 2 weeks pre-college experience focused on biochemistry, blending career exploration with skill development.",biochemistry;chemistry;biology;career exploration;skill development,accessible,No formal minimum / 2.5+ preferred,Introductory coursework helpful but not required,Open to beginners; no prior experience required,accessible,No strict prerequisite; demonstrated interest improves fit
SYN-0457,Riverview Innovation Lab Advanced Leadership Forum in Entrepreneurship,Riverview Innovation Lab,synthetic_generated,,entrepreneurship,business;marketing,entrepreneurship;business;marketing;finance,portfolio building;leadership development;hands-on projects,low cost only,in-person only,anywhere in the U.S.,Boulder,Colorado,Mountain,very competitive,2 to 4 weeks,3,summer,9,12,student mentorship,1200,need-based aid,yes,"A 2 to 4 weeks pre-college experience focused on entrepreneurship, blending portfolio building with leadership development.",entrepreneurship;business;marketing;portfolio building;leadership development,exceptional,3.8+,Relevant introductory coursework or strong extracurricular exposure helpful,Demonstrated sustained interest and prior exposure preferred,high,"Quantitative comfort, initiative, or leadership/project experience helpful"
SYN-0813,Pioneer Horizon University Global Immersion in International Relations,Pioneer Horizon University,synthetic_generated,,international relations,political science;law,international relations;political science;law,leadership development;networking;career exploration,moderate cost is okay,hybrid,East Coast,Boston,Massachusetts,East Coast,competitive,2 to 4 weeks,4,summer,10,12,application guidance,3800,need-based aid,optional,"Designed for motivated teens, this program combines international relations content with leadership development and networking.",international relations;political science;law;leadership development;networking,strong,3.5-3.79,Introductory coursework or demonstrated interest helpful,Some prior exposure helpful,moderately high,No strict prerequisite; demonstrated interest improves fit
SYN-0742,Pacific Crest College Prep Elite Research Lab in Chemistry,Pacific Crest College Prep,synthetic_generated,,chemistry,biochemistry;research,chemistry;biochemistry;research,hands-on projects;academic challenge;college preparation,strongly prefer free,in-person only,West Coast,Los Angeles,California,West Coast,less competitive,1 to 2 weeks,2,summer,9,12,independent exploration,350,yes,yes,This summer program helps high school students explore chemistry through hands-on projects and academic challenge.,chemistry;biochemistry;research;hands-on projects;academic challenge,average,3.0-3.19,Introductory coursework helpful but not required,Beginner friendly; no prior experience required,moderate-low,No strict prerequisite; demonstrated interest improves fit
SYN-0720,Compass Youth University Foundations Leadership Forum in Philosophy,Compass Youth University,synthetic_generated,,philosophy,history;law,philosophy;history;law;political science,meeting like-minded students;academic challenge;major exploration,moderate cost is okay,in-person only,South,Miami,Florida,South,balanced,1 to 2 weeks,2,summer,9,12,student mentorship,4500,yes,yes,Students build confidence in philosophy while developing transferable skills through meeting like-minded students and academic challenge.,philosophy;history;law;meeting like-minded students;academic challenge,solid,3.2-3.49,Introductory coursework or demonstrated interest helpful,No formal experience required; beginner exposure helpful,moderate,No strict prerequisite; demonstrated interest improves fit
SYN-0451,Northstar Future Institute Pioneer Field School in Pharmacy,Northstar Future Institute,synthetic_generated,,pharmacy,chemistry;biochemistry,pharmacy;chemistry;biochemistry,skill development;research experience;college preparation,cost matters but flexible,mostly in-person,East Coast,Providence,Rhode Island,East Coast,very competitive,1 to 2 weeks,1,summer,10,12,application guidance,5200,no,yes,"A 1 to 2 weeks pre-college experience focused on pharmacy, blending skill development with research experience.",pharmacy;chemistry;biochemistry;skill development;research experience,exceptional,3.8+,Advanced coursework preferred (honors/AP/IB or strong equivalent),"Some prior projects, research, competitions, or advanced exposure preferred",high,Biology/chemistry exposure helpful; healthcare interest expected
SYN-0425,Summit Forge Academy Pioneer Pre-College Institute for Leadership,Summit Forge Academy,synthetic_generated,,leadership,social impact;business,leadership;social impact;business,college preparation;meeting like-minded students;leadership development,strongly prefer free,online only,remote only,Remote,Remote,Remote,less competitive,2 to 4 weeks,4,summer,9,12,small class size,500,limited,no,"Designed for motivated teens, this program combines leadership content with college preparation and meeting like-minded students.",leadership;social impact;business;college preparation;meeting like-minded students,average,3.0-3.19,Introductory coursework or demonstrated interest helpful,Beginner friendly; no prior experience required,moderate-low,No strict prerequisite; demonstrated interest improves fit
SYN-0784,Aurora Youth Research Institute Applied Research Lab in Entrepreneurship,Aurora Youth Research Institute,synthetic_generated,,entrepreneurship,business;marketing,entrepreneurship;business;marketing;finance,leadership development;networking;hands-on projects,moderate cost is okay,in-person only,East Coast,New York,New York,East Coast,less competitive,1 to 2 weeks,1,summer,9,12,student mentorship,2800,yes,yes,"A 1 to 2 weeks pre-college experience focused on entrepreneurship, blending leadership development with networking.",entrepreneurship;business;marketing;leadership development;networking,average,3.0-3.19,Relevant introductory coursework or strong extracurricular exposure helpful,Beginner friendly; no prior experience required,moderate-low,"Quantitative comfort, initiative, or leadership/project experience helpful"
SYN-0609,Prairie Stone Scholars Program Discovery Scholars Program in Veterinary Medicine,Prairie Stone Scholars Program,synthetic_generated,,veterinary medicine,biology;medicine,veterinary medicine;biology;medicine;chemistry,career exploration;research experience;medical exposure,must be free,in-person only,South,Austin,Texas,South,competitive,1 to 2 weeks,2,summer,9,12,faculty mentorship,0,no,yes,"Designed for motivated teens, this program combines veterinary medicine content with career exploration and research experience.",veterinary medicine;biology;medicine;career exploration;research experience,strong,3.5-3.79,Foundational coursework helpful but not required,Some prior exposure helpful,moderately high,No strict prerequisite; demonstrated interest improves fit
REAL-0059,NSLC Medicine & Health Care - University of Oxford,National Student Leadership Conference,real_sourced,https://www.nslcleaders.org/youth-leadership-programs/summer-medical-programs/,medicine,biology;public health;leadership,medicine;biology;public health;leadership,medical exposure;career exploration;hands-on projects,cost matters but flexible,in-person only,international,Oxford,England,International,balanced,1 to 2 weeks,1.7,summer,9,12,peer community,6395,scholarships available,yes,Residential NSLC medicine program hosted at University of Oxford.,medicine;biology;public health;leadership;medical exposure;career exploration,solid,3.2-3.49,Introductory coursework helpful but not required,No formal experience required; beginner exposure helpful,moderate,Biology/chemistry exposure helpful; healthcare interest expected
SYN-0258,Orbit Learning Institute Global Innovation Studio in Dentistry,Orbit Learning Institute,synthetic_generated,,dentistry,medicine;biology,dentistry;medicine;biology,skill development;resume building;medical exposure,low cost only,in-person only,East Coast,Pittsburgh,Pennsylvania,East Coast,balanced,2 to 4 weeks,4,summer,10,12,student mentorship,2200,no,yes,"Designed for motivated teens, this program combines dentistry content with skill development and resume building.",dentistry;medicine;biology;skill development;resume building,solid,3.2-3.49,Foundational coursework helpful but not required,No formal experience required; beginner exposure helpful,moderate,No strict prerequisite; demonstrated interest improves fit
SYN-0628,Vertex Learning Center Advanced Leadership Forum in Biology,Vertex Learning Center,synthetic_generated,,biology,chemistry;research,biology;chemistry;research;biochemistry,hands-on projects;research experience;academic challenge,moderate cost is okay,in-person only,Midwest,Ann Arbor,Michigan,Midwest,less competitive,1 to 2 weeks,1,summer,9,12,career guidance,2800,merit scholarships,yes,This summer program helps high school students explore biology through hands-on projects and research experience.,biology;chemistry;research;hands-on projects;research experience,average,3.0-3.19,Introductory coursework helpful but not required,Beginner friendly; no prior experience required,moderate-low,No strict prerequisite; demonstrated interest improves fit
SYN-0492,Maple Bridge Academy Young Innovators Research Lab in Social Impact,Maple Bridge Academy,synthetic_generated,,social impact,leadership;public health,social impact;leadership;public health,networking;career exploration;leadership development,moderate cost is okay,mostly in-person,East Coast,Raleigh,North Carolina,East Coast,balanced,1 to 2 weeks,1,summer,9,12,research mentorship,3800,merit scholarships,yes,"A 1 to 2 weeks pre-college experience focused on social impact, blending networking with career exploration.",social impact;leadership;public health;networking;career exploration,solid,3.2-3.49,Introductory coursework or demonstrated interest helpful,No formal experience required; beginner exposure helpful,moderate,No strict prerequisite; demonstrated interest improves fit
SYN-0530,Granite Point Institute Foundations Bootcamp in Interdisciplinary,Granite Point Institute,synthetic_generated,,interdisciplinary,leadership;research,interdisciplinary;leadership;research;social impact,major exploration;meeting like-minded students;college preparation,cost matters but flexible,in-person only,international,Oxford,England,International,less competitive,4 to 8 weeks,6,summer,9,12,project guidance,6100,need-based aid,yes,"Designed for motivated teens, this program combines interdisciplinary content with major exploration and meeting like-minded students.",interdisciplinary;leadership;research;major exploration;meeting like-minded students,average,3.0-3.19,Foundational coursework helpful but not required,Beginner friendly; no prior experience required,moderate-low,No strict prerequisite; demonstrated interest improves fit
SYN-0774,Cobalt Ridge University Future Leaders Scholars Program in Software Engineering,Cobalt Ridge University,synthetic_generated,,software engineering,computer science;artificial intelligence,software engineering;computer science;artificial intelligence,career exploration;hands-on projects;skill development,cost matters but flexible,in-person only,East Coast,New York,New York,East Coast,competitive,4 to 8 weeks,8,summer,9,12,project guidance,7200,need-based aid,yes,This summer program helps high school students explore software engineering through career exploration and hands-on projects.,software engineering;computer science;artificial intelligence;career exploration;hands-on projects,strong,3.5-3.79,Advanced coursework preferred (honors/AP/IB or strong equivalent),Some prior exposure or self-directed projects helpful,moderately high,Math/programming familiarity helpful; projects or coding exposure useful
SYN-0159,Prairie Stone Scholars Program Discovery Bootcamp in Aerospace Engineering,Prairie Stone Scholars Program,synthetic_generated,,aerospace engineering,physics;mechanical engineering,aerospace engineering;physics;mechanical engineering;mathematics,hands-on projects;academic challenge;skill development,must be free,mostly online,South,Nashville,Tennessee,South,balanced,1 to 2 weeks,2,summer,9,12,project guidance,0,no,optional,Students build confidence in aerospace engineering while developing transferable skills through hands-on projects and academic challenge.,aerospace engineering;physics;mechanical engineering;hands-on projects;academic challenge,solid,3.2-3.49,Introductory coursework helpful but not required,No formal experience required; beginner exposure helpful,moderate,No strict prerequisite; demonstrated interest improves fit
SYN-0240,Compass Youth University Honors Pre-College Institute for Artificial Intelligence,Compass Youth University,synthetic_generated,,artificial intelligence,machine learning;computer science,artificial intelligence;machine learning;computer science,hands-on projects;career exploration;research experience,low cost only,mostly in-person,West Coast,Seattle,Washington,West Coast,balanced,2 to 4 weeks,3,summer,9,12,application guidance,1500,need-based aid,yes,"A 2 to 4 weeks pre-college experience focused on artificial intelligence, blending hands-on projects with career exploration.",artificial intelligence;machine learning;computer science;hands-on projects;career exploration,solid,3.2-3.49,Introductory coursework helpful but not required,No formal experience required; beginner exposure helpful,moderate,Math/programming familiarity helpful; projects or coding exposure useful
SYN-0653,Sagebrook Academy Frontier College Prep Seminar in Sports Management,Sagebrook Academy,synthetic_generated,,sports management,business;marketing,sports management;business;marketing;finance,career exploration;leadership development;resume building,not a major concern,in-person only,West Coast,San Francisco,California,West Coast,balanced,4 to 8 weeks,6,summer,9,12,project guidance,10500,merit scholarships,yes,"A 4 to 8 weeks pre-college experience focused on sports management, blending career exploration with leadership development.",sports management;business;marketing;career exploration;leadership development,solid,3.2-3.49,Foundational coursework helpful but not required,No formal experience required; beginner exposure helpful,moderate,No strict prerequisite; demonstrated interest improves fit
SYN-0095,Summit Forge Academy Advanced Scholars Program in Animation,Summit Forge Academy,synthetic_generated,,animation,design;film,animation;design;film;graphic design,skill development;career exploration;portfolio building,cost matters but flexible,mostly online,East Coast,Raleigh,North Carolina,East Coast,competitive,1 to 2 weeks,1,summer,8,12,peer community,7200,no,optional,"Designed for motivated teens, this program combines animation content with skill development and career exploration.",animation;design;film;skill development;career exploration,strong,3.5-3.79,Foundational coursework helpful but not required,Some prior exposure helpful,moderately high,No strict prerequisite; demonstrated interest improves fit
SYN-0435,Meridian Scholars Collective Young Innovators Field School in Creative Writing,Meridian Scholars Collective,synthetic_generated,,creative writing,journalism;history,creative writing;journalism;history,college preparation;skill development;meeting like-minded students,cost matters but flexible,in-person only,West Coast,Portland,Oregon,West Coast,balanced,4 to 8 weeks,8,summer,9,12,project guidance,6100,merit scholarships,yes,"A 4 to 8 weeks pre-college experience focused on creative writing, blending college preparation with skill development.",creative writing;journalism;history;college preparation;skill development,solid,3.2-3.49,Foundational coursework or portfolio-building experience helpful,No formal experience required; beginner exposure helpful,moderate,"Portfolio, writing samples, or prior creative work may strengthen fit"
SYN-0506,Cedar Grove Scholars Elite College Prep Seminar in Pharmacy,Cedar Grove Scholars,synthetic_generated,,pharmacy,chemistry;biochemistry,pharmacy;chemistry;biochemistry,skill development;career exploration;college preparation,must be free,either,anywhere in the U.S.,Boulder,Colorado,Mountain,less competitive,2 to 4 weeks,3,fall,10,12,research mentorship,0,no,optional,"A 2 to 4 weeks pre-college experience focused on pharmacy, blending skill development with career exploration.",pharmacy;chemistry;biochemistry;skill development;career exploration,average,3.0-3.19,Introductory coursework helpful but not required,Beginner friendly; no prior experience required,moderate-low,Biology/chemistry exposure helpful; healthcare interest expected
SYN-0834,Cobalt Ridge University Global Leadership Forum in Fashion Design,Cobalt Ridge University,synthetic_generated,,fashion design,design;arts,fashion design;design;arts;graphic design,hands-on projects;portfolio building;networking,low cost only,mostly online,East Coast,Philadelphia,Pennsylvania,East Coast,balanced,1 to 2 weeks,2,summer,8,12,career guidance,1500,need-based aid,optional,"Designed for motivated teens, this program combines fashion design content with hands-on projects and portfolio building.",fashion design;design;arts;hands-on projects;portfolio building,solid,3.2-3.49,Foundational coursework helpful but not required,No formal experience required; beginner exposure helpful,moderate,No strict prerequisite; demonstrated interest improves fit
SYN-0229,Bridgewater Youth Academy Applied College Prep Seminar in Creative Writing,Bridgewater Youth Academy,synthetic_generated,,creative writing,journalism;history,creative writing;journalism;history,college preparation;skill development;meeting like-minded students,strongly prefer free,in-person only,anywhere in the U.S.,Boulder,Colorado,Mountain,very competitive,2 to 4 weeks,3,summer,9,12,faculty mentorship,750,merit scholarships,yes,"A 2 to 4 weeks pre-college experience focused on creative writing, blending college preparation with skill development.",creative writing;journalism;history;college preparation;skill development,exceptional,3.8+,Foundational coursework or portfolio-building experience helpful,"Strong prior experience, portfolio, or sustained work preferred",high,"Portfolio, writing samples, or prior creative work may strengthen fit"
SYN-0402,Maple Bridge Academy Discovery Bootcamp in Electrical Engineering,Maple Bridge Academy,synthetic_generated,,electrical engineering,physics;robotics,electrical engineering;physics;robotics;mathematics,career exploration;academic challenge;skill development,low cost only,in-person only,Midwest,Madison,Wisconsin,Midwest,less competitive,1 to 2 weeks,1,spring,9,12,independent exploration,1500,need-based aid,yes,This spring program helps high school students explore electrical engineering through career exploration and academic challenge.,electrical engineering;physics;robotics;career exploration;academic challenge,average,3.0-3.19,Introductory coursework helpful but not required,Beginner friendly; no prior experience required,moderate-low,No strict prerequisite; demonstrated interest improves fit
SYN-0925,Urban Horizon Institute Frontier Research Lab in Social Impact,Urban Horizon Institute,synthetic_generated,,social impact,leadership;public health,social impact;leadership;public health,networking;career exploration;leadership development,must be free,mostly online,international,Toronto,Canada,International,balanced,1 to 2 weeks,1,summer,9,12,faculty mentorship,0,merit scholarships,optional,"Designed for motivated teens, this program combines social impact content with networking and career exploration.",social impact;leadership;public health;networking;career exploration,solid,3.2-3.49,Introductory coursework or demonstrated interest helpful,No formal experience required; beginner exposure helpful,moderate,No strict prerequisite; demonstrated interest improves fit
SYN-0336,Catalyst Pre-College Center Foundations Research Lab in Music,Catalyst Pre-College Center,synthetic_generated,,music,arts;film,music;arts;film;design,skill development;meeting like-minded students;portfolio building,must be free,mostly in-person,South,Houston,Texas,South,less competitive,1 to 2 weeks,1,summer,8,12,application guidance,0,need-based aid,yes,Students build confidence in music while developing transferable skills through skill development and meeting like-minded students.,music;arts;film;skill development;meeting like-minded students,average,3.0-3.19,Foundational coursework or portfolio-building experience helpful,Beginner friendly; no prior experience required,moderate-low,"Portfolio, writing samples, or prior creative work may strengthen fit"
REAL-0003,Biotechnology for Science & Health Academy,Georgetown University,real_sourced,https://summer.georgetown.edu/pre-college-programs/academies/academy-finder/,biotechnology,biology;medicine;research,biotechnology;biology;medicine;research,research experience;hands-on projects;career exploration,cost matters but flexible,in-person only,East Coast,Washington,District of Columbia,East Coast,competitive,1 to 2 weeks,2,summer,9,12,research mentorship,6800,limited,yes,Two-week biotechnology and health academy with lab-oriented science exploration.,biotechnology;biology;medicine;research;research experience;hands-on projects,strong,3.5-3.79,Advanced coursework preferred (honors/AP/IB or strong equivalent),Some prior exposure or self-directed projects helpful,moderately high,No strict prerequisite; demonstrated interest improves fit
SYN-0823,Redwood Pathways Institute Foundations College Prep Seminar in Music,Redwood Pathways Institute,synthetic_generated,,music,arts;film,music;arts;film;design,skill development;meeting like-minded students;career exploration,strongly prefer free,in-person only,Midwest,Madison,Wisconsin,Midwest,less competitive,1 to 2 weeks,2,summer,8,12,small class size,750,no,yes,"A 1 to 2 weeks pre-college experience focused on music, blending skill development with meeting like-minded students.",music;arts;film;skill development;meeting like-minded students,average,3.0-3.19,Foundational coursework or portfolio-building experience helpful,Beginner friendly; no prior experience required,moderate-low,"Portfolio, writing samples, or prior creative work may strengthen fit"
SYN-0105,Meridian Scholars Collective Discovery Summer Academy in Research,Meridian Scholars Collective,synthetic_generated,,research,biology;computer science,research;biology;computer science;chemistry,college preparation;research experience;mentorship,strongly prefer free,mostly online,East Coast,Pittsburgh,Pennsylvania,East Coast,balanced,1 to 2 weeks,1,summer,10,12,research mentorship,500,no,optional,"Designed for motivated teens, this program combines research content with college preparation and research experience.",research;biology;computer science;college preparation;research experience,solid,3.2-3.49,Foundational coursework helpful but not required,No formal experience required; beginner exposure helpful,moderate,No strict prerequisite; demonstrated interest improves fit
SYN-0662,Blue Mesa Scholars Academy Elite Workshop Series in Dentistry,Blue Mesa Scholars Academy,synthetic_generated,,dentistry,medicine;biology,dentistry;medicine;biology,medical exposure;career exploration;resume building,low cost only,either,East Coast,Providence,Rhode Island,East Coast,balanced,1 to 2 weeks,2,summer,10,12,project guidance,1500,merit scholarships,optional,Students build confidence in dentistry while developing transferable skills through medical exposure and career exploration.,dentistry;medicine;biology;medical exposure;career exploration,solid,3.2-3.49,Foundational coursework helpful but not required,No formal experience required; beginner exposure helpful,moderate,No strict prerequisite; demonstrated interest improves fit
SYN-0806,Cedar Grove Scholars Young Innovators Innovation Studio in Robotics,Cedar Grove Scholars,synthetic_generated,,robotics,mechanical engineering;electrical engineering,robotics;mechanical engineering;electrical engineering,career exploration;hands-on projects;skill development,strongly prefer free,mostly in-person,East Coast,Philadelphia,Pennsylvania,East Coast,competitive,1 to 2 weeks,1,summer,9,12,application guidance,750,yes,yes,This summer program helps high school students explore robotics through career exploration and hands-on projects.,robotics;mechanical engineering;electrical engineering;career exploration;hands-on projects,strong,3.5-3.79,Advanced coursework preferred (honors/AP/IB or strong equivalent),Some prior exposure or self-directed projects helpful,moderately high,Math/programming familiarity helpful; projects or coding exposure useful
SYN-0155,Summit Forge Academy Open Door Research Lab in Sustainability,Summit Forge Academy,synthetic_generated,,sustainability,environmental science;social impact,sustainability;environmental science;social impact,hands-on projects;career exploration;social impact,not a major concern,hybrid,West Coast,Los Angeles,California,West Coast,balanced,1 to 2 weeks,1,summer,9,12,faculty mentorship,10500,merit scholarships,optional,Students build confidence in sustainability while developing transferable skills through hands-on projects and career exploration.,sustainability;environmental science;social impact;hands-on projects;career exploration,solid,3.2-3.49,Foundational coursework helpful but not required,No formal experience required; beginner exposure helpful,moderate,No strict prerequisite; demonstrated interest improves fit
SYN-0429,Prairie Stone Scholars Program Applied Leadership Forum in Graphic Design,Prairie Stone Scholars Program,synthetic_generated,,graphic design,design;marketing,graphic design;design;marketing,career exploration;portfolio building;hands-on projects,low cost only,hybrid,South,Atlanta,Georgia,South,balanced,1 to 2 weeks,1,summer,9,12,application guidance,1800,limited,optional,"Designed for motivated teens, this program combines graphic design content with career exploration and portfolio building.",graphic design;design;marketing;career exploration;portfolio building,solid,3.2-3.49,Foundational coursework or portfolio-building experience helpful,No formal experience required; beginner exposure helpful,moderate,"Portfolio, writing samples, or prior creative work may strengthen fit"
SYN-0652,Pacific Crest College Prep Advanced Bootcamp in Creative Writing,Pacific Crest College Prep,synthetic_generated,,creative writing,journalism;history,creative writing;journalism;history,college preparation;skill development;portfolio building,strongly prefer free,mostly online,Arizona,Phoenix,Arizona,Southwest,balanced,2 to 4 weeks,4,summer,9,12,student mentorship,500,no,optional,"Designed for motivated teens, this program combines creative writing content with college preparation and skill development.",creative writing;journalism;history;college preparation;skill development,solid,3.2-3.49,Foundational coursework or portfolio-building experience helpful,No formal experience required; beginner exposure helpful,moderate,"Portfolio, writing samples, or prior creative work may strengthen fit"
SYN-0688,Vertex Learning Center Future Leaders Innovation Studio in Physics,Vertex Learning Center,synthetic_generated,,physics,mathematics;engineering,physics;mathematics;engineering;statistics,hands-on projects;research experience;college preparation,strongly prefer free,mostly online,West Coast,Portland,Oregon,West Coast,balanced,4 to 8 weeks,8,summer,9,12,career guidance,350,yes,optional,This summer program helps high school students explore physics through hands-on projects and research experience.,physics;mathematics;engineering;hands-on projects;research experience,solid,3.2-3.49,Introductory coursework helpful but not required,No formal experience required; beginner exposure helpful,moderate,No strict prerequisite; demonstrated interest improves fit
SYN-0107,Lighthouse Prep Academy Discovery Innovation Studio in Civil Engineering,Lighthouse Prep Academy,synthetic_generated,,civil engineering,architecture;sustainability,civil engineering;architecture;sustainability,skill development;social impact;career exploration,strongly prefer free,in-person only,anywhere in the U.S.,Boulder,Colorado,Mountain,balanced,2 to 4 weeks,4,summer,9,12,peer community,750,need-based aid,yes,Students build confidence in civil engineering while developing transferable skills through skill development and social impact.,civil engineering;architecture;sustainability;skill development;social impact,solid,3.2-3.49,Introductory coursework helpful but not required,No formal experience required; beginner exposure helpful,moderate,No strict prerequisite; demonstrated interest improves fit
SYN-0179,Brightwater Institute Elite Immersion in Neuroscience,Brightwater Institute,synthetic_generated,,neuroscience,biology;psychology,neuroscience;biology;psychology;chemistry,career exploration;major exploration;academic challenge,not a major concern,online only,remote only,Remote,Remote,Remote,less competitive,1 to 2 weeks,2,summer,9,12,career guidance,13500,no,no,"A 1 to 2 weeks pre-college experience focused on neuroscience, blending career exploration with major exploration.",neuroscience;biology;psychology;career exploration;major exploration,average,3.0-3.19,Introductory coursework helpful but not required,Beginner friendly; no prior experience required,moderate-low,No strict prerequisite; demonstrated interest improves fit
SYN-0917,Lighthouse Prep Academy Foundations Workshop Series in Law,Lighthouse Prep Academy,synthetic_generated,,law,political science;history,law;political science;history;international relations,resume building;academic challenge;leadership development,moderate cost is okay,in-person only,West Coast,Portland,Oregon,West Coast,balanced,4 to 8 weeks,6,summer,10,12,small class size,2800,limited,yes,"A 4 to 8 weeks pre-college experience focused on law, blending resume building with academic challenge.",law;political science;history;resume building;academic challenge,solid,3.2-3.49,Introductory coursework or demonstrated interest helpful,No formal experience required; beginner exposure helpful,moderate,No strict prerequisite; demonstrated interest improves fit
REAL-0016,National Security & Intelligence Academy,Georgetown University,real_sourced,https://summer.georgetown.edu/programs/SHS20/national-security-intelligence-academy/,political science,international relations;cybersecurity;leadership,political science;international relations;cybersecurity;leadership,career exploration;leadership development;academic challenge,moderate cost is okay,in-person only,East Coast,Washington,District of Columbia,East Coast,competitive,1 to 2 weeks,1,summer,8,12,faculty mentorship,3725,limited,yes,"One-week academy focused on national security, intelligence, and policy analysis.",political science;international relations;cybersecurity;leadership;career exploration;leadership development,strong,3.5-3.79,Introductory coursework or demonstrated interest helpful,Some prior exposure helpful,moderately high,No strict prerequisite; demonstrated interest improves fit
SYN-0490,Coastal Edge Institute Applied Immersion in Marketing,Coastal Edge Institute,synthetic_generated,,marketing,business;design,marketing;business;design;finance,leadership development;portfolio building;career exploration,low cost only,in-person only,West Coast,Seattle,Washington,West Coast,less competitive,1 to 2 weeks,2,summer,9,12,small class size,1800,need-based aid,yes,"A 1 to 2 weeks pre-college experience focused on marketing, blending leadership development with portfolio building.",marketing;business;design;leadership development;portfolio building,average,3.0-3.19,Relevant introductory coursework or strong extracurricular exposure helpful,Beginner friendly; no prior experience required,moderate-low,"Quantitative comfort, initiative, or leadership/project experience helpful"
SYN-0604,Aurora Youth Research Institute Global Leadership Forum in Mechanical Engineering,Aurora Youth Research Institute,synthetic_generated,,mechanical engineering,robotics;civil engineering,mechanical engineering;robotics;civil engineering,hands-on projects;academic challenge;career exploration,moderate cost is okay,in-person only,East Coast,Pittsburgh,Pennsylvania,East Coast,less competitive,1 to 2 weeks,1,summer,9,12,student mentorship,3200,limited,yes,"A 1 to 2 weeks pre-college experience focused on mechanical engineering, blending hands-on projects with academic challenge.",mechanical engineering;robotics;civil engineering;hands-on projects;academic challenge,average,3.0-3.19,Introductory coursework helpful but not required,Beginner friendly; no prior experience required,moderate-low,No strict prerequisite; demonstrated interest improves fit
REAL-0052,NSLC Medicine & Health Care - University of Michigan,National Student Leadership Conference,real_sourced,https://www.nslcleaders.org/summer-program-locations/michigan-high-school-summer-programs/,medicine,biology;public health;research,medicine;biology;public health;research,medical exposure;career exploration;college preparation,moderate cost is okay,in-person only,Midwest,Ann Arbor,Michigan,Midwest,balanced,1 to 2 weeks,1.3,summer,9,12,peer community,4195,scholarships available,yes,Residential NSLC pre-college program in medicine & health care hosted on the University of Michigan campus.,medicine;biology;public health;research;medical exposure;career exploration,solid,3.2-3.49,Introductory coursework helpful but not required,No formal experience required; beginner exposure helpful,moderate,Biology/chemistry exposure helpful; healthcare interest expected
SYN-0926,Cedar Grove Scholars Future Leaders Workshop Series in Philosophy,Cedar Grove Scholars,synthetic_generated,,philosophy,history;law,philosophy;history;law;political science,academic challenge;meeting like-minded students;college preparation,must be free,in-person only,international,Toronto,Canada,International,balanced,1 to 2 weeks,2,summer,9,12,project guidance,0,limited,yes,"A 1 to 2 weeks pre-college experience focused on philosophy, blending academic challenge with meeting like-minded students.",philosophy;history;law;academic challenge;meeting like-minded students,solid,3.2-3.49,Introductory coursework or demonstrated interest helpful,No formal experience required; beginner exposure helpful,moderate,No strict prerequisite; demonstrated interest improves fit
SYN-0500,Granite Point Institute Pioneer Leadership Forum in Biology,Granite Point Institute,synthetic_generated,,biology,chemistry;research,biology;chemistry;research;biochemistry,hands-on projects;academic challenge;college preparation,must be free,in-person only,South,Houston,Texas,South,balanced,4 to 8 weeks,8,summer,9,12,peer community,0,no,yes,This summer program helps high school students explore biology through hands-on projects and academic challenge.,biology;chemistry;research;hands-on projects;academic challenge,solid,3.2-3.49,Introductory coursework helpful but not required,No formal experience required; beginner exposure helpful,moderate,No strict prerequisite; demonstrated interest improves fit
SYN-0390,Compass Youth University Young Innovators Workshop Series in Graphic Design,Compass Youth University,synthetic_generated,,graphic design,design;marketing,graphic design;design;marketing,hands-on projects;portfolio building;skill development,not a major concern,mostly online,West Coast,Los Angeles,California,West Coast,open enrollment,4 to 8 weeks,8,summer,9,12,research mentorship,9200,limited,optional,"Designed for motivated teens, this program combines graphic design content with hands-on projects and portfolio building.",graphic design;design;marketing;hands-on projects;portfolio building,accessible,No formal minimum / 2.5+ preferred,Foundational coursework or portfolio-building experience helpful,Open to beginners; no prior experience required,accessible,"Portfolio, writing samples, or prior creative work may strengthen fit"
SYN-0014,Silverline Summer College Frontier Leadership Forum in Social Impact,Silverline Summer College,synthetic_generated,,social impact,leadership;public health,social impact;leadership;public health,leadership development;social impact;networking,not a major concern,mostly in-person,West Coast,San Francisco,California,West Coast,balanced,4 to 8 weeks,6,summer,9,12,small class size,10500,merit scholarships,yes,"Designed for motivated teens, this program combines social impact content with leadership development and social impact.",social impact;leadership;public health;leadership development;social impact,solid,3.2-3.49,Introductory coursework or demonstrated interest helpful,No formal experience required; beginner exposure helpful,moderate,No strict prerequisite; demonstrated interest improves fit
SYN-0192,Maple Bridge Academy Young Innovators Explorers Program in Sustainability,Maple Bridge Academy,synthetic_generated,,sustainability,environmental science;social impact,sustainability;environmental science;social impact,hands-on projects;leadership development;social impact,low cost only,hybrid,West Coast,Seattle,Washington,West Coast,less competitive,4 to 8 weeks,6,summer,9,12,student mentorship,1800,merit scholarships,optional,"Designed for motivated teens, this program combines sustainability content with hands-on projects and leadership development.",sustainability;environmental science;social impact;hands-on projects;leadership development,average,3.0-3.19,Foundational coursework helpful but not required,Beginner friendly; no prior experience required,moderate-low,No strict prerequisite; demonstrated interest improves fit
SYN-0849,Prairie Stone Scholars Program Open Door Pre-College Institute for Leadership,Prairie Stone Scholars Program,synthetic_generated,,leadership,social impact;business,leadership;social impact;business,leadership development;meeting like-minded students;college preparation,must be free,in-person only,anywhere in the U.S.,Denver,Colorado,Mountain,less competitive,1 to 2 weeks,1,summer,9,12,small class size,0,merit scholarships,yes,Students build confidence in leadership while developing transferable skills through leadership development and meeting like-minded students.,leadership;social impact;business;leadership development;meeting like-minded students,average,3.0-3.19,Introductory coursework or demonstrated interest helpful,Beginner friendly; no prior experience required,moderate-low,No strict prerequisite; demonstrated interest improves fit
SYN-0654,Cobalt Ridge University Global Leadership Forum in Biology,Cobalt Ridge University,synthetic_generated,,biology,chemistry;research,biology;chemistry;research;biochemistry,academic challenge;college preparation;hands-on projects,must be free,hybrid,Arizona,Phoenix,Arizona,Southwest,balanced,4 to 8 weeks,8,summer,9,12,research mentorship,0,merit scholarships,optional,"Designed for motivated teens, this program combines biology content with academic challenge and college preparation.",biology;chemistry;research;academic challenge;college preparation,solid,3.2-3.49,Introductory coursework helpful but not required,No formal experience required; beginner exposure helpful,moderate,No strict prerequisite; demonstrated interest improves fit
SYN-0124,Aurora Youth Research Institute Young Innovators Innovation Studio in Biomedical Engineering,Aurora Youth Research Institute,synthetic_generated,,biomedical engineering,medicine;mechanical engineering,biomedical engineering;medicine;mechanical engineering;biology,research experience;medical exposure;career exploration,not a major concern,hybrid,West Coast,Seattle,Washington,West Coast,open enrollment,4 to 8 weeks,8,summer,10,12,application guidance,10500,limited,optional,"Designed for motivated teens, this program combines biomedical engineering content with research experience and medical exposure.",biomedical engineering;medicine;mechanical engineering;research experience;medical exposure,accessible,No formal minimum / 2.5+ preferred,Introductory coursework helpful but not required,Open to beginners; no prior experience required,accessible,No strict prerequisite; demonstrated interest improves fit
SYN-0766,Skyline Discovery Institute Honors Research Lab in Psychology,Skyline Discovery Institute,synthetic_generated,,psychology,neuroscience;public health,psychology;neuroscience;public health;biology,academic challenge;major exploration;career exploration,strongly prefer free,in-person only,East Coast,Pittsburgh,Pennsylvania,East Coast,balanced,4 to 8 weeks,8,summer,9,12,peer community,350,no,yes,Students build confidence in psychology while developing transferable skills through academic challenge and major exploration.,psychology;neuroscience;public health;academic challenge;major exploration,solid,3.2-3.49,Introductory coursework or demonstrated interest helpful,No formal experience required; beginner exposure helpful,moderate,No strict prerequisite; demonstrated interest improves fit
SYN-0080,Granite Point Institute Pioneer Field School in History,Granite Point Institute,synthetic_generated,,history,political science;philosophy,history;political science;philosophy;international relations,leadership development;major exploration;college preparation,cost matters but flexible,mostly in-person,West Coast,Los Angeles,California,West Coast,competitive,1 to 2 weeks,1,summer,9,12,career guidance,7200,yes,yes,"A 1 to 2 weeks pre-college experience focused on history, blending leadership development with major exploration.",history;political science;philosophy;leadership development;major exploration,strong,3.5-3.79,Introductory coursework or demonstrated interest helpful,Some prior exposure helpful,moderately high,No strict prerequisite; demonstrated interest improves fit
SYN-0903,Pioneer Horizon University Elite Summer Academy in Architecture,Pioneer Horizon University,synthetic_generated,,architecture,civil engineering;design,architecture;civil engineering;design,portfolio building;academic challenge;career exploration,must be free,in-person only,West Coast,San Diego,California,West Coast,very competitive,4 to 8 weeks,8,summer,9,12,research mentorship,0,yes,yes,This summer program helps high school students explore architecture through portfolio building and academic challenge.,architecture;civil engineering;design;portfolio building;academic challenge,exceptional,3.8+,Foundational coursework or portfolio-building experience helpful,"Strong prior experience, portfolio, or sustained work preferred",high,"Portfolio, writing samples, or prior creative work may strengthen fit"
SYN-0751,Northstar Future Institute Pioneer Scholars Program in Dentistry,Northstar Future Institute,synthetic_generated,,dentistry,medicine;biology,dentistry;medicine;biology,skill development;career exploration;resume building,low cost only,either,West Coast,Los Angeles,California,West Coast,competitive,1 to 2 weeks,1,summer,10,12,faculty mentorship,1500,limited,optional,This summer program helps high school students explore dentistry through skill development and career exploration.,dentistry;medicine;biology;skill development;career exploration,strong,3.5-3.79,Foundational coursework helpful but not required,Some prior exposure helpful,moderately high,No strict prerequisite; demonstrated interest improves fit
SYN-0642,Maple Bridge Academy Future Leaders Immersion in Civil Engineering,Maple Bridge Academy,synthetic_generated,,civil engineering,architecture;sustainability,civil engineering;architecture;sustainability,hands-on projects;skill development;social impact,strongly prefer free,in-person only,anywhere in the U.S.,Boulder,Colorado,Mountain,very competitive,4 to 8 weeks,8,summer,9,12,student mentorship,750,merit scholarships,yes,"Designed for motivated teens, this program combines civil engineering content with hands-on projects and skill development.",civil engineering;architecture;sustainability;hands-on projects;skill development,exceptional,3.8+,Advanced coursework preferred (honors/AP/IB or strong equivalent),"Some prior projects, research, competitions, or advanced exposure preferred",high,No strict prerequisite; demonstrated interest improves fit
SYN-0860,Granite Point Institute Open Door Immersion in Physics,Granite Point Institute,synthetic_generated,,physics,mathematics;engineering,physics;mathematics;engineering;statistics,college preparation;hands-on projects;academic challenge,not a major concern,mostly in-person,Midwest,Madison,Wisconsin,Midwest,less competitive,4 to 8 weeks,8,summer,9,12,project guidance,13500,no,yes,"A 4 to 8 weeks pre-college experience focused on physics, blending college preparation with hands-on projects.",physics;mathematics;engineering;college preparation;hands-on projects,average,3.0-3.19,Introductory coursework helpful but not required,Beginner friendly; no prior experience required,moderate-low,No strict prerequisite; demonstrated interest improves fit
SYN-0191,Evergreen Future Lab Young Innovators Bootcamp in Philosophy,Evergreen Future Lab,synthetic_generated,,philosophy,history;law,philosophy;history;law;political science,college preparation;major exploration;meeting like-minded students,low cost only,mostly online,East Coast,Baltimore,Maryland,East Coast,open enrollment,1 to 2 weeks,1,summer,9,12,application guidance,1800,limited,optional,"A 1 to 2 weeks pre-college experience focused on philosophy, blending college preparation with major exploration.",philosophy;history;law;college preparation;major exploration,accessible,No formal minimum / 2.5+ preferred,Introductory coursework or demonstrated interest helpful,Open to beginners; no prior experience required,accessible,No strict prerequisite; demonstrated interest improves fit
SYN-0048,Orbit Learning Institute Applied Pre-College Institute for Dentistry,Orbit Learning Institute,synthetic_generated,,dentistry,medicine;biology,dentistry;medicine;biology,skill development;career exploration;resume building,cost matters but flexible,hybrid,international,Toronto,Canada,International,balanced,2 to 4 weeks,4,summer,10,12,research mentorship,6100,limited,optional,"A 2 to 4 weeks pre-college experience focused on dentistry, blending skill development with career exploration.",dentistry;medicine;biology;skill development;career exploration,solid,3.2-3.49,Foundational coursework helpful but not required,No formal experience required; beginner exposure helpful,moderate,No strict prerequisite; demonstrated interest improves fit
SYN-0284,Silverline Summer College Foundations Field School in Robotics,Silverline Summer College,synthetic_generated,,robotics,mechanical engineering;electrical engineering,robotics;mechanical engineering;electrical engineering,hands-on projects;skill development;academic challenge,not a major concern,hybrid,South,Nashville,Tennessee,South,balanced,4 to 8 weeks,8,summer,9,12,peer community,13500,limited,optional,"A 4 to 8 weeks pre-college experience focused on robotics, blending hands-on projects with skill development.",robotics;mechanical engineering;electrical engineering;hands-on projects;skill development,solid,3.2-3.49,Introductory coursework helpful but not required,No formal experience required; beginner exposure helpful,moderate,Math/programming familiarity helpful; projects or coding exposure useful
SYN-0349,Bridgewater Youth Academy Frontier Explorers Program in Social Impact,Bridgewater Youth Academy,synthetic_generated,,social impact,leadership;public health,social impact;leadership;public health,social impact;networking;career exploration,moderate cost is okay,mostly in-person,anywhere in the U.S.,Boulder,Colorado,Mountain,balanced,1 to 2 weeks,1,summer,9,12,application guidance,4500,limited,yes,Students build confidence in social impact while developing transferable skills through social impact and networking.,social impact;leadership;public health;social impact;networking,solid,3.2-3.49,Introductory coursework or demonstrated interest helpful,No formal experience required; beginner exposure helpful,moderate,No strict prerequisite; demonstrated interest improves fit
REAL-0063,NSLC Marine Biology - Duke University,National Student Leadership Conference,real_sourced,https://www.nslcleaders.org/summer-program-locations/raleigh-durham-high-school-programs/,marine biology,biology;environmental science;research,marine biology;biology;environmental science;research,research experience;hands-on projects;career exploration,moderate cost is okay,in-person only,East Coast,Durham,North Carolina,East Coast,balanced,1 to 2 weeks,1.3,summer,9,12,peer community,4495,scholarships available,yes,Residential NSLC pre-college program in marine biology hosted on the Duke campus.,marine biology;biology;environmental science;research;research experience;hands-on projects,solid,3.2-3.49,Foundational coursework helpful but not required,No formal experience required; beginner exposure helpful,moderate,No strict prerequisite; demonstrated interest improves fit
SYN-0037,Riverview Innovation Lab Applied Leadership Forum in Chemistry,Riverview Innovation Lab,synthetic_generated,,chemistry,biochemistry;research,chemistry;biochemistry;research,college preparation;hands-on projects;academic challenge,cost matters but flexible,in-person only,East Coast,Philadelphia,Pennsylvania,East Coast,competitive,1 to 2 weeks,1,summer,9,12,small class size,7200,limited,yes,"A 1 to 2 weeks pre-college experience focused on chemistry, blending college preparation with hands-on projects.",chemistry;biochemistry;research;college preparation;hands-on projects,strong,3.5-3.79,Advanced coursework preferred (honors/AP/IB or strong equivalent),Some prior exposure or self-directed projects helpful,moderately high,No strict prerequisite; demonstrated interest improves fit
SYN-0598,Vertex Learning Center Foundations Innovation Studio in Computer Science,Vertex Learning Center,synthetic_generated,,computer science,software engineering;artificial intelligence,computer science;software engineering;artificial intelligence,career exploration;hands-on projects;portfolio building,not a major concern,mostly online,Midwest,Madison,Wisconsin,Midwest,less competitive,1 to 2 weeks,1,summer,9,12,peer community,10500,no,optional,"A 1 to 2 weeks pre-college experience focused on computer science, blending career exploration with hands-on projects.",computer science;software engineering;artificial intelligence;career exploration;hands-on projects,average,3.0-3.19,Introductory coursework helpful but not required,Beginner friendly; no prior experience required,moderate-low,Math/programming familiarity helpful; projects or coding exposure useful
SYN-0606,Catalyst Pre-College Center Young Innovators Workshop Series in Statistics,Catalyst Pre-College Center,synthetic_generated,,statistics,mathematics;data science,statistics;mathematics;data science,college preparation;career exploration;skill development,not a major concern,mostly in-person,West Coast,Portland,Oregon,West Coast,competitive,4 to 8 weeks,6,summer,9,12,project guidance,10500,no,yes,This summer program helps high school students explore statistics through college preparation and career exploration.,statistics;mathematics;data science;college preparation;career exploration,strong,3.5-3.79,Advanced coursework preferred (honors/AP/IB or strong equivalent),Some prior exposure or self-directed projects helpful,moderately high,No strict prerequisite; demonstrated interest improves fit
SYN-0626,Cedar Grove Scholars Advanced Field School in Physics,Cedar Grove Scholars,synthetic_generated,,physics,mathematics;engineering,physics;mathematics;engineering;statistics,academic challenge;college preparation;hands-on projects,low cost only,online only,remote only,Remote,Remote,Remote,competitive,1 to 2 weeks,1,summer,9,12,small class size,1200,merit scholarships,no,"Designed for motivated teens, this program combines physics content with academic challenge and college preparation.",physics;mathematics;engineering;academic challenge;college preparation,strong,3.5-3.79,Advanced coursework preferred (honors/AP/IB or strong equivalent),Some prior exposure or self-directed projects helpful,moderately high,No strict prerequisite; demonstrated interest improves fit
REAL-0056,NSLC Medicine & Health Care - Duke University,National Student Leadership Conference,real_sourced,https://www.nslcleaders.org/youth-leadership-programs/summer-medical-programs/,medicine,biology;public health;leadership,medicine;biology;public health;leadership,medical exposure;career exploration;hands-on projects,moderate cost is okay,in-person only,East Coast,Durham,North Carolina,East Coast,balanced,1 to 2 weeks,1.3,summer,9,12,peer community,4395,scholarships available,yes,Residential NSLC medicine program hosted at Duke University.,medicine;biology;public health;leadership;medical exposure;career exploration,solid,3.2-3.49,Introductory coursework helpful but not required,No formal experience required; beginner exposure helpful,moderate,Biology/chemistry exposure helpful; healthcare interest expected
SYN-0415,Urban Horizon Institute Advanced Scholars Program in Film,Urban Horizon Institute,synthetic_generated,,film,arts;creative writing,film;arts;creative writing;design,portfolio building;career exploration;meeting like-minded students,cost matters but flexible,in-person only,West Coast,Seattle,Washington,West Coast,balanced,1 to 2 weeks,2,summer,9,12,peer community,7200,merit scholarships,yes,This summer program helps high school students explore film through portfolio building and career exploration.,film;arts;creative writing;portfolio building;career exploration,solid,3.2-3.49,Foundational coursework or portfolio-building experience helpful,No formal experience required; beginner exposure helpful,moderate,"Portfolio, writing samples, or prior creative work may strengthen fit"
SYN-0357,Mosaic Futures Academy Open Door Field School in Political Science,Mosaic Futures Academy,synthetic_generated,,political science,international relations;law,political science;international relations;law,social impact;leadership development;academic challenge,strongly prefer free,mostly in-person,Arizona,Phoenix,Arizona,Southwest,competitive,2 to 4 weeks,3,summer,10,12,career guidance,750,need-based aid,yes,Students build confidence in political science while developing transferable skills through social impact and leadership development.,political science;international relations;law;social impact;leadership development,strong,3.5-3.79,Introductory coursework or demonstrated interest helpful,Some prior exposure helpful,moderately high,No strict prerequisite; demonstrated interest improves fit
SYN-0692,Blue Mesa Scholars Academy Pioneer Innovation Studio in Marine Biology,Blue Mesa Scholars Academy,synthetic_generated,,marine biology,biology;environmental science,marine biology;biology;environmental science;chemistry,hands-on projects;social impact;research experience,moderate cost is okay,mostly in-person,South,Nashville,Tennessee,South,open enrollment,1 to 2 weeks,2,summer,9,12,student mentorship,3800,no,yes,"Designed for motivated teens, this program combines marine biology content with hands-on projects and social impact.",marine biology;biology;environmental science;hands-on projects;social impact,accessible,No formal minimum / 2.5+ preferred,Foundational coursework helpful but not required,Open to beginners; no prior experience required,accessible,No strict prerequisite; demonstrated interest improves fit
SYN-0299,Brightwater Institute Future Leaders Workshop Series in Design,Brightwater Institute,synthetic_generated,,design,graphic design;entrepreneurship,design;graphic design;entrepreneurship,skill development;career exploration;portfolio building,cost matters but flexible,in-person only,Midwest,Ann Arbor,Michigan,Midwest,very competitive,2 to 4 weeks,4,summer,9,12,faculty mentorship,8400,limited,yes,Students build confidence in design while developing transferable skills through skill development and career exploration.,design;graphic design;entrepreneurship;skill development;career exploration,exceptional,3.8+,Foundational coursework or portfolio-building experience helpful,"Strong prior experience, portfolio, or sustained work preferred",high,"Portfolio, writing samples, or prior creative work may strengthen fit"
SYN-0378,Orbit Learning Institute Future Leaders Leadership Forum in Dentistry,Orbit Learning Institute,synthetic_generated,,dentistry,medicine;biology,dentistry;medicine;biology,resume building;skill development;medical exposure,cost matters but flexible,hybrid,West Coast,San Diego,California,West Coast,balanced,1 to 2 weeks,1,summer,10,12,project guidance,6100,limited,optional,This summer program helps high school students explore dentistry through resume building and skill development.,dentistry;medicine;biology;resume building;skill development,solid,3.2-3.49,Foundational coursework helpful but not required,No formal experience required; beginner exposure helpful,moderate,No strict prerequisite; demonstrated interest improves fit
SYN-0611,Evergreen Future Lab Pioneer Research Lab in Aerospace Engineering,Evergreen Future Lab,synthetic_generated,,aerospace engineering,physics;mechanical engineering,aerospace engineering;physics;mechanical engineering;mathematics,skill development;hands-on projects;career exploration,low cost only,in-person only,East Coast,Providence,Rhode Island,East Coast,very competitive,2 to 4 weeks,3,summer,9,12,project guidance,1500,limited,yes,"A 2 to 4 weeks pre-college experience focused on aerospace engineering, blending skill development with hands-on projects.",aerospace engineering;physics;mechanical engineering;skill development;hands-on projects,exceptional,3.8+,Advanced coursework preferred (honors/AP/IB or strong equivalent),"Some prior projects, research, competitions, or advanced exposure preferred",high,No strict prerequisite; demonstrated interest improves fit
SYN-0883,Redwood Pathways Institute Honors Field School in Journalism,Redwood Pathways Institute,synthetic_generated,,journalism,creative writing;political science,journalism;creative writing;political science,career exploration;leadership development;networking,cost matters but flexible,mostly in-person,East Coast,Baltimore,Maryland,East Coast,balanced,2 to 4 weeks,4,summer,9,12,independent exploration,6100,need-based aid,yes,"Designed for motivated teens, this program combines journalism content with career exploration and leadership development.",journalism;creative writing;political science;career exploration;leadership development,solid,3.2-3.49,Foundational coursework or portfolio-building experience helpful,No formal experience required; beginner exposure helpful,moderate,"Portfolio, writing samples, or prior creative work may strengthen fit"
SYN-0033,Pioneer Horizon University Elite Bootcamp in Law,Pioneer Horizon University,synthetic_generated,,law,political science;history,law;political science;history;international relations,leadership development;resume building;academic challenge,not a major concern,in-person only,East Coast,Washington,District of Columbia,East Coast,less competitive,4 to 8 weeks,6,summer,10,12,research mentorship,10500,merit scholarships,yes,"Designed for motivated teens, this program combines law content with leadership development and resume building.",law;political science;history;leadership development;resume building,average,3.0-3.19,Introductory coursework or demonstrated interest helpful,Beginner friendly; no prior experience required,moderate-low,No strict prerequisite; demonstrated interest improves fit
SYN-0131,Evergreen Future Lab Foundations Bootcamp in Marine Biology,Evergreen Future Lab,synthetic_generated,,marine biology,biology;environmental science,marine biology;biology;environmental science;chemistry,hands-on projects;social impact;career exploration,not a major concern,in-person only,East Coast,Washington,District of Columbia,East Coast,balanced,1 to 2 weeks,2,summer,9,12,independent exploration,10500,limited,yes,"Designed for motivated teens, this program combines marine biology content with hands-on projects and social impact.",marine biology;biology;environmental science;hands-on projects;social impact,solid,3.2-3.49,Foundational coursework helpful but not required,No formal experience required; beginner exposure helpful,moderate,No strict prerequisite; demonstrated interest improves fit
SYN-0353,Sagebrook Academy Discovery Pre-College Institute for Architecture,Sagebrook Academy,synthetic_generated,,architecture,civil engineering;design,architecture;civil engineering;design,portfolio building;academic challenge;hands-on projects,low cost only,in-person only,Arizona,Phoenix,Arizona,Southwest,competitive,2 to 4 weeks,4,summer,9,12,independent exploration,1200,no,yes,"A 2 to 4 weeks pre-college experience focused on architecture, blending portfolio building with academic challenge.",architecture;civil engineering;design;portfolio building;academic challenge,strong,3.5-3.79,Foundational coursework or portfolio-building experience helpful,Beginner-to-intermediate portfolio or prior work helpful,moderately high,"Portfolio, writing samples, or prior creative work may strengthen fit"
SYN-0646,Skyline Discovery Institute Open Door Leadership Forum in Psychology,Skyline Discovery Institute,synthetic_generated,,psychology,neuroscience;public health,psychology;neuroscience;public health;biology,academic challenge;career exploration;research experience,must be free,hybrid,South,Houston,Texas,South,balanced,1 to 2 weeks,2,summer,9,12,career guidance,0,need-based aid,optional,"Designed for motivated teens, this program combines psychology content with academic challenge and career exploration.",psychology;neuroscience;public health;academic challenge;career exploration,solid,3.2-3.49,Introductory coursework or demonstrated interest helpful,No formal experience required; beginner exposure helpful,moderate,No strict prerequisite; demonstrated interest improves fit
SYN-0185,Summit Forge Academy Honors Immersion in Cybersecurity,Summit Forge Academy,synthetic_generated,,cybersecurity,computer science;law,cybersecurity;computer science;law;software engineering,leadership development;skill development;hands-on projects,not a major concern,online only,remote only,Remote,Remote,Remote,less competitive,1 to 2 weeks,1,summer,9,12,application guidance,9200,need-based aid,no,"Designed for motivated teens, this program combines cybersecurity content with leadership development and skill development.",cybersecurity;computer science;law;leadership development;skill development,average,3.0-3.19,Introductory coursework helpful but not required,Beginner friendly; no prior experience required,moderate-low,Math/programming familiarity helpful; projects or coding exposure useful
SYN-0421,Northstar Future Institute Future Leaders Scholars Program in History,Northstar Future Institute,synthetic_generated,,history,political science;philosophy,history;political science;philosophy;international relations,leadership development;college preparation;major exploration,not a major concern,hybrid,West Coast,San Francisco,California,West Coast,open enrollment,4 to 8 weeks,8,summer,9,12,project guidance,11800,merit scholarships,optional,"Designed for motivated teens, this program combines history content with leadership development and college preparation.",history;political science;philosophy;leadership development;college preparation,accessible,No formal minimum / 2.5+ preferred,Introductory coursework or demonstrated interest helpful,Open to beginners; no prior experience required,accessible,No strict prerequisite; demonstrated interest improves fit
SYN-0527,Lighthouse Prep Academy Discovery Scholars Program in Graphic Design,Lighthouse Prep Academy,synthetic_generated,,graphic design,design;marketing,graphic design;design;marketing,portfolio building;career exploration;hands-on projects,moderate cost is okay,mostly online,South,Atlanta,Georgia,South,balanced,2 to 4 weeks,3,summer,9,12,career guidance,3800,yes,optional,"A 2 to 4 weeks pre-college experience focused on graphic design, blending portfolio building with career exploration.",graphic design;design;marketing;portfolio building;career exploration,solid,3.2-3.49,Foundational coursework or portfolio-building experience helpful,No formal experience required; beginner exposure helpful,moderate,"Portfolio, writing samples, or prior creative work may strengthen fit"
SYN-0521,Evergreen Future Lab Pioneer Explorers Program in Education,Evergreen Future Lab,synthetic_generated,,education,leadership;social impact,education;leadership;social impact,leadership development;college preparation;career exploration,strongly prefer free,in-person only,South,Atlanta,Georgia,South,balanced,1 to 2 weeks,2,summer,9,12,peer community,350,limited,yes,"A 1 to 2 weeks pre-college experience focused on education, blending leadership development with college preparation.",education;leadership;social impact;leadership development;college preparation,solid,3.2-3.49,Introductory coursework or demonstrated interest helpful,No formal experience required; beginner exposure helpful,moderate,No strict prerequisite; demonstrated interest improves fit
SYN-0072,Maple Bridge Academy Applied Research Lab in Medicine,Maple Bridge Academy,synthetic_generated,,medicine,biology;public health,medicine;biology;public health;chemistry,career exploration;hands-on projects;medical exposure,cost matters but flexible,in-person only,East Coast,Washington,District of Columbia,East Coast,balanced,1 to 2 weeks,1,summer,9,12,independent exploration,5200,no,yes,This summer program helps high school students explore medicine through career exploration and hands-on projects.,medicine;biology;public health;career exploration;hands-on projects,solid,3.2-3.49,Introductory coursework helpful but not required,No formal experience required; beginner exposure helpful,moderate,Biology/chemistry exposure helpful; healthcare interest expected
SYN-0690,Compass Youth University Applied Workshop Series in Leadership,Compass Youth University,synthetic_generated,,leadership,social impact;business,leadership;social impact;business,college preparation;networking;meeting like-minded students,must be free,mostly online,East Coast,Pittsburgh,Pennsylvania,East Coast,balanced,1 to 2 weeks,1,summer,9,12,peer community,0,merit scholarships,optional,Students build confidence in leadership while developing transferable skills through college preparation and networking.,leadership;social impact;business;college preparation;networking,solid,3.2-3.49,Introductory coursework or demonstrated interest helpful,No formal experience required; beginner exposure helpful,moderate,No strict prerequisite; demonstrated interest improves fit
SYN-0156,Catalyst Pre-College Center Young Innovators Innovation Studio in Psychology,Catalyst Pre-College Center,synthetic_generated,,psychology,neuroscience;public health,psychology;neuroscience;public health;biology,academic challenge;major exploration;research experience,low cost only,hybrid,West Coast,Portland,Oregon,West Coast,balanced,1 to 2 weeks,1,summer,9,12,application guidance,1200,no,optional,"A 1 to 2 weeks pre-college experience focused on psychology, blending academic challenge with major exploration.",psychology;neuroscience;public health;academic challenge;major exploration,solid,3.2-3.49,Introductory coursework or demonstrated interest helpful,No formal experience required; beginner exposure helpful,moderate,No strict prerequisite; demonstrated interest improves fit
SYN-0704,Silverline Summer College Global Scholars Program in Electrical Engineering,Silverline Summer College,synthetic_generated,,electrical engineering,physics;robotics,electrical engineering;physics;robotics;mathematics,academic challenge;skill development;hands-on projects,must be free,in-person only,Arizona,Phoenix,Arizona,Southwest,less competitive,1 to 2 weeks,1,summer,9,12,peer community,0,need-based aid,yes,Students build confidence in electrical engineering while developing transferable skills through academic challenge and skill development.,electrical engineering;physics;robotics;academic challenge;skill development,average,3.0-3.19,Introductory coursework helpful but not required,Beginner friendly; no prior experience required,moderate-low,No strict prerequisite; demonstrated interest improves fit
SYN-0622,Pacific Crest College Prep Foundations Research Lab in Architecture,Pacific Crest College Prep,synthetic_generated,,architecture,civil engineering;design,architecture;civil engineering;design,portfolio building;career exploration;academic challenge,moderate cost is okay,in-person only,West Coast,Seattle,Washington,West Coast,competitive,1 to 2 weeks,1,summer,9,12,student mentorship,4500,no,yes,"A 1 to 2 weeks pre-college experience focused on architecture, blending portfolio building with career exploration.",architecture;civil engineering;design;portfolio building;career exploration,strong,3.5-3.79,Foundational coursework or portfolio-building experience helpful,Beginner-to-intermediate portfolio or prior work helpful,moderately high,"Portfolio, writing samples, or prior creative work may strengthen fit"
SYN-0222,Maple Bridge Academy Discovery Pre-College Institute for Pre-Med,Maple Bridge Academy,synthetic_generated,,pre-med,medicine;biology,pre-med;medicine;biology,medical exposure;research experience;resume building,must be free,mostly in-person,East Coast,Boston,Massachusetts,East Coast,competitive,1 to 2 weeks,2,summer,9,12,research mentorship,0,need-based aid,yes,This summer program helps high school students explore pre-med through medical exposure and research experience.,pre-med;medicine;biology;medical exposure;research experience,strong,3.5-3.79,Advanced coursework preferred (honors/AP/IB or strong equivalent),Some prior exposure or self-directed projects helpful,moderately high,Biology/chemistry exposure helpful; healthcare interest expected
SYN-0180,Compass Youth University Future Leaders Pre-College Institute for Business,Compass Youth University,synthetic_generated,,business,finance;marketing,business;finance;marketing;economics,leadership development;networking;career exploration,moderate cost is okay,in-person only,East Coast,Washington,District of Columbia,East Coast,competitive,1 to 2 weeks,1,summer,9,12,peer community,2800,need-based aid,yes,Students build confidence in business while developing transferable skills through leadership development and networking.,business;finance;marketing;leadership development;networking,strong,3.5-3.79,Relevant introductory coursework or strong extracurricular exposure helpful,Some prior exposure helpful,moderately high,"Quantitative comfort, initiative, or leadership/project experience helpful"
SYN-0463,Redwood Pathways Institute Future Leaders Explorers Program in Machine Learning,Redwood Pathways Institute,synthetic_generated,,machine learning,artificial intelligence;data science,machine learning;artificial intelligence;data science,hands-on projects;skill development;research experience,cost matters but flexible,mostly online,international,Singapore,Singapore,International,balanced,1 to 2 weeks,1,summer,9,12,independent exploration,5200,no,optional,"Designed for motivated teens, this program combines machine learning content with hands-on projects and skill development.",machine learning;artificial intelligence;data science;hands-on projects;skill development,solid,3.2-3.49,Introductory coursework helpful but not required,No formal experience required; beginner exposure helpful,moderate,Math/programming familiarity helpful; projects or coding exposure useful
SYN-0665,Summit Forge Academy Applied Pre-College Institute for Physics,Summit Forge Academy,synthetic_generated,,physics,mathematics;engineering,physics;mathematics;engineering;statistics,academic challenge;hands-on projects;research experience,strongly prefer free,mostly in-person,South,Atlanta,Georgia,South,balanced,2 to 4 weeks,3,summer,9,12,faculty mentorship,350,no,yes,Students build confidence in physics while developing transferable skills through academic challenge and hands-on projects.,physics;mathematics;engineering;academic challenge;hands-on projects,solid,3.2-3.49,Introductory coursework helpful but not required,No formal experience required; beginner exposure helpful,moderate,No strict prerequisite; demonstrated interest improves fit
SYN-0275,Summit Forge Academy Young Innovators Bootcamp in Computer Science,Summit Forge Academy,synthetic_generated,,computer science,software engineering;artificial intelligence,computer science;software engineering;artificial intelligence,career exploration;hands-on projects;skill development,not a major concern,hybrid,South,Austin,Texas,South,competitive,1 to 2 weeks,1,summer,9,12,project guidance,10500,merit scholarships,optional,Students build confidence in computer science while developing transferable skills through career exploration and hands-on projects.,computer science;software engineering;artificial intelligence;career exploration;hands-on projects,strong,3.5-3.79,Advanced coursework preferred (honors/AP/IB or strong equivalent),Some prior exposure or self-directed projects helpful,moderately high,Math/programming familiarity helpful; projects or coding exposure useful
SYN-0809,Brightwater Institute Open Door Research Lab in Biomedical Engineering,Brightwater Institute,synthetic_generated,,biomedical engineering,medicine;mechanical engineering,biomedical engineering;medicine;mechanical engineering;biology,career exploration;research experience;medical exposure,cost matters but flexible,mostly in-person,South,Atlanta,Georgia,South,competitive,2 to 4 weeks,4,summer,10,12,application guidance,5200,limited,yes,"Designed for motivated teens, this program combines biomedical engineering content with career exploration and research experience.",biomedical engineering;medicine;mechanical engineering;career exploration;research experience,strong,3.5-3.79,Advanced coursework preferred (honors/AP/IB or strong equivalent),Some prior exposure or self-directed projects helpful,moderately high,No strict prerequisite; demonstrated interest improves fit
SYN-0006,Catalyst Pre-College Center Advanced Innovation Studio in Arts,Catalyst Pre-College Center,synthetic_generated,,arts,design;film,arts;design;film;graphic design,hands-on projects;skill development;meeting like-minded students,not a major concern,mostly online,East Coast,Philadelphia,Pennsylvania,East Coast,balanced,2 to 4 weeks,3,summer,8,12,faculty mentorship,9200,need-based aid,optional,"Designed for motivated teens, this program combines arts content with hands-on projects and skill development.",arts;design;film;hands-on projects;skill development,solid,3.2-3.49,Foundational coursework or portfolio-building experience helpful,No formal experience required; beginner exposure helpful,moderate,"Portfolio, writing samples, or prior creative work may strengthen fit"
SYN-0811,Northstar Future Institute Young Innovators Immersion in Education,Northstar Future Institute,synthetic_generated,,education,leadership;social impact,education;leadership;social impact,college preparation;leadership development;social impact,cost matters but flexible,in-person only,Midwest,Ann Arbor,Michigan,Midwest,open enrollment,2 to 4 weeks,4,summer,9,12,career guidance,6100,need-based aid,yes,"Designed for motivated teens, this program combines education content with college preparation and leadership development.",education;leadership;social impact;college preparation;leadership development,accessible,No formal minimum / 2.5+ preferred,Introductory coursework or demonstrated interest helpful,Open to beginners; no prior experience required,accessible,No strict prerequisite; demonstrated interest improves fit
REAL-0061,NSLC Business & Entrepreneurship - Duke University,National Student Leadership Conference,real_sourced,https://www.nslcleaders.org/summer-program-locations/raleigh-durham-high-school-programs/,entrepreneurship,business;marketing;leadership,entrepreneurship;business;marketing;leadership,hands-on projects;leadership development;networking,moderate cost is okay,in-person only,East Coast,Durham,North Carolina,East Coast,balanced,1 to 2 weeks,1.3,summer,9,12,peer community,4295,scholarships available,yes,Residential NSLC pre-college program in business & entrepreneurship hosted on the Duke campus.,entrepreneurship;business;marketing;leadership;hands-on projects;leadership development,solid,3.2-3.49,Relevant introductory coursework or strong extracurricular exposure helpful,No formal experience required; beginner exposure helpful,moderate,"Quantitative comfort, initiative, or leadership/project experience helpful"
SYN-0583,Redwood Pathways Institute Global Pre-College Institute for Journalism,Redwood Pathways Institute,synthetic_generated,,journalism,creative writing;political science,journalism;creative writing;political science,leadership development;networking;career exploration,cost matters but flexible,hybrid,West Coast,San Francisco,California,West Coast,less competitive,4 to 8 weeks,6,summer,9,12,faculty mentorship,6100,limited,optional,"A 4 to 8 weeks pre-college experience focused on journalism, blending leadership development with networking.",journalism;creative writing;political science;leadership development;networking,average,3.0-3.19,Foundational coursework or portfolio-building experience helpful,Beginner friendly; no prior experience required,moderate-low,"Portfolio, writing samples, or prior creative work may strengthen fit"
SYN-0661,Northstar Future Institute Frontier Summer Academy in Artificial Intelligence,Northstar Future Institute,synthetic_generated,,artificial intelligence,machine learning;computer science,artificial intelligence;machine learning;computer science,hands-on projects;career exploration;research experience,must be free,either,international,Singapore,Singapore,International,balanced,1 to 2 weeks,1,summer,9,12,career guidance,0,yes,optional,"A 1 to 2 weeks pre-college experience focused on artificial intelligence, blending hands-on projects with career exploration.",artificial intelligence;machine learning;computer science;hands-on projects;career exploration,solid,3.2-3.49,Introductory coursework helpful but not required,No formal experience required; beginner exposure helpful,moderate,Math/programming familiarity helpful; projects or coding exposure useful
SYN-0009,Prairie Stone Scholars Program Global Innovation Studio in Data Science,Prairie Stone Scholars Program,synthetic_generated,,data science,statistics;computer science,data science;statistics;computer science;mathematics,hands-on projects;career exploration;skill development,not a major concern,either,South,Austin,Texas,South,balanced,1 to 2 weeks,1,summer,9,12,faculty mentorship,13500,yes,optional,"A 1 to 2 weeks pre-college experience focused on data science, blending hands-on projects with career exploration.",data science;statistics;computer science;hands-on projects;career exploration,solid,3.2-3.49,Introductory coursework helpful but not required,No formal experience required; beginner exposure helpful,moderate,Math/programming familiarity helpful; projects or coding exposure useful
REAL-0008,Business & Leadership Academy,Georgetown University,real_sourced,https://summer.georgetown.edu/programs/SHS34/business-leadership-academy/,leadership,business;entrepreneurship;marketing,leadership;business;entrepreneurship;marketing,leadership development;networking;career exploration,not a major concern,in-person only,East Coast,Washington,District of Columbia,East Coast,competitive,2 to 4 weeks,3,summer,8,12,peer community,9085,limited,yes,Three-week academy blending business decision-making with leadership practice.,leadership;business;entrepreneurship;marketing;leadership development;networking,strong,3.5-3.79,Introductory coursework or demonstrated interest helpful,Some prior exposure helpful,moderately high,No strict prerequisite; demonstrated interest improves fit
SYN-0904,Aurora Youth Research Institute Frontier Summer Academy in Film,Aurora Youth Research Institute,synthetic_generated,,film,arts;creative writing,film;arts;creative writing;design,hands-on projects;portfolio building;meeting like-minded students,not a major concern,hybrid,anywhere in the U.S.,Boulder,Colorado,Mountain,open enrollment,4 to 8 weeks,8,summer,9,12,faculty mentorship,10500,merit scholarships,optional,"A 4 to 8 weeks pre-college experience focused on film, blending hands-on projects with portfolio building.",film;arts;creative writing;hands-on projects;portfolio building,accessible,No formal minimum / 2.5+ preferred,Foundational coursework or portfolio-building experience helpful,Open to beginners; no prior experience required,accessible,"Portfolio, writing samples, or prior creative work may strengthen fit"
SYN-0671,Evergreen Future Lab Open Door Scholars Program in Neuroscience,Evergreen Future Lab,synthetic_generated,,neuroscience,biology;psychology,neuroscience;biology;psychology;chemistry,research experience;academic challenge;major exploration,low cost only,hybrid,East Coast,Raleigh,North Carolina,East Coast,less competitive,1 to 2 weeks,1,summer,9,12,application guidance,1200,no,optional,Students build confidence in neuroscience while developing transferable skills through research experience and academic challenge.,neuroscience;biology;psychology;research experience;academic challenge,average,3.0-3.19,Introductory coursework helpful but not required,Beginner friendly; no prior experience required,moderate-low,No strict prerequisite; demonstrated interest improves fit
SYN-0172,Pacific Crest College Prep Frontier Scholars Program in Biology,Pacific Crest College Prep,synthetic_generated,,biology,chemistry;research,biology;chemistry;research;biochemistry,hands-on projects;research experience;academic challenge,must be free,in-person only,East Coast,Boston,Massachusetts,East Coast,less competitive,1 to 2 weeks,2,summer,9,12,career guidance,0,merit scholarships,yes,Students build confidence in biology while developing transferable skills through hands-on projects and research experience.,biology;chemistry;research;hands-on projects;research experience,average,3.0-3.19,Introductory coursework helpful but not required,Beginner friendly; no prior experience required,moderate-low,No strict prerequisite; demonstrated interest improves fit
SYN-0504,Cobalt Ridge University Applied Field School in Marketing,Cobalt Ridge University,synthetic_generated,,marketing,business;design,marketing;business;design;finance,portfolio building;networking;career exploration,must be free,in-person only,West Coast,San Diego,California,West Coast,competitive,1 to 2 weeks,1,summer,9,12,research mentorship,0,yes,yes,"Designed for motivated teens, this program combines marketing content with portfolio building and networking.",marketing;business;design;portfolio building;networking,strong,3.5-3.79,Relevant introductory coursework or strong extracurricular exposure helpful,Some prior exposure helpful,moderately high,"Quantitative comfort, initiative, or leadership/project experience helpful"
SYN-0539,Brightwater Institute Future Leaders College Prep Seminar in Research,Brightwater Institute,synthetic_generated,,research,biology;computer science,research;biology;computer science;chemistry,college preparation;mentorship;academic challenge,must be free,mostly in-person,East Coast,Baltimore,Maryland,East Coast,open enrollment,1 to 2 weeks,2,summer,10,12,small class size,0,need-based aid,yes,This summer program helps high school students explore research through college preparation and mentorship.,research;biology;computer science;college preparation;mentorship,accessible,No formal minimum / 2.5+ preferred,Foundational coursework helpful but not required,Open to beginners; no prior experience required,accessible,No strict prerequisite; demonstrated interest improves fit
REAL-0022,Business & Law Academy,Georgetown University,real_sourced,https://summer.georgetown.edu/pre-college-programs/academies/academy-finder/,business,law;leadership;economics,business;law;leadership;economics,leadership development;networking;career exploration,moderate cost is okay,in-person only,East Coast,Washington,District of Columbia,East Coast,balanced,1 to 2 weeks,1,summer,8,12,career guidance,3725,limited,yes,One-week academy combining business strategy with legal and policy perspectives.,business;law;leadership;economics;leadership development;networking,solid,3.2-3.49,Relevant introductory coursework or strong extracurricular exposure helpful,No formal experience required; beginner exposure helpful,moderate,"Quantitative comfort, initiative, or leadership/project experience helpful"
SYN-0283,Redwood Pathways Institute Discovery Research Lab in Marketing,Redwood Pathways Institute,synthetic_generated,,marketing,business;design,marketing;business;design;finance,career exploration;networking;leadership development,strongly prefer free,in-person only,South,Houston,Texas,South,very competitive,4 to 8 weeks,8,summer,9,12,peer community,350,limited,yes,"A 4 to 8 weeks pre-college experience focused on marketing, blending career exploration with networking.",marketing;business;design;career exploration;networking,exceptional,3.8+,Relevant introductory coursework or strong extracurricular exposure helpful,Demonstrated sustained interest and prior exposure preferred,high,"Quantitative comfort, initiative, or leadership/project experience helpful"
SYN-0764,Silverline Summer College Frontier Bootcamp in Genetics,Silverline Summer College,synthetic_generated,,genetics,biology;biotechnology,genetics;biology;biotechnology;chemistry,career exploration;college preparation;academic challenge,strongly prefer free,mostly in-person,international,Oxford,England,International,balanced,1 to 2 weeks,1,summer,9,12,career guidance,750,merit scholarships,yes,"A 1 to 2 weeks pre-college experience focused on genetics, blending career exploration with college preparation.",genetics;biology;biotechnology;career exploration;college preparation,solid,3.2-3.49,Introductory coursework helpful but not required,No formal experience required; beginner exposure helpful,moderate,No strict prerequisite; demonstrated interest improves fit
SYN-0167,Lighthouse Prep Academy Open Door College Prep Seminar in Machine Learning,Lighthouse Prep Academy,synthetic_generated,,machine learning,artificial intelligence;data science,machine learning;artificial intelligence;data science,hands-on projects;portfolio building;skill development,not a major concern,mostly online,West Coast,Seattle,Washington,West Coast,very competitive,2 to 4 weeks,3,summer,9,12,student mentorship,9200,merit scholarships,optional,This summer program helps high school students explore machine learning through hands-on projects and portfolio building.,machine learning;artificial intelligence;data science;hands-on projects;portfolio building,exceptional,3.8+,Advanced coursework preferred (honors/AP/IB or strong equivalent),"Some prior projects, research, competitions, or advanced exposure preferred",high,Math/programming familiarity helpful; projects or coding exposure useful
SYN-0190,Coastal Edge Institute Frontier Research Lab in Public Health,Coastal Edge Institute,synthetic_generated,,public health,medicine;biology,public health;medicine;biology,career exploration;leadership development;research experience,not a major concern,in-person only,South,Nashville,Tennessee,South,very competitive,4 to 8 weeks,8,summer,9,12,faculty mentorship,13500,merit scholarships,yes,"Designed for motivated teens, this program combines public health content with career exploration and leadership development.",public health;medicine;biology;career exploration;leadership development,exceptional,3.8+,Introductory coursework or demonstrated interest helpful,Demonstrated sustained interest and prior exposure preferred,high,Biology/chemistry exposure helpful; healthcare interest expected
SYN-0060,Compass Youth University Discovery Leadership Forum in Social Impact,Compass Youth University,synthetic_generated,,social impact,leadership;public health,social impact;leadership;public health,leadership development;networking;social impact,cost matters but flexible,either,East Coast,Pittsburgh,Pennsylvania,East Coast,balanced,4 to 8 weeks,6,summer,9,12,research mentorship,5200,yes,optional,"A 4 to 8 weeks pre-college experience focused on social impact, blending leadership development with networking.",social impact;leadership;public health;leadership development;networking,solid,3.2-3.49,Introductory coursework or demonstrated interest helpful,No formal experience required; beginner exposure helpful,moderate,No strict prerequisite; demonstrated interest improves fit
SYN-0399,Prairie Stone Scholars Program Frontier Research Lab in Pharmacy,Prairie Stone Scholars Program,synthetic_generated,,pharmacy,chemistry;biochemistry,pharmacy;chemistry;biochemistry,college preparation;skill development;research experience,low cost only,in-person only,West Coast,Portland,Oregon,West Coast,less competitive,1 to 2 weeks,1,summer,10,12,small class size,1800,merit scholarships,yes,This summer program helps high school students explore pharmacy through college preparation and skill development.,pharmacy;chemistry;biochemistry;college preparation;skill development,average,3.0-3.19,Introductory coursework helpful but not required,Beginner friendly; no prior experience required,moderate-low,Biology/chemistry exposure helpful; healthcare interest expected
SYN-0466,Skyline Discovery Institute Young Innovators College Prep Seminar in Robotics,Skyline Discovery Institute,synthetic_generated,,robotics,mechanical engineering;electrical engineering,robotics;mechanical engineering;electrical engineering,career exploration;skill development;academic challenge,must be free,mostly in-person,Midwest,Chicago,Illinois,Midwest,balanced,1 to 2 weeks,1,summer,9,12,small class size,0,no,yes,"Designed for motivated teens, this program combines robotics content with career exploration and skill development.",robotics;mechanical engineering;electrical engineering;career exploration;skill development,solid,3.2-3.49,Introductory coursework helpful but not required,No formal experience required; beginner exposure helpful,moderate,Math/programming familiarity helpful; projects or coding exposure useful
SYN-0385,Urban Horizon Institute Future Leaders Scholars Program in Public Health,Urban Horizon Institute,synthetic_generated,,public health,medicine;biology,public health;medicine;biology,career exploration;research experience;leadership development,not a major concern,mostly online,East Coast,Pittsburgh,Pennsylvania,East Coast,competitive,2 to 4 weeks,4,summer,9,12,career guidance,13500,limited,optional,Students build confidence in public health while developing transferable skills through career exploration and research experience.,public health;medicine;biology;career exploration;research experience,strong,3.5-3.79,Introductory coursework or demonstrated interest helpful,Some prior exposure helpful,moderately high,Biology/chemistry exposure helpful; healthcare interest expected
SYN-0768,Orbit Learning Institute Future Leaders Bootcamp in Chemistry,Orbit Learning Institute,synthetic_generated,,chemistry,biochemistry;research,chemistry;biochemistry;research,research experience;hands-on projects;college preparation,strongly prefer free,hybrid,West Coast,San Francisco,California,West Coast,less competitive,1 to 2 weeks,2,summer,9,12,independent exploration,350,need-based aid,optional,"A 1 to 2 weeks pre-college experience focused on chemistry, blending research experience with hands-on projects.",chemistry;biochemistry;research;research experience;hands-on projects,average,3.0-3.19,Introductory coursework helpful but not required,Beginner friendly; no prior experience required,moderate-low,No strict prerequisite; demonstrated interest improves fit
SYN-0908,Crescent Peak University Pioneer Innovation Studio in Computer Science,Crescent Peak University,synthetic_generated,,computer science,software engineering;artificial intelligence,computer science;software engineering;artificial intelligence,portfolio building;career exploration;hands-on projects,must be free,in-person only,international,Oxford,England,International,balanced,1 to 2 weeks,1,summer,9,12,faculty mentorship,0,limited,yes,"Designed for motivated teens, this program combines computer science content with portfolio building and career exploration.",computer science;software engineering;artificial intelligence;portfolio building;career exploration,solid,3.2-3.49,Introductory coursework helpful but not required,No formal experience required; beginner exposure helpful,moderate,Math/programming familiarity helpful; projects or coding exposure useful
SYN-0624,Cobalt Ridge University Global Pre-College Institute for Software Engineering,Cobalt Ridge University,synthetic_generated,,software engineering,computer science;artificial intelligence,software engineering;computer science;artificial intelligence,hands-on projects;skill development;career exploration,low cost only,mostly online,West Coast,Seattle,Washington,West Coast,competitive,1 to 2 weeks,1,summer,9,12,faculty mentorship,1200,limited,optional,"Designed for motivated teens, this program combines software engineering content with hands-on projects and skill development.",software engineering;computer science;artificial intelligence;hands-on projects;skill development,strong,3.5-3.79,Advanced coursework preferred (honors/AP/IB or strong equivalent),Some prior exposure or self-directed projects helpful,moderately high,Math/programming familiarity helpful; projects or coding exposure useful
SYN-0781,Northstar Future Institute Future Leaders Leadership Forum in Film,Northstar Future Institute,synthetic_generated,,film,arts;creative writing,film;arts;creative writing;design,portfolio building;hands-on projects;meeting like-minded students,strongly prefer free,in-person only,East Coast,Baltimore,Maryland,East Coast,open enrollment,4 to 8 weeks,6,summer,9,12,student mentorship,350,limited,yes,Students build confidence in film while developing transferable skills through portfolio building and hands-on projects.,film;arts;creative writing;portfolio building;hands-on projects,accessible,No formal minimum / 2.5+ preferred,Foundational coursework or portfolio-building experience helpful,Open to beginners; no prior experience required,accessible,"Portfolio, writing samples, or prior creative work may strengthen fit"
SYN-0256,Skyline Discovery Institute Open Door Scholars Program in Marine Biology,Skyline Discovery Institute,synthetic_generated,,marine biology,biology;environmental science,marine biology;biology;environmental science;chemistry,research experience;career exploration;hands-on projects,not a major concern,hybrid,East Coast,Philadelphia,Pennsylvania,East Coast,balanced,4 to 8 weeks,6,summer,9,12,application guidance,13500,no,optional,"Designed for motivated teens, this program combines marine biology content with research experience and career exploration.",marine biology;biology;environmental science;research experience;career exploration,solid,3.2-3.49,Foundational coursework helpful but not required,No formal experience required; beginner exposure helpful,moderate,No strict prerequisite; demonstrated interest improves fit
SYN-0667,Riverview Innovation Lab Global Workshop Series in Marine Biology,Riverview Innovation Lab,synthetic_generated,,marine biology,biology;environmental science,marine biology;biology;environmental science;chemistry,hands-on projects;research experience;social impact,strongly prefer free,hybrid,South,Atlanta,Georgia,South,balanced,2 to 4 weeks,3,summer,9,12,research mentorship,500,need-based aid,optional,Students build confidence in marine biology while developing transferable skills through hands-on projects and research experience.,marine biology;biology;environmental science;hands-on projects;research experience,solid,3.2-3.49,Foundational coursework helpful but not required,No formal experience required; beginner exposure helpful,moderate,No strict prerequisite; demonstrated interest improves fit
SYN-0142,Pacific Crest College Prep Global Explorers Program in Creative Writing,Pacific Crest College Prep,synthetic_generated,,creative writing,journalism;history,creative writing;journalism;history,portfolio building;meeting like-minded students;college preparation,not a major concern,mostly online,Midwest,Madison,Wisconsin,Midwest,balanced,4 to 8 weeks,6,summer,9,12,research mentorship,13500,merit scholarships,optional,Students build confidence in creative writing while developing transferable skills through portfolio building and meeting like-minded students.,creative writing;journalism;history;portfolio building;meeting like-minded students,solid,3.2-3.49,Foundational coursework or portfolio-building experience helpful,No formal experience required; beginner exposure helpful,moderate,"Portfolio, writing samples, or prior creative work may strengthen fit"
SYN-0643,Redwood Pathways Institute Open Door Innovation Studio in Artificial Intelligence,Redwood Pathways Institute,synthetic_generated,,artificial intelligence,machine learning;computer science,artificial intelligence;machine learning;computer science,skill development;career exploration;research experience,low cost only,online only,remote only,Remote,Remote,Remote,less competitive,1 to 2 weeks,1,summer,9,12,student mentorship,1800,need-based aid,no,Students build confidence in artificial intelligence while developing transferable skills through skill development and career exploration.,artificial intelligence;machine learning;computer science;skill development;career exploration,average,3.0-3.19,Introductory coursework helpful but not required,Beginner friendly; no prior experience required,moderate-low,Math/programming familiarity helpful; projects or coding exposure useful
SYN-0875,Summit Forge Academy Global Immersion in Education,Summit Forge Academy,synthetic_generated,,education,leadership;social impact,education;leadership;social impact,career exploration;leadership development;college preparation,moderate cost is okay,either,South,Nashville,Tennessee,South,less competitive,2 to 4 weeks,4,summer,9,12,research mentorship,2800,merit scholarships,optional,Students build confidence in education while developing transferable skills through career exploration and leadership development.,education;leadership;social impact;career exploration;leadership development,average,3.0-3.19,Introductory coursework or demonstrated interest helpful,Beginner friendly; no prior experience required,moderate-low,No strict prerequisite; demonstrated interest improves fit
SYN-0721,Northstar Future Institute Advanced Summer Academy in History,Northstar Future Institute,synthetic_generated,,history,political science;philosophy,history;political science;philosophy;international relations,college preparation;academic challenge;major exploration,strongly prefer free,mostly online,anywhere in the U.S.,Boulder,Colorado,Mountain,competitive,1 to 2 weeks,1,summer,9,12,faculty mentorship,500,yes,optional,"Designed for motivated teens, this program combines history content with college preparation and academic challenge.",history;political science;philosophy;college preparation;academic challenge,strong,3.5-3.79,Introductory coursework or demonstrated interest helpful,Some prior exposure helpful,moderately high,No strict prerequisite; demonstrated interest improves fit
SYN-0803,Sagebrook Academy Young Innovators Research Lab in Neuroscience,Sagebrook Academy,synthetic_generated,,neuroscience,biology;psychology,neuroscience;biology;psychology;chemistry,research experience;academic challenge;career exploration,cost matters but flexible,mostly online,East Coast,Philadelphia,Pennsylvania,East Coast,balanced,1 to 2 weeks,2,summer,9,12,small class size,8400,need-based aid,optional,This summer program helps high school students explore neuroscience through research experience and academic challenge.,neuroscience;biology;psychology;research experience;academic challenge,solid,3.2-3.49,Introductory coursework helpful but not required,No formal experience required; beginner exposure helpful,moderate,No strict prerequisite; demonstrated interest improves fit
SYN-0370,Coastal Edge Institute Advanced Pre-College Institute for Mechanical Engineering,Coastal Edge Institute,synthetic_generated,,mechanical engineering,robotics;civil engineering,mechanical engineering;robotics;civil engineering,academic challenge;hands-on projects;skill development,moderate cost is okay,either,South,Austin,Texas,South,competitive,4 to 8 weeks,8,summer,9,12,project guidance,2800,yes,optional,"Designed for motivated teens, this program combines mechanical engineering content with academic challenge and hands-on projects.",mechanical engineering;robotics;civil engineering;academic challenge;hands-on projects,strong,3.5-3.79,Advanced coursework preferred (honors/AP/IB or strong equivalent),Some prior exposure or self-directed projects helpful,moderately high,No strict prerequisite; demonstrated interest improves fit
SYN-0558,Orbit Learning Institute Young Innovators Explorers Program in Machine Learning,Orbit Learning Institute,synthetic_generated,,machine learning,artificial intelligence;data science,machine learning;artificial intelligence;data science,hands-on projects;skill development;research experience,not a major concern,mostly online,West Coast,Portland,Oregon,West Coast,competitive,4 to 8 weeks,8,summer,9,12,application guidance,11800,yes,optional,This summer program helps high school students explore machine learning through hands-on projects and skill development.,machine learning;artificial intelligence;data science;hands-on projects;skill development,strong,3.5-3.79,Advanced coursework preferred (honors/AP/IB or strong equivalent),Some prior exposure or self-directed projects helpful,moderately high,Math/programming familiarity helpful; projects or coding exposure useful
SYN-0477,Mosaic Futures Academy Future Leaders Workshop Series in International Relations,Mosaic Futures Academy,synthetic_generated,,international relations,political science;law,international relations;political science;law,social impact;networking;career exploration,strongly prefer free,mostly online,East Coast,Pittsburgh,Pennsylvania,East Coast,balanced,1 to 2 weeks,2,summer,10,12,peer community,500,merit scholarships,optional,This summer program helps high school students explore international relations through social impact and networking.,international relations;political science;law;social impact;networking,solid,3.2-3.49,Introductory coursework or demonstrated interest helpful,No formal experience required; beginner exposure helpful,moderate,No strict prerequisite; demonstrated interest improves fit
SYN-0792,Maple Bridge Academy Pioneer Research Lab in Genetics,Maple Bridge Academy,synthetic_generated,,genetics,biology;biotechnology,genetics;biology;biotechnology;chemistry,career exploration;academic challenge;research experience,cost matters but flexible,hybrid,East Coast,New York,New York,East Coast,less competitive,2 to 4 weeks,3,summer,9,12,independent exploration,6100,yes,optional,Students build confidence in genetics while developing transferable skills through career exploration and academic challenge.,genetics;biology;biotechnology;career exploration;academic challenge,average,3.0-3.19,Introductory coursework helpful but not required,Beginner friendly; no prior experience required,moderate-low,No strict prerequisite; demonstrated interest improves fit
SYN-0106,Skyline Discovery Institute Foundations Scholars Program in Dentistry,Skyline Discovery Institute,synthetic_generated,,dentistry,medicine;biology,dentistry;medicine;biology,medical exposure;skill development;career exploration,not a major concern,mostly in-person,West Coast,Los Angeles,California,West Coast,less competitive,4 to 8 weeks,8,summer,10,12,project guidance,10500,need-based aid,yes,"A 4 to 8 weeks pre-college experience focused on dentistry, blending medical exposure with skill development.",dentistry;medicine;biology;medical exposure;skill development,average,3.0-3.19,Foundational coursework helpful but not required,Beginner friendly; no prior experience required,moderate-low,No strict prerequisite; demonstrated interest improves fit
SYN-0499,Bridgewater Youth Academy Honors Summer Academy in Film,Bridgewater Youth Academy,synthetic_generated,,film,arts;creative writing,film;arts;creative writing;design,meeting like-minded students;career exploration;hands-on projects,cost matters but flexible,in-person only,anywhere in the U.S.,Denver,Colorado,Mountain,open enrollment,1 to 2 weeks,2,summer,9,12,independent exploration,6100,no,yes,"Designed for motivated teens, this program combines film content with meeting like-minded students and career exploration.",film;arts;creative writing;meeting like-minded students;career exploration,accessible,No formal minimum / 2.5+ preferred,Foundational coursework or portfolio-building experience helpful,Open to beginners; no prior experience required,accessible,"Portfolio, writing samples, or prior creative work may strengthen fit"
SYN-0423,Pioneer Horizon University Elite College Prep Seminar in Nursing,Pioneer Horizon University,synthetic_generated,,nursing,medicine;public health,nursing;medicine;public health;biology,leadership development;medical exposure;hands-on projects,moderate cost is okay,mostly in-person,West Coast,San Diego,California,West Coast,balanced,1 to 2 weeks,2,summer,9,12,career guidance,2800,no,yes,Students build confidence in nursing while developing transferable skills through leadership development and medical exposure.,nursing;medicine;public health;leadership development;medical exposure,solid,3.2-3.49,Introductory coursework helpful but not required,No formal experience required; beginner exposure helpful,moderate,Biology/chemistry exposure helpful; healthcare interest expected
SYN-0612,Maple Bridge Academy Advanced Summer Academy in International Relations,Maple Bridge Academy,synthetic_generated,,international relations,political science;law,international relations;political science;law,social impact;leadership development;networking,must be free,in-person only,anywhere in the U.S.,Denver,Colorado,Mountain,balanced,2 to 4 weeks,4,summer,10,12,peer community,0,merit scholarships,yes,This summer program helps high school students explore international relations through social impact and leadership development.,international relations;political science;law;social impact;leadership development,solid,3.2-3.49,Introductory coursework or demonstrated interest helpful,No formal experience required; beginner exposure helpful,moderate,No strict prerequisite; demonstrated interest improves fit
SYN-0068,Crescent Peak University Open Door Workshop Series in Environmental Science,Crescent Peak University,synthetic_generated,,environmental science,sustainability;biology,environmental science;sustainability;biology,career exploration;social impact;research experience,moderate cost is okay,in-person only,Arizona,Phoenix,Arizona,Southwest,competitive,2 to 4 weeks,3,summer,9,12,peer community,2800,yes,yes,This summer program helps high school students explore environmental science through career exploration and social impact.,environmental science;sustainability;biology;career exploration;social impact,strong,3.5-3.79,Advanced coursework preferred (honors/AP/IB or strong equivalent),Some prior exposure or self-directed projects helpful,moderately high,No strict prerequisite; demonstrated interest improves fit
SYN-0065,Summit Forge Academy Applied Workshop Series in Film,Summit Forge Academy,synthetic_generated,,film,arts;creative writing,film;arts;creative writing;design,career exploration;hands-on projects;portfolio building,cost matters but flexible,in-person only,South,Atlanta,Georgia,South,competitive,1 to 2 weeks,2,summer,9,12,research mentorship,8400,yes,yes,"Designed for motivated teens, this program combines film content with career exploration and hands-on projects.",film;arts;creative writing;career exploration;hands-on projects,strong,3.5-3.79,Foundational coursework or portfolio-building experience helpful,Beginner-to-intermediate portfolio or prior work helpful,moderately high,"Portfolio, writing samples, or prior creative work may strengthen fit"
SYN-0482,Blue Mesa Scholars Academy Global Summer Academy in Sustainability,Blue Mesa Scholars Academy,synthetic_generated,,sustainability,environmental science;social impact,sustainability;environmental science;social impact,hands-on projects;leadership development;social impact,cost matters but flexible,mostly online,East Coast,Washington,District of Columbia,East Coast,balanced,2 to 4 weeks,4,summer,9,12,career guidance,8400,limited,optional,Students build confidence in sustainability while developing transferable skills through hands-on projects and leadership development.,sustainability;environmental science;social impact;hands-on projects;leadership development,solid,3.2-3.49,Foundational coursework helpful but not required,No formal experience required; beginner exposure helpful,moderate,No strict prerequisite; demonstrated interest improves fit
SYN-0007,Riverview Innovation Lab Pioneer Innovation Studio in Pharmacy,Riverview Innovation Lab,synthetic_generated,,pharmacy,chemistry;biochemistry,pharmacy;chemistry;biochemistry,research experience;college preparation;skill development,low cost only,mostly in-person,West Coast,San Diego,California,West Coast,less competitive,1 to 2 weeks,2,summer,10,12,application guidance,1200,no,yes,"Designed for motivated teens, this program combines pharmacy content with research experience and college preparation.",pharmacy;chemistry;biochemistry;research experience;college preparation,average,3.0-3.19,Introductory coursework helpful but not required,Beginner friendly; no prior experience required,moderate-low,Biology/chemistry exposure helpful; healthcare interest expected
SYN-0434,Silverline Summer College Frontier Innovation Studio in Business,Silverline Summer College,synthetic_generated,,business,finance;marketing,business;finance;marketing;economics,networking;resume building;career exploration,cost matters but flexible,online only,remote only,Remote,Remote,Remote,balanced,4 to 8 weeks,6,summer,9,12,application guidance,7200,no,no,"Designed for motivated teens, this program combines business content with networking and resume building.",business;finance;marketing;networking;resume building,solid,3.2-3.49,Relevant introductory coursework or strong extracurricular exposure helpful,No formal experience required; beginner exposure helpful,moderate,"Quantitative comfort, initiative, or leadership/project experience helpful"
SYN-0686,Cedar Grove Scholars Foundations Pre-College Institute for Interdisciplinary,Cedar Grove Scholars,synthetic_generated,,interdisciplinary,leadership;research,interdisciplinary;leadership;research;social impact,academic challenge;major exploration;meeting like-minded students,cost matters but flexible,mostly in-person,West Coast,Los Angeles,California,West Coast,balanced,2 to 4 weeks,3,summer,9,12,project guidance,5200,limited,yes,Students build confidence in interdisciplinary while developing transferable skills through academic challenge and major exploration.,interdisciplinary;leadership;research;academic challenge;major exploration,solid,3.2-3.49,Foundational coursework helpful but not required,No formal experience required; beginner exposure helpful,moderate,No strict prerequisite; demonstrated interest improves fit
SYN-0024,Cobalt Ridge University Future Leaders College Prep Seminar in Computer Science,Cobalt Ridge University,synthetic_generated,,computer science,software engineering;artificial intelligence,computer science;software engineering;artificial intelligence,career exploration;portfolio building;skill development,not a major concern,hybrid,East Coast,New York,New York,East Coast,open enrollment,4 to 8 weeks,8,summer,9,12,faculty mentorship,10500,merit scholarships,optional,"Designed for motivated teens, this program combines computer science content with career exploration and portfolio building.",computer science;software engineering;artificial intelligence;career exploration;portfolio building,accessible,No formal minimum / 2.5+ preferred,Introductory coursework helpful but not required,Open to beginners; no prior experience required,accessible,Math/programming familiarity helpful; projects or coding exposure useful
SYN-0870,Compass Youth University Elite Workshop Series in Game Development,Compass Youth University,synthetic_generated,,game development,computer science;design,game development;computer science;design;software engineering,skill development;portfolio building;hands-on projects,low cost only,in-person only,East Coast,Baltimore,Maryland,East Coast,very competitive,1 to 2 weeks,1,summer,8,12,student mentorship,1500,yes,yes,"Designed for motivated teens, this program combines game development content with skill development and portfolio building.",game development;computer science;design;skill development;portfolio building,exceptional,3.8+,Foundational coursework helpful but not required,Demonstrated sustained interest and prior exposure preferred,high,No strict prerequisite; demonstrated interest improves fit
SYN-0802,Pacific Crest College Prep Open Door Summer Academy in Animation,Pacific Crest College Prep,synthetic_generated,,animation,design;film,animation;design;film;graphic design,skill development;hands-on projects;career exploration,must be free,mostly online,East Coast,Raleigh,North Carolina,East Coast,competitive,2 to 4 weeks,3,summer,8,12,small class size,0,yes,optional,Students build confidence in animation while developing transferable skills through skill development and hands-on projects.,animation;design;film;skill development;hands-on projects,strong,3.5-3.79,Foundational coursework helpful but not required,Some prior exposure helpful,moderately high,No strict prerequisite; demonstrated interest improves fit
SYN-0183,Pioneer Horizon University Discovery College Prep Seminar in Biotechnology,Pioneer Horizon University,synthetic_generated,,biotechnology,biology;chemistry,biotechnology;biology;chemistry,research experience;skill development;career exploration,not a major concern,hybrid,Arizona,Phoenix,Arizona,Southwest,balanced,1 to 2 weeks,2,summer,9,12,student mentorship,13500,yes,optional,"A 1 to 2 weeks pre-college experience focused on biotechnology, blending research experience with skill development.",biotechnology;biology;chemistry;research experience;skill development,solid,3.2-3.49,Introductory coursework helpful but not required,No formal experience required; beginner exposure helpful,moderate,No strict prerequisite; demonstrated interest improves fit
REAL-0060,NSLC Aerospace - Duke University,National Student Leadership Conference,real_sourced,https://www.nslcleaders.org/summer-program-locations/raleigh-durham-high-school-programs/,aerospace engineering,physics;mechanical engineering;mathematics,aerospace engineering;physics;mechanical engineering;mathematics,hands-on projects;academic challenge;career exploration,moderate cost is okay,in-person only,East Coast,Durham,North Carolina,East Coast,balanced,1 to 2 weeks,1.3,summer,9,12,peer community,4395,scholarships available,yes,Residential NSLC pre-college program in aerospace hosted on the Duke campus.,aerospace engineering;physics;mechanical engineering;mathematics;hands-on projects;academic challenge,solid,3.2-3.49,Introductory coursework helpful but not required,No formal experience required; beginner exposure helpful,moderate,No strict prerequisite; demonstrated interest improves fit
SYN-0182,Blue Mesa Scholars Academy Frontier Explorers Program in Pre-Med,Blue Mesa Scholars Academy,synthetic_generated,,pre-med,medicine;biology,pre-med;medicine;biology,medical exposure;college preparation;research experience,cost matters but flexible,either,anywhere in the U.S.,Denver,Colorado,Mountain,competitive,2 to 4 weeks,3,summer,9,12,peer community,7200,merit scholarships,optional,"Designed for motivated teens, this program combines pre-med content with medical exposure and college preparation.",pre-med;medicine;biology;medical exposure;college preparation,strong,3.5-3.79,Advanced coursework preferred (honors/AP/IB or strong equivalent),Some prior exposure or self-directed projects helpful,moderately high,Biology/chemistry exposure helpful; healthcare interest expected
SYN-0251,Evergreen Future Lab Frontier Leadership Forum in Civil Engineering,Evergreen Future Lab,synthetic_generated,,civil engineering,architecture;sustainability,civil engineering;architecture;sustainability,social impact;hands-on projects;career exploration,must be free,mostly in-person,Arizona,Phoenix,Arizona,Southwest,balanced,2 to 4 weeks,3,summer,9,12,project guidance,0,need-based aid,yes,"A 2 to 4 weeks pre-college experience focused on civil engineering, blending social impact with hands-on projects.",civil engineering;architecture;sustainability;social impact;hands-on projects,solid,3.2-3.49,Introductory coursework helpful but not required,No formal experience required; beginner exposure helpful,moderate,No strict prerequisite; demonstrated interest improves fit
SYN-0308,Crescent Peak University Elite Bootcamp in Film,Crescent Peak University,synthetic_generated,,film,arts;creative writing,film;arts;creative writing;design,hands-on projects;meeting like-minded students;portfolio building,must be free,online only,remote only,Remote,Remote,Remote,balanced,4 to 8 weeks,6,summer,9,12,small class size,0,no,no,This summer program helps high school students explore film through hands-on projects and meeting like-minded students.,film;arts;creative writing;hands-on projects;meeting like-minded students,solid,3.2-3.49,Foundational coursework or portfolio-building experience helpful,No formal experience required; beginner exposure helpful,moderate,"Portfolio, writing samples, or prior creative work may strengthen fit"
SYN-0745,Urban Horizon Institute Applied Explorers Program in Music,Urban Horizon Institute,synthetic_generated,,music,arts;film,music;arts;film;design,career exploration;meeting like-minded students;skill development,low cost only,either,South,Austin,Texas,South,open enrollment,2 to 4 weeks,4,summer,8,12,faculty mentorship,2200,yes,optional,This summer program helps high school students explore music through career exploration and meeting like-minded students.,music;arts;film;career exploration;meeting like-minded students,accessible,No formal minimum / 2.5+ preferred,Foundational coursework or portfolio-building experience helpful,Open to beginners; no prior experience required,accessible,"Portfolio, writing samples, or prior creative work may strengthen fit"
REAL-0020,"Democracy, Peace & Conflict Academy",Georgetown University,real_sourced,https://summer.georgetown.edu/pre-college-programs/academies/academy-finder/,political science,international relations;history;social impact,political science;international relations;history;social impact,leadership development;social impact;academic challenge,moderate cost is okay,in-person only,East Coast,Washington,District of Columbia,East Coast,competitive,1 to 2 weeks,1,summer,8,12,faculty mentorship,3725,limited,yes,"One-week academy examining democracy, conflict, and peacebuilding.",political science;international relations;history;social impact;leadership development;social impact,strong,3.5-3.79,Introductory coursework or demonstrated interest helpful,Some prior exposure helpful,moderately high,No strict prerequisite; demonstrated interest improves fit
SYN-0437,Lighthouse Prep Academy Open Door Bootcamp in Psychology,Lighthouse Prep Academy,synthetic_generated,,psychology,neuroscience;public health,psychology;neuroscience;public health;biology,research experience;academic challenge;major exploration,must be free,mostly in-person,East Coast,Raleigh,North Carolina,East Coast,balanced,1 to 2 weeks,2,summer,9,12,project guidance,0,yes,yes,"Designed for motivated teens, this program combines psychology content with research experience and academic challenge.",psychology;neuroscience;public health;research experience;academic challenge,solid,3.2-3.49,Introductory coursework or demonstrated interest helpful,No formal experience required; beginner exposure helpful,moderate,No strict prerequisite; demonstrated interest improves fit
SYN-0268,Vertex Learning Center Young Innovators Research Lab in Journalism,Vertex Learning Center,synthetic_generated,,journalism,creative writing;political science,journalism;creative writing;political science,networking;portfolio building;career exploration,cost matters but flexible,in-person only,East Coast,Raleigh,North Carolina,East Coast,balanced,4 to 8 weeks,8,summer,9,12,application guidance,6100,limited,yes,This summer program helps high school students explore journalism through networking and portfolio building.,journalism;creative writing;political science;networking;portfolio building,solid,3.2-3.49,Foundational coursework or portfolio-building experience helpful,No formal experience required; beginner exposure helpful,moderate,"Portfolio, writing samples, or prior creative work may strengthen fit"
SYN-0550,Coastal Edge Institute Open Door Leadership Forum in Statistics,Coastal Edge Institute,synthetic_generated,,statistics,mathematics;data science,statistics;mathematics;data science,skill development;college preparation;career exploration,strongly prefer free,mostly in-person,anywhere in the U.S.,Boulder,Colorado,Mountain,competitive,4 to 8 weeks,6,summer,9,12,project guidance,750,need-based aid,yes,Students build confidence in statistics while developing transferable skills through skill development and college preparation.,statistics;mathematics;data science;skill development;college preparation,strong,3.5-3.79,Advanced coursework preferred (honors/AP/IB or strong equivalent),Some prior exposure or self-directed projects helpful,moderately high,No strict prerequisite; demonstrated interest improves fit
REAL-0001,American Politics Academy,Georgetown University,real_sourced,https://summer.georgetown.edu/pre-college-programs/academies/academy-finder/,political science,law;leadership;history,political science;law;leadership;history,leadership development;career exploration;academic challenge,moderate cost is okay,in-person only,East Coast,Washington,District of Columbia,East Coast,competitive,1 to 2 weeks,1,summer,8,12,faculty mentorship,3725,limited,yes,One-week policy-focused academy exploring American politics and public institutions.,political science;law;leadership;history;leadership development;career exploration,strong,3.5-3.79,Introductory coursework or demonstrated interest helpful,Some prior exposure helpful,moderately high,No strict prerequisite; demonstrated interest improves fit
SYN-0480,Compass Youth University Honors Explorers Program in Sports Management,Compass Youth University,synthetic_generated,,sports management,business;marketing,sports management;business;marketing;finance,career exploration;networking;leadership development,must be free,in-person only,West Coast,Seattle,Washington,West Coast,less competitive,1 to 2 weeks,1,summer,9,12,application guidance,0,limited,yes,"Designed for motivated teens, this program combines sports management content with career exploration and networking.",sports management;business;marketing;career exploration;networking,average,3.0-3.19,Foundational coursework helpful but not required,Beginner friendly; no prior experience required,moderate-low,No strict prerequisite; demonstrated interest improves fit
SYN-0489,Prairie Stone Scholars Program Discovery Innovation Studio in Film,Prairie Stone Scholars Program,synthetic_generated,,film,arts;creative writing,film;arts;creative writing;design,career exploration;hands-on projects;meeting like-minded students,must be free,mostly online,West Coast,San Francisco,California,West Coast,very competitive,1 to 2 weeks,2,summer,9,12,student mentorship,0,limited,optional,"Designed for motivated teens, this program combines film content with career exploration and hands-on projects.",film;arts;creative writing;career exploration;hands-on projects,exceptional,3.8+,Foundational coursework or portfolio-building experience helpful,"Strong prior experience, portfolio, or sustained work preferred",high,"Portfolio, writing samples, or prior creative work may strengthen fit"
SYN-0102,Maple Bridge Academy Frontier Field School in Marine Biology,Maple Bridge Academy,synthetic_generated,,marine biology,biology;environmental science,marine biology;biology;environmental science;chemistry,career exploration;research experience;hands-on projects,strongly prefer free,in-person only,anywhere in the U.S.,Boulder,Colorado,Mountain,competitive,1 to 2 weeks,2,summer,9,12,independent exploration,350,limited,yes,Students build confidence in marine biology while developing transferable skills through career exploration and research experience.,marine biology;biology;environmental science;career exploration;research experience,strong,3.5-3.79,Foundational coursework helpful but not required,Some prior exposure helpful,moderately high,No strict prerequisite; demonstrated interest improves fit
SYN-0735,Meridian Scholars Collective Advanced Innovation Studio in Music,Meridian Scholars Collective,synthetic_generated,,music,arts;film,music;arts;film;design,meeting like-minded students;career exploration;portfolio building,low cost only,either,South,Atlanta,Georgia,South,competitive,2 to 4 weeks,3,summer,8,12,faculty mentorship,2200,limited,optional,"A 2 to 4 weeks pre-college experience focused on music, blending meeting like-minded students with career exploration.",music;arts;film;meeting like-minded students;career exploration,strong,3.5-3.79,Foundational coursework or portfolio-building experience helpful,Beginner-to-intermediate portfolio or prior work helpful,moderately high,"Portfolio, writing samples, or prior creative work may strengthen fit"
SYN-0319,Bridgewater Youth Academy Advanced Pre-College Institute for Journalism,Bridgewater Youth Academy,synthetic_generated,,journalism,creative writing;political science,journalism;creative writing;political science,networking;portfolio building;leadership development,moderate cost is okay,online only,remote only,Remote,Remote,Remote,very competitive,2 to 4 weeks,3,summer,9,12,research mentorship,4500,no,no,This summer program helps high school students explore journalism through networking and portfolio building.,journalism;creative writing;political science;networking;portfolio building,exceptional,3.8+,Foundational coursework or portfolio-building experience helpful,"Strong prior experience, portfolio, or sustained work preferred",high,"Portfolio, writing samples, or prior creative work may strengthen fit"
SYN-0771,Helix Summer Scholars Open Door Immersion in Law,Helix Summer Scholars,synthetic_generated,,law,political science;history,law;political science;history;international relations,leadership development;career exploration;academic challenge,moderate cost is okay,hybrid,Arizona,Phoenix,Arizona,Southwest,very competitive,1 to 2 weeks,1,summer,10,12,peer community,2800,no,optional,Students build confidence in law while developing transferable skills through leadership development and career exploration.,law;political science;history;leadership development;career exploration,exceptional,3.8+,Introductory coursework or demonstrated interest helpful,Demonstrated sustained interest and prior exposure preferred,high,No strict prerequisite; demonstrated interest improves fit
SYN-0910,Coastal Edge Institute Young Innovators Explorers Program in Aerospace Engineering,Coastal Edge Institute,synthetic_generated,,aerospace engineering,physics;mechanical engineering,aerospace engineering;physics;mechanical engineering;mathematics,academic challenge;hands-on projects;skill development,low cost only,either,South,Miami,Florida,South,open enrollment,4 to 8 weeks,6,summer,9,12,peer community,1200,limited,optional,This summer program helps high school students explore aerospace engineering through academic challenge and hands-on projects.,aerospace engineering;physics;mechanical engineering;academic challenge;hands-on projects,accessible,No formal minimum / 2.5+ preferred,Introductory coursework helpful but not required,Open to beginners; no prior experience required,accessible,No strict prerequisite; demonstrated interest improves fit
SYN-0831,Helix Summer Scholars Discovery Leadership Forum in Graphic Design,Helix Summer Scholars,synthetic_generated,,graphic design,design;marketing,graphic design;design;marketing,skill development;career exploration;portfolio building,low cost only,online only,remote only,Remote,Remote,Remote,balanced,2 to 4 weeks,3,summer,9,12,peer community,2200,yes,no,Students build confidence in graphic design while developing transferable skills through skill development and career exploration.,graphic design;design;marketing;skill development;career exploration,solid,3.2-3.49,Foundational coursework or portfolio-building experience helpful,No formal experience required; beginner exposure helpful,moderate,"Portfolio, writing samples, or prior creative work may strengthen fit"
SYN-0733,Redwood Pathways Institute Foundations Field School in Physics,Redwood Pathways Institute,synthetic_generated,,physics,mathematics;engineering,physics;mathematics;engineering;statistics,hands-on projects;college preparation;research experience,not a major concern,in-person only,East Coast,Boston,Massachusetts,East Coast,competitive,2 to 4 weeks,3,summer,9,12,faculty mentorship,11800,no,yes,Students build confidence in physics while developing transferable skills through hands-on projects and college preparation.,physics;mathematics;engineering;hands-on projects;college preparation,strong,3.5-3.79,Advanced coursework preferred (honors/AP/IB or strong equivalent),Some prior exposure or self-directed projects helpful,moderately high,No strict prerequisite; demonstrated interest improves fit
SYN-0936,Catalyst Pre-College Center Advanced Workshop Series in Pharmacy,Catalyst Pre-College Center,synthetic_generated,,pharmacy,chemistry;biochemistry,pharmacy;chemistry;biochemistry,college preparation;skill development;research experience,cost matters but flexible,hybrid,East Coast,Washington,District of Columbia,East Coast,balanced,1 to 2 weeks,2,summer,10,12,independent exploration,5200,need-based aid,optional,Students build confidence in pharmacy while developing transferable skills through college preparation and skill development.,pharmacy;chemistry;biochemistry;college preparation;skill development,solid,3.2-3.49,Introductory coursework helpful but not required,No formal experience required; beginner exposure helpful,moderate,Biology/chemistry exposure helpful; healthcare interest expected
SYN-0242,Blue Mesa Scholars Academy Future Leaders Innovation Studio in Genetics,Blue Mesa Scholars Academy,synthetic_generated,,genetics,biology;biotechnology,genetics;biology;biotechnology;chemistry,research experience;career exploration;college preparation,cost matters but flexible,mostly online,anywhere in the U.S.,Denver,Colorado,Mountain,less competitive,4 to 8 weeks,8,summer,9,12,independent exploration,5200,need-based aid,optional,This summer program helps high school students explore genetics through research experience and career exploration.,genetics;biology;biotechnology;research experience;career exploration,average,3.0-3.19,Introductory coursework helpful but not required,Beginner friendly; no prior experience required,moderate-low,No strict prerequisite; demonstrated interest improves fit
SYN-0577,Riverview Innovation Lab Global Workshop Series in Finance,Riverview Innovation Lab,synthetic_generated,,finance,economics;business,finance;economics;business,networking;skill development;career exploration,low cost only,hybrid,South,Miami,Florida,South,very competitive,4 to 8 weeks,6,summer,9,12,student mentorship,2200,merit scholarships,optional,"Designed for motivated teens, this program combines finance content with networking and skill development.",finance;economics;business;networking;skill development,exceptional,3.8+,Relevant introductory coursework or strong extracurricular exposure helpful,Demonstrated sustained interest and prior exposure preferred,high,"Quantitative comfort, initiative, or leadership/project experience helpful"
SYN-0045,Meridian Scholars Collective Advanced Field School in Chemistry,Meridian Scholars Collective,synthetic_generated,,chemistry,biochemistry;research,chemistry;biochemistry;research,college preparation;research experience;hands-on projects,strongly prefer free,in-person only,South,Nashville,Tennessee,South,competitive,1 to 2 weeks,1,summer,9,12,small class size,350,need-based aid,yes,"A 1 to 2 weeks pre-college experience focused on chemistry, blending college preparation with research experience.",chemistry;biochemistry;research;college preparation;research experience,strong,3.5-3.79,Advanced coursework preferred (honors/AP/IB or strong equivalent),Some prior exposure or self-directed projects helpful,moderately high,No strict prerequisite; demonstrated interest improves fit
SYN-0456,Catalyst Pre-College Center Honors Field School in Cybersecurity,Catalyst Pre-College Center,synthetic_generated,,cybersecurity,computer science;law,cybersecurity;computer science;law;software engineering,skill development;leadership development;hands-on projects,low cost only,online only,remote only,Remote,Remote,Remote,balanced,1 to 2 weeks,2,summer,9,12,independent exploration,1500,yes,no,This summer program helps high school students explore cybersecurity through skill development and leadership development.,cybersecurity;computer science;law;skill development;leadership development,solid,3.2-3.49,Introductory coursework helpful but not required,No formal experience required; beginner exposure helpful,moderate,Math/programming familiarity helpful; projects or coding exposure useful
SYN-0119,Brightwater Institute Elite Workshop Series in Biotechnology,Brightwater Institute,synthetic_generated,,biotechnology,biology;chemistry,biotechnology;biology;chemistry,skill development;career exploration;research experience,must be free,in-person only,South,Houston,Texas,South,balanced,2 to 4 weeks,3,summer,9,12,small class size,0,yes,yes,Students build confidence in biotechnology while developing transferable skills through skill development and career exploration.,biotechnology;biology;chemistry;skill development;career exploration,solid,3.2-3.49,Introductory coursework helpful but not required,No formal experience required; beginner exposure helpful,moderate,No strict prerequisite; demonstrated interest improves fit
SYN-0717,Mosaic Futures Academy Honors College Prep Seminar in Biochemistry,Mosaic Futures Academy,synthetic_generated,,biochemistry,chemistry;biology,biochemistry;chemistry;biology,academic challenge;research experience;skill development,low cost only,online only,remote only,Remote,Remote,Remote,balanced,2 to 4 weeks,4,summer,9,12,faculty mentorship,1500,no,no,This summer program helps high school students explore biochemistry through academic challenge and research experience.,biochemistry;chemistry;biology;academic challenge;research experience,solid,3.2-3.49,Introductory coursework helpful but not required,No formal experience required; beginner exposure helpful,moderate,No strict prerequisite; demonstrated interest improves fit
SYN-0449,Brightwater Institute Advanced Explorers Program in Nursing,Brightwater Institute,synthetic_generated,,nursing,medicine;public health,nursing;medicine;public health;biology,medical exposure;leadership development;career exploration,strongly prefer free,in-person only,South,Houston,Texas,South,competitive,1 to 2 weeks,2,summer,9,12,peer community,750,merit scholarships,yes,"A 1 to 2 weeks pre-college experience focused on nursing, blending medical exposure with leadership development.",nursing;medicine;public health;medical exposure;leadership development,strong,3.5-3.79,Advanced coursework preferred (honors/AP/IB or strong equivalent),Some prior exposure or self-directed projects helpful,moderately high,Biology/chemistry exposure helpful; healthcare interest expected
SYN-0867,Mosaic Futures Academy Young Innovators Pre-College Institute for Electrical Engineering,Mosaic Futures Academy,synthetic_generated,,electrical engineering,physics;robotics,electrical engineering;physics;robotics;mathematics,career exploration;hands-on projects;skill development,strongly prefer free,hybrid,East Coast,Washington,District of Columbia,East Coast,competitive,1 to 2 weeks,1,summer,9,12,project guidance,500,limited,optional,This summer program helps high school students explore electrical engineering through career exploration and hands-on projects.,electrical engineering;physics;robotics;career exploration;hands-on projects,strong,3.5-3.79,Advanced coursework preferred (honors/AP/IB or strong equivalent),Some prior exposure or self-directed projects helpful,moderately high,No strict prerequisite; demonstrated interest improves fit
SYN-0673,Redwood Pathways Institute Future Leaders Pre-College Institute for Biotechnology,Redwood Pathways Institute,synthetic_generated,,biotechnology,biology;chemistry,biotechnology;biology;chemistry,research experience;hands-on projects;career exploration,must be free,in-person only,South,Atlanta,Georgia,South,competitive,4 to 8 weeks,8,summer,9,12,research mentorship,0,merit scholarships,yes,"Designed for motivated teens, this program combines biotechnology content with research experience and hands-on projects.",biotechnology;biology;chemistry;research experience;hands-on projects,strong,3.5-3.79,Advanced coursework preferred (honors/AP/IB or strong equivalent),Some prior exposure or self-directed projects helpful,moderately high,No strict prerequisite; demonstrated interest improves fit
SYN-0676,Skyline Discovery Institute Advanced Summer Academy in Philosophy,Skyline Discovery Institute,synthetic_generated,,philosophy,history;law,philosophy;history;law;political science,academic challenge;meeting like-minded students;college preparation,not a major concern,in-person only,South,Houston,Texas,South,open enrollment,2 to 4 weeks,4,summer,9,12,student mentorship,9200,need-based aid,yes,"A 2 to 4 weeks pre-college experience focused on philosophy, blending academic challenge with meeting like-minded students.",philosophy;history;law;academic challenge;meeting like-minded students,accessible,No formal minimum / 2.5+ preferred,Introductory coursework or demonstrated interest helpful,Open to beginners; no prior experience required,accessible,No strict prerequisite; demonstrated interest improves fit
REAL-0004,Medical Immersion Academy,Georgetown University,real_sourced,https://summer.georgetown.edu/programs/SHS18/medical-immersion-academy/,medicine,pre-med;biology;research,medicine;pre-med;biology;research,medical exposure;career exploration;college preparation,not a major concern,in-person only,East Coast,Washington,District of Columbia,East Coast,very competitive,2 to 4 weeks,3,summer,9,12,faculty mentorship,9540,limited,yes,Three-week medical immersion academy anchored in clinical and biomedical themes.,medicine;pre-med;biology;research;medical exposure;career exploration,exceptional,3.8+,Advanced coursework preferred (honors/AP/IB or strong equivalent),"Some prior projects, research, competitions, or advanced exposure preferred",high,Biology/chemistry exposure helpful; healthcare interest expected
SYN-0845,Summit Forge Academy Frontier Scholars Program in Civil Engineering,Summit Forge Academy,synthetic_generated,,civil engineering,architecture;sustainability,civil engineering;architecture;sustainability,skill development;hands-on projects;social impact,must be free,in-person only,East Coast,New York,New York,East Coast,balanced,1 to 2 weeks,2,summer,9,12,application guidance,0,limited,yes,Students build confidence in civil engineering while developing transferable skills through skill development and hands-on projects.,civil engineering;architecture;sustainability;skill development;hands-on projects,solid,3.2-3.49,Introductory coursework helpful but not required,No formal experience required; beginner exposure helpful,moderate,No strict prerequisite; demonstrated interest improves fit
SYN-0098,Crescent Peak University Young Innovators Leadership Forum in Mathematics,Crescent Peak University,synthetic_generated,,mathematics,statistics;physics,mathematics;statistics;physics,academic challenge;major exploration;skill development,low cost only,online only,remote only,Remote,Remote,Remote,balanced,1 to 2 weeks,2,summer,9,12,project guidance,1200,yes,no,"A 1 to 2 weeks pre-college experience focused on mathematics, blending academic challenge with major exploration.",mathematics;statistics;physics;academic challenge;major exploration,solid,3.2-3.49,Introductory coursework helpful but not required,No formal experience required; beginner exposure helpful,moderate,No strict prerequisite; demonstrated interest improves fit
SYN-0382,Pacific Crest College Prep Future Leaders Scholars Program in Electrical Engineering,Pacific Crest College Prep,synthetic_generated,,electrical engineering,physics;robotics,electrical engineering;physics;robotics;mathematics,academic challenge;hands-on projects;career exploration,must be free,mostly online,East Coast,Philadelphia,Pennsylvania,East Coast,balanced,2 to 4 weeks,3,summer,9,12,application guidance,0,no,optional,"A 2 to 4 weeks pre-college experience focused on electrical engineering, blending academic challenge with hands-on projects.",electrical engineering;physics;robotics;academic challenge;hands-on projects,solid,3.2-3.49,Introductory coursework helpful but not required,No formal experience required; beginner exposure helpful,moderate,No strict prerequisite; demonstrated interest improves fit
SYN-0868,Vertex Learning Center Pioneer Scholars Program in Pharmacy,Vertex Learning Center,synthetic_generated,,pharmacy,chemistry;biochemistry,pharmacy;chemistry;biochemistry,career exploration;college preparation;skill development,not a major concern,hybrid,East Coast,Raleigh,North Carolina,East Coast,competitive,2 to 4 weeks,3,summer,10,12,independent exploration,9200,yes,optional,"Designed for motivated teens, this program combines pharmacy content with career exploration and college preparation.",pharmacy;chemistry;biochemistry;career exploration;college preparation,strong,3.5-3.79,Advanced coursework preferred (honors/AP/IB or strong equivalent),Some prior exposure or self-directed projects helpful,moderately high,Biology/chemistry exposure helpful; healthcare interest expected
SYN-0935,Summit Forge Academy Honors Bootcamp in Sports Management,Summit Forge Academy,synthetic_generated,,sports management,business;marketing,sports management;business;marketing;finance,resume building;leadership development;networking,moderate cost is okay,hybrid,South,Nashville,Tennessee,South,balanced,1 to 2 weeks,2,summer,9,12,project guidance,3800,merit scholarships,optional,Students build confidence in sports management while developing transferable skills through resume building and leadership development.,sports management;business;marketing;resume building;leadership development,solid,3.2-3.49,Foundational coursework helpful but not required,No formal experience required; beginner exposure helpful,moderate,No strict prerequisite; demonstrated interest improves fit
SYN-0892,Pacific Crest College Prep Open Door Pre-College Institute for Marine Biology,Pacific Crest College Prep,synthetic_generated,,marine biology,biology;environmental science,marine biology;biology;environmental science;chemistry,hands-on projects;career exploration;research experience,low cost only,in-person only,East Coast,Boston,Massachusetts,East Coast,balanced,1 to 2 weeks,1,summer,9,12,application guidance,1800,no,yes,This summer program helps high school students explore marine biology through hands-on projects and career exploration.,marine biology;biology;environmental science;hands-on projects;career exploration,solid,3.2-3.49,Foundational coursework helpful but not required,No formal experience required; beginner exposure helpful,moderate,No strict prerequisite; demonstrated interest improves fit
SYN-0593,Sagebrook Academy Young Innovators Summer Academy in Film,Sagebrook Academy,synthetic_generated,,film,arts;creative writing,film;arts;creative writing;design,meeting like-minded students;career exploration;hands-on projects,strongly prefer free,online only,remote only,Remote,Remote,Remote,less competitive,1 to 2 weeks,2,summer,9,12,small class size,750,limited,no,Students build confidence in film while developing transferable skills through meeting like-minded students and career exploration.,film;arts;creative writing;meeting like-minded students;career exploration,average,3.0-3.19,Foundational coursework or portfolio-building experience helpful,Beginner friendly; no prior experience required,moderate-low,"Portfolio, writing samples, or prior creative work may strengthen fit"
SYN-0724,Aurora Youth Research Institute Young Innovators Innovation Studio in Neuroscience,Aurora Youth Research Institute,synthetic_generated,,neuroscience,biology;psychology,neuroscience;biology;psychology;chemistry,major exploration;research experience;academic challenge,not a major concern,online only,remote only,Remote,Remote,Remote,competitive,2 to 4 weeks,3,summer,9,12,student mentorship,13500,limited,no,This summer program helps high school students explore neuroscience through major exploration and research experience.,neuroscience;biology;psychology;major exploration;research experience,strong,3.5-3.79,Advanced coursework preferred (honors/AP/IB or strong equivalent),Some prior exposure or self-directed projects helpful,moderately high,No strict prerequisite; demonstrated interest improves fit
SYN-0836,Cedar Grove Scholars Young Innovators Summer Academy in Entrepreneurship,Cedar Grove Scholars,synthetic_generated,,entrepreneurship,business;marketing,entrepreneurship;business;marketing;finance,leadership development;portfolio building;networking,moderate cost is okay,hybrid,East Coast,New York,New York,East Coast,competitive,4 to 8 weeks,6,summer,9,12,application guidance,2800,merit scholarships,optional,This summer program helps high school students explore entrepreneurship through leadership development and portfolio building.,entrepreneurship;business;marketing;leadership development;portfolio building,strong,3.5-3.79,Relevant introductory coursework or strong extracurricular exposure helpful,Some prior exposure helpful,moderately high,"Quantitative comfort, initiative, or leadership/project experience helpful"
SYN-0705,Meridian Scholars Collective Open Door Bootcamp in Philosophy,Meridian Scholars Collective,synthetic_generated,,philosophy,history;law,philosophy;history;law;political science,major exploration;academic challenge;college preparation,not a major concern,mostly in-person,East Coast,Raleigh,North Carolina,East Coast,competitive,1 to 2 weeks,2,summer,9,12,small class size,9200,yes,yes,Students build confidence in philosophy while developing transferable skills through major exploration and academic challenge.,philosophy;history;law;major exploration;academic challenge,strong,3.5-3.79,Introductory coursework or demonstrated interest helpful,Some prior exposure helpful,moderately high,No strict prerequisite; demonstrated interest improves fit
SYN-0873,Pioneer Horizon University Frontier Bootcamp in Machine Learning,Pioneer Horizon University,synthetic_generated,,machine learning,artificial intelligence;data science,machine learning;artificial intelligence;data science,skill development;portfolio building;research experience,cost matters but flexible,either,East Coast,New York,New York,East Coast,open enrollment,4 to 8 weeks,6,summer,9,12,faculty mentorship,8400,need-based aid,optional,"A 4 to 8 weeks pre-college experience focused on machine learning, blending skill development with portfolio building.",machine learning;artificial intelligence;data science;skill development;portfolio building,accessible,No formal minimum / 2.5+ preferred,Introductory coursework helpful but not required,Open to beginners; no prior experience required,accessible,Math/programming familiarity helpful; projects or coding exposure useful
SYN-0635,Summit Forge Academy Frontier Explorers Program in Journalism,Summit Forge Academy,synthetic_generated,,journalism,creative writing;political science,journalism;creative writing;political science,leadership development;portfolio building;networking,moderate cost is okay,mostly in-person,East Coast,New York,New York,East Coast,competitive,2 to 4 weeks,3,summer,9,12,student mentorship,3200,limited,yes,"A 2 to 4 weeks pre-college experience focused on journalism, blending leadership development with portfolio building.",journalism;creative writing;political science;leadership development;portfolio building,strong,3.5-3.79,Foundational coursework or portfolio-building experience helpful,Beginner-to-intermediate portfolio or prior work helpful,moderately high,"Portfolio, writing samples, or prior creative work may strengthen fit"
SYN-0054,Cobalt Ridge University Global Immersion in Arts,Cobalt Ridge University,synthetic_generated,,arts,design;film,arts;design;film;graphic design,skill development;hands-on projects;meeting like-minded students,moderate cost is okay,mostly in-person,anywhere in the U.S.,Boulder,Colorado,Mountain,open enrollment,2 to 4 weeks,4,summer,8,12,research mentorship,3200,limited,yes,"Designed for motivated teens, this program combines arts content with skill development and hands-on projects.",arts;design;film;skill development;hands-on projects,accessible,No formal minimum / 2.5+ preferred,Foundational coursework or portfolio-building experience helpful,Open to beginners; no prior experience required,accessible,"Portfolio, writing samples, or prior creative work may strengthen fit"
SYN-0675,Meridian Scholars Collective Applied Immersion in Economics,Meridian Scholars Collective,synthetic_generated,,economics,finance;political science,economics;finance;political science,networking;career exploration;academic challenge,moderate cost is okay,mostly in-person,West Coast,San Diego,California,West Coast,balanced,2 to 4 weeks,3,summer,9,12,application guidance,3800,need-based aid,yes,"Designed for motivated teens, this program combines economics content with networking and career exploration.",economics;finance;political science;networking;career exploration,solid,3.2-3.49,Relevant introductory coursework or strong extracurricular exposure helpful,No formal experience required; beginner exposure helpful,moderate,"Quantitative comfort, initiative, or leadership/project experience helpful"
SYN-0767,Lighthouse Prep Academy Open Door Leadership Forum in Game Development,Lighthouse Prep Academy,synthetic_generated,,game development,computer science;design,game development;computer science;design;software engineering,meeting like-minded students;hands-on projects;portfolio building,strongly prefer free,in-person only,Midwest,Chicago,Illinois,Midwest,balanced,4 to 8 weeks,8,summer,8,12,independent exploration,750,yes,yes,"Designed for motivated teens, this program combines game development content with meeting like-minded students and hands-on projects.",game development;computer science;design;meeting like-minded students;hands-on projects,solid,3.2-3.49,Foundational coursework helpful but not required,No formal experience required; beginner exposure helpful,moderate,No strict prerequisite; demonstrated interest improves fit
REAL-0012,Entrepreneurship Academy,Georgetown University,real_sourced,https://summer.georgetown.edu/programs/SHS10/entrepreneurship-academy/,entrepreneurship,business;marketing;leadership,entrepreneurship;business;marketing;leadership,hands-on projects;leadership development;networking,cost matters but flexible,in-person only,East Coast,Washington,District of Columbia,East Coast,competitive,1 to 2 weeks,2,summer,8,12,career guidance,6465,limited,yes,"Two-week startup-focused academy covering prototypes, market research, and social innovation.",entrepreneurship;business;marketing;leadership;hands-on projects;leadership development,strong,3.5-3.79,Relevant introductory coursework or strong extracurricular exposure helpful,Some prior exposure helpful,moderately high,"Quantitative comfort, initiative, or leadership/project experience helpful"
SYN-0503,Sagebrook Academy Global Explorers Program in Political Science,Sagebrook Academy,synthetic_generated,,political science,international relations;law,political science;international relations;law,leadership development;social impact;academic challenge,must be free,either,Arizona,Phoenix,Arizona,Southwest,less competitive,4 to 8 weeks,8,summer,10,12,faculty mentorship,0,no,optional,"Designed for motivated teens, this program combines political science content with leadership development and social impact.",political science;international relations;law;leadership development;social impact,average,3.0-3.19,Introductory coursework or demonstrated interest helpful,Beginner friendly; no prior experience required,moderate-low,No strict prerequisite; demonstrated interest improves fit
SYN-0194,Silverline Summer College Honors College Prep Seminar in Data Science,Silverline Summer College,synthetic_generated,,data science,statistics;computer science,data science;statistics;computer science;mathematics,portfolio building;career exploration;skill development,low cost only,either,West Coast,Los Angeles,California,West Coast,balanced,4 to 8 weeks,8,summer,9,12,independent exploration,1800,no,optional,This summer program helps high school students explore data science through portfolio building and career exploration.,data science;statistics;computer science;portfolio building;career exploration,solid,3.2-3.49,Introductory coursework helpful but not required,No formal experience required; beginner exposure helpful,moderate,Math/programming familiarity helpful; projects or coding exposure useful
SYN-0478,Vertex Learning Center Advanced Immersion in Finance,Vertex Learning Center,synthetic_generated,,finance,economics;business,finance;economics;business,academic challenge;skill development;networking,moderate cost is okay,mostly online,international,Singapore,Singapore,International,competitive,1 to 2 weeks,1,summer,9,12,project guidance,4500,need-based aid,optional,"A 1 to 2 weeks pre-college experience focused on finance, blending academic challenge with skill development.",finance;economics;business;academic challenge;skill development,strong,3.5-3.79,Relevant introductory coursework or strong extracurricular exposure helpful,Some prior exposure helpful,moderately high,"Quantitative comfort, initiative, or leadership/project experience helpful"
SYN-0416,Cedar Grove Scholars Future Leaders Scholars Program in Software Engineering,Cedar Grove Scholars,synthetic_generated,,software engineering,computer science;artificial intelligence,software engineering;computer science;artificial intelligence,portfolio building;career exploration;hands-on projects,moderate cost is okay,mostly online,West Coast,Seattle,Washington,West Coast,less competitive,1 to 2 weeks,1,fall,9,12,faculty mentorship,2800,no,optional,"A 1 to 2 weeks pre-college experience focused on software engineering, blending portfolio building with career exploration.",software engineering;computer science;artificial intelligence;portfolio building;career exploration,average,3.0-3.19,Introductory coursework helpful but not required,Beginner friendly; no prior experience required,moderate-low,Math/programming familiarity helpful; projects or coding exposure useful
SYN-0900,Compass Youth University Discovery Explorers Program in Nursing,Compass Youth University,synthetic_generated,,nursing,medicine;public health,nursing;medicine;public health;biology,career exploration;medical exposure;hands-on projects,low cost only,in-person only,Midwest,Chicago,Illinois,Midwest,less competitive,2 to 4 weeks,3,summer,9,12,career guidance,1500,need-based aid,yes,This summer program helps high school students explore nursing through career exploration and medical exposure.,nursing;medicine;public health;career exploration;medical exposure,average,3.0-3.19,Introductory coursework helpful but not required,Beginner friendly; no prior experience required,moderate-low,Biology/chemistry exposure helpful; healthcare interest expected
SYN-0327,Mosaic Futures Academy Frontier Leadership Forum in Electrical Engineering,Mosaic Futures Academy,synthetic_generated,,electrical engineering,physics;robotics,electrical engineering;physics;robotics;mathematics,academic challenge;hands-on projects;career exploration,cost matters but flexible,in-person only,East Coast,Pittsburgh,Pennsylvania,East Coast,competitive,4 to 8 weeks,6,summer,9,12,independent exploration,6100,limited,yes,This summer program helps high school students explore electrical engineering through academic challenge and hands-on projects.,electrical engineering;physics;robotics;academic challenge;hands-on projects,strong,3.5-3.79,Advanced coursework preferred (honors/AP/IB or strong equivalent),Some prior exposure or self-directed projects helpful,moderately high,No strict prerequisite; demonstrated interest improves fit
SYN-0331,Northstar Future Institute Future Leaders Summer Academy in Nursing,Northstar Future Institute,synthetic_generated,,nursing,medicine;public health,nursing;medicine;public health;biology,medical exposure;leadership development;hands-on projects,strongly prefer free,hybrid,South,Houston,Texas,South,balanced,2 to 4 weeks,3,summer,9,12,independent exploration,350,need-based aid,optional,Students build confidence in nursing while developing transferable skills through medical exposure and leadership development.,nursing;medicine;public health;medical exposure;leadership development,solid,3.2-3.49,Introductory coursework helpful but not required,No formal experience required; beginner exposure helpful,moderate,Biology/chemistry exposure helpful; healthcare interest expected
SYN-0002,Blue Mesa Scholars Academy Pioneer Innovation Studio in Entrepreneurship,Blue Mesa Scholars Academy,synthetic_generated,,entrepreneurship,business;marketing,entrepreneurship;business;marketing;finance,hands-on projects;portfolio building;networking,cost matters but flexible,in-person only,Midwest,Ann Arbor,Michigan,Midwest,competitive,2 to 4 weeks,3,summer,9,12,faculty mentorship,8400,limited,yes,"A 2 to 4 weeks pre-college experience focused on entrepreneurship, blending hands-on projects with portfolio building.",entrepreneurship;business;marketing;hands-on projects;portfolio building,strong,3.5-3.79,Relevant introductory coursework or strong extracurricular exposure helpful,Some prior exposure helpful,moderately high,"Quantitative comfort, initiative, or leadership/project experience helpful"
SYN-0547,Riverview Innovation Lab Frontier College Prep Seminar in Biochemistry,Riverview Innovation Lab,synthetic_generated,,biochemistry,chemistry;biology,biochemistry;chemistry;biology,research experience;career exploration;academic challenge,moderate cost is okay,hybrid,Arizona,Phoenix,Arizona,Southwest,very competitive,4 to 8 weeks,8,summer,9,12,project guidance,3200,limited,optional,Students build confidence in biochemistry while developing transferable skills through research experience and career exploration.,biochemistry;chemistry;biology;research experience;career exploration,exceptional,3.8+,Advanced coursework preferred (honors/AP/IB or strong equivalent),"Some prior projects, research, competitions, or advanced exposure preferred",high,No strict prerequisite; demonstrated interest improves fit
SYN-0893,Sagebrook Academy Advanced Leadership Forum in Marketing,Sagebrook Academy,synthetic_generated,,marketing,business;design,marketing;business;design;finance,portfolio building;networking;leadership development,cost matters but flexible,either,South,Atlanta,Georgia,South,open enrollment,4 to 8 weeks,8,summer,9,12,student mentorship,8400,need-based aid,optional,This summer program helps high school students explore marketing through portfolio building and networking.,marketing;business;design;portfolio building;networking,accessible,No formal minimum / 2.5+ preferred,Relevant introductory coursework or strong extracurricular exposure helpful,Open to beginners; no prior experience required,accessible,"Quantitative comfort, initiative, or leadership/project experience helpful"
SYN-0633,Pioneer Horizon University Applied Workshop Series in Nursing,Pioneer Horizon University,synthetic_generated,,nursing,medicine;public health,nursing;medicine;public health;biology,hands-on projects;medical exposure;leadership development,strongly prefer free,in-person only,West Coast,San Diego,California,West Coast,less competitive,1 to 2 weeks,2,summer,9,12,independent exploration,500,yes,yes,"Designed for motivated teens, this program combines nursing content with hands-on projects and medical exposure.",nursing;medicine;public health;hands-on projects;medical exposure,average,3.0-3.19,Introductory coursework helpful but not required,Beginner friendly; no prior experience required,moderate-low,Biology/chemistry exposure helpful; healthcare interest expected
SYN-0748,Vertex Learning Center Discovery Scholars Program in Aerospace Engineering,Vertex Learning Center,synthetic_generated,,aerospace engineering,physics;mechanical engineering,aerospace engineering;physics;mechanical engineering;mathematics,skill development;hands-on projects;academic challenge,must be free,mostly online,international,Oxford,England,International,less competitive,1 to 2 weeks,2,summer,9,12,faculty mentorship,0,no,optional,"Designed for motivated teens, this program combines aerospace engineering content with skill development and hands-on projects.",aerospace engineering;physics;mechanical engineering;skill development;hands-on projects,average,3.0-3.19,Introductory coursework helpful but not required,Beginner friendly; no prior experience required,moderate-low,No strict prerequisite; demonstrated interest improves fit
SYN-0895,Urban Horizon Institute Open Door Summer Academy in Graphic Design,Urban Horizon Institute,synthetic_generated,,graphic design,design;marketing,graphic design;design;marketing,career exploration;portfolio building;hands-on projects,not a major concern,mostly online,South,Houston,Texas,South,balanced,4 to 8 weeks,6,summer,9,12,career guidance,13500,need-based aid,optional,"A 4 to 8 weeks pre-college experience focused on graphic design, blending career exploration with portfolio building.",graphic design;design;marketing;career exploration;portfolio building,solid,3.2-3.49,Foundational coursework or portfolio-building experience helpful,No formal experience required; beginner exposure helpful,moderate,"Portfolio, writing samples, or prior creative work may strengthen fit"
SYN-0579,Prairie Stone Scholars Program Advanced College Prep Seminar in Public Health,Prairie Stone Scholars Program,synthetic_generated,,public health,medicine;biology,public health;medicine;biology,career exploration;leadership development;research experience,not a major concern,mostly online,anywhere in the U.S.,Denver,Colorado,Mountain,very competitive,2 to 4 weeks,4,summer,9,12,student mentorship,9200,need-based aid,optional,"A 2 to 4 weeks pre-college experience focused on public health, blending career exploration with leadership development.",public health;medicine;biology;career exploration;leadership development,exceptional,3.8+,Introductory coursework or demonstrated interest helpful,Demonstrated sustained interest and prior exposure preferred,high,Biology/chemistry exposure helpful; healthcare interest expected
SYN-0093,Pioneer Horizon University Future Leaders College Prep Seminar in Marketing,Pioneer Horizon University,synthetic_generated,,marketing,business;design,marketing;business;design;finance,career exploration;portfolio building;networking,cost matters but flexible,in-person only,East Coast,New York,New York,East Coast,open enrollment,4 to 8 weeks,6,summer,9,12,independent exploration,8400,need-based aid,yes,This summer program helps high school students explore marketing through career exploration and portfolio building.,marketing;business;design;career exploration;portfolio building,accessible,No formal minimum / 2.5+ preferred,Relevant introductory coursework or strong extracurricular exposure helpful,Open to beginners; no prior experience required,accessible,"Quantitative comfort, initiative, or leadership/project experience helpful"
SYN-0049,Bridgewater Youth Academy Pioneer Leadership Forum in Mathematics,Bridgewater Youth Academy,synthetic_generated,,mathematics,statistics;physics,mathematics;statistics;physics,college preparation;skill development;major exploration,moderate cost is okay,mostly online,West Coast,Los Angeles,California,West Coast,less competitive,2 to 4 weeks,4,summer,9,12,application guidance,3200,merit scholarships,optional,"A 2 to 4 weeks pre-college experience focused on mathematics, blending college preparation with skill development.",mathematics;statistics;physics;college preparation;skill development,average,3.0-3.19,Introductory coursework helpful but not required,Beginner friendly; no prior experience required,moderate-low,No strict prerequisite; demonstrated interest improves fit
REAL-0049,NSLC Business & Entrepreneurship - University of Michigan,National Student Leadership Conference,real_sourced,https://www.nslcleaders.org/summer-program-locations/michigan-high-school-summer-programs/,entrepreneurship,business;marketing;leadership,entrepreneurship;business;marketing;leadership,hands-on projects;leadership development;networking,moderate cost is okay,in-person only,Midwest,Ann Arbor,Michigan,Midwest,balanced,1 to 2 weeks,1.3,summer,9,12,peer community,4195,scholarships available,yes,Residential NSLC pre-college program in business & entrepreneurship hosted on the University of Michigan campus.,entrepreneurship;business;marketing;leadership;hands-on projects;leadership development,solid,3.2-3.49,Relevant introductory coursework or strong extracurricular exposure helpful,No formal experience required; beginner exposure helpful,moderate,"Quantitative comfort, initiative, or leadership/project experience helpful"
SYN-0710,Granite Point Institute Foundations Leadership Forum in Leadership,Granite Point Institute,synthetic_generated,,leadership,social impact;business,leadership;social impact;business,meeting like-minded students;college preparation;networking,strongly prefer free,online only,remote only,Remote,Remote,Remote,competitive,1 to 2 weeks,1,summer,9,12,student mentorship,350,limited,no,This summer program helps high school students explore leadership through meeting like-minded students and college preparation.,leadership;social impact;business;meeting like-minded students;college preparation,strong,3.5-3.79,Introductory coursework or demonstrated interest helpful,Some prior exposure helpful,moderately high,No strict prerequisite; demonstrated interest improves fit
SYN-0030,Compass Youth University Frontier Immersion in Medicine,Compass Youth University,synthetic_generated,,medicine,biology;public health,medicine;biology;public health;chemistry,hands-on projects;career exploration;college preparation,not a major concern,mostly in-person,East Coast,New York,New York,East Coast,balanced,1 to 2 weeks,1,summer,9,12,student mentorship,13500,limited,yes,"A 1 to 2 weeks pre-college experience focused on medicine, blending hands-on projects with career exploration.",medicine;biology;public health;hands-on projects;career exploration,solid,3.2-3.49,Introductory coursework helpful but not required,No formal experience required; beginner exposure helpful,moderate,Biology/chemistry exposure helpful; healthcare interest expected
SYN-0442,Pacific Crest College Prep Pioneer Innovation Studio in History,Pacific Crest College Prep,synthetic_generated,,history,political science;philosophy,history;political science;philosophy;international relations,major exploration;leadership development;college preparation,cost matters but flexible,hybrid,international,Singapore,Singapore,International,open enrollment,1 to 2 weeks,1,summer,9,12,project guidance,5200,yes,optional,Students build confidence in history while developing transferable skills through major exploration and leadership development.,history;political science;philosophy;major exploration;leadership development,accessible,No formal minimum / 2.5+ preferred,Introductory coursework or demonstrated interest helpful,Open to beginners; no prior experience required,accessible,No strict prerequisite; demonstrated interest improves fit
SYN-0458,Crescent Peak University Honors Leadership Forum in Machine Learning,Crescent Peak University,synthetic_generated,,machine learning,artificial intelligence;data science,machine learning;artificial intelligence;data science,hands-on projects;skill development;research experience,low cost only,online only,remote only,Remote,Remote,Remote,balanced,2 to 4 weeks,3,summer,9,12,project guidance,1200,no,no,"A 2 to 4 weeks pre-college experience focused on machine learning, blending hands-on projects with skill development.",machine learning;artificial intelligence;data science;hands-on projects;skill development,solid,3.2-3.49,Introductory coursework helpful but not required,No formal experience required; beginner exposure helpful,moderate,Math/programming familiarity helpful; projects or coding exposure useful
SYN-0078,Orbit Learning Institute Applied Field School in Robotics,Orbit Learning Institute,synthetic_generated,,robotics,mechanical engineering;electrical engineering,robotics;mechanical engineering;electrical engineering,career exploration;hands-on projects;academic challenge,must be free,in-person only,Midwest,Madison,Wisconsin,Midwest,very competitive,4 to 8 weeks,6,summer,9,12,independent exploration,0,need-based aid,yes,"A 4 to 8 weeks pre-college experience focused on robotics, blending career exploration with hands-on projects.",robotics;mechanical engineering;electrical engineering;career exploration;hands-on projects,exceptional,3.8+,Advanced coursework preferred (honors/AP/IB or strong equivalent),"Some prior projects, research, competitions, or advanced exposure preferred",high,Math/programming familiarity helpful; projects or coding exposure useful
SYN-0818,Crescent Peak University Future Leaders Explorers Program in Fashion Design,Crescent Peak University,synthetic_generated,,fashion design,design;arts,fashion design;design;arts;graphic design,career exploration;networking;hands-on projects,must be free,mostly online,West Coast,Portland,Oregon,West Coast,open enrollment,1 to 2 weeks,1,summer,8,12,faculty mentorship,0,no,optional,"Designed for motivated teens, this program combines fashion design content with career exploration and networking.",fashion design;design;arts;career exploration;networking,accessible,No formal minimum / 2.5+ preferred,Foundational coursework helpful but not required,Open to beginners; no prior experience required,accessible,No strict prerequisite; demonstrated interest improves fit
SYN-0862,Pacific Crest College Prep Open Door Innovation Studio in Cybersecurity,Pacific Crest College Prep,synthetic_generated,,cybersecurity,computer science;law,cybersecurity;computer science;law;software engineering,skill development;hands-on projects;career exploration,strongly prefer free,either,Midwest,Chicago,Illinois,Midwest,balanced,1 to 2 weeks,1,summer,9,12,student mentorship,500,yes,optional,"Designed for motivated teens, this program combines cybersecurity content with skill development and hands-on projects.",cybersecurity;computer science;law;skill development;hands-on projects,solid,3.2-3.49,Introductory coursework helpful but not required,No formal experience required; beginner exposure helpful,moderate,Math/programming familiarity helpful; projects or coding exposure useful
SYN-0345,Meridian Scholars Collective Pioneer Workshop Series in Biomedical Engineering,Meridian Scholars Collective,synthetic_generated,,biomedical engineering,medicine;mechanical engineering,biomedical engineering;medicine;mechanical engineering;biology,career exploration;research experience;hands-on projects,must be free,online only,remote only,Remote,Remote,Remote,open enrollment,4 to 8 weeks,6,summer,10,12,application guidance,0,need-based aid,no,"A 4 to 8 weeks pre-college experience focused on biomedical engineering, blending career exploration with research experience.",biomedical engineering;medicine;mechanical engineering;career exploration;research experience,accessible,No formal minimum / 2.5+ preferred,Introductory coursework helpful but not required,Open to beginners; no prior experience required,accessible,No strict prerequisite; demonstrated interest improves fit
SYN-0534,Cobalt Ridge University Future Leaders Scholars Program in International Relations,Cobalt Ridge University,synthetic_generated,,international relations,political science;law,international relations;political science;law,social impact;leadership development;networking,must be free,in-person only,East Coast,Washington,District of Columbia,East Coast,competitive,1 to 2 weeks,2,summer,10,12,faculty mentorship,0,limited,yes,"Designed for motivated teens, this program combines international relations content with social impact and leadership development.",international relations;political science;law;social impact;leadership development,strong,3.5-3.79,Introductory coursework or demonstrated interest helpful,Some prior exposure helpful,moderately high,No strict prerequisite; demonstrated interest improves fit
SYN-0375,Meridian Scholars Collective Global Bootcamp in Pharmacy,Meridian Scholars Collective,synthetic_generated,,pharmacy,chemistry;biochemistry,pharmacy;chemistry;biochemistry,research experience;career exploration;skill development,must be free,mostly online,East Coast,Providence,Rhode Island,East Coast,open enrollment,1 to 2 weeks,2,summer,10,12,research mentorship,0,yes,optional,"Designed for motivated teens, this program combines pharmacy content with research experience and career exploration.",pharmacy;chemistry;biochemistry;research experience;career exploration,accessible,No formal minimum / 2.5+ preferred,Introductory coursework helpful but not required,Open to beginners; no prior experience required,accessible,Biology/chemistry exposure helpful; healthcare interest expected
SYN-0535,Urban Horizon Institute Elite Explorers Program in Pharmacy,Urban Horizon Institute,synthetic_generated,,pharmacy,chemistry;biochemistry,pharmacy;chemistry;biochemistry,career exploration;research experience;skill development,must be free,in-person only,South,Houston,Texas,South,open enrollment,2 to 4 weeks,4,summer,10,12,independent exploration,0,limited,yes,This summer program helps high school students explore pharmacy through career exploration and research experience.,pharmacy;chemistry;biochemistry;career exploration;research experience,accessible,No formal minimum / 2.5+ preferred,Introductory coursework helpful but not required,Open to beginners; no prior experience required,accessible,Biology/chemistry exposure helpful; healthcare interest expected
SYN-0701,Evergreen Future Lab Frontier Leadership Forum in Game Development,Evergreen Future Lab,synthetic_generated,,game development,computer science;design,game development;computer science;design;software engineering,portfolio building;hands-on projects;meeting like-minded students,cost matters but flexible,hybrid,West Coast,Seattle,Washington,West Coast,less competitive,1 to 2 weeks,1,summer,8,12,student mentorship,8400,no,optional,"A 1 to 2 weeks pre-college experience focused on game development, blending portfolio building with hands-on projects.",game development;computer science;design;portfolio building;hands-on projects,average,3.0-3.19,Foundational coursework helpful but not required,Beginner friendly; no prior experience required,moderate-low,No strict prerequisite; demonstrated interest improves fit
SYN-0206,Cedar Grove Scholars Young Innovators Bootcamp in Marketing,Cedar Grove Scholars,synthetic_generated,,marketing,business;design,marketing;business;design;finance,portfolio building;networking;career exploration,cost matters but flexible,mostly online,South,Houston,Texas,South,balanced,1 to 2 weeks,2,summer,9,12,student mentorship,7200,limited,optional,Students build confidence in marketing while developing transferable skills through portfolio building and networking.,marketing;business;design;portfolio building;networking,solid,3.2-3.49,Relevant introductory coursework or strong extracurricular exposure helpful,No formal experience required; beginner exposure helpful,moderate,"Quantitative comfort, initiative, or leadership/project experience helpful"
SYN-0488,Crescent Peak University Applied Immersion in Robotics,Crescent Peak University,synthetic_generated,,robotics,mechanical engineering;electrical engineering,robotics;mechanical engineering;electrical engineering,career exploration;hands-on projects;academic challenge,not a major concern,in-person only,Midwest,Madison,Wisconsin,Midwest,balanced,1 to 2 weeks,2,summer,9,12,research mentorship,9200,need-based aid,yes,"A 1 to 2 weeks pre-college experience focused on robotics, blending career exploration with hands-on projects.",robotics;mechanical engineering;electrical engineering;career exploration;hands-on projects,solid,3.2-3.49,Introductory coursework helpful but not required,No formal experience required; beginner exposure helpful,moderate,Math/programming familiarity helpful; projects or coding exposure useful
SYN-0911,Evergreen Future Lab Applied Bootcamp in Philosophy,Evergreen Future Lab,synthetic_generated,,philosophy,history;law,philosophy;history;law;political science,meeting like-minded students;major exploration;college preparation,moderate cost is okay,mostly in-person,international,Singapore,Singapore,International,balanced,4 to 8 weeks,6,summer,9,12,research mentorship,4500,need-based aid,yes,Students build confidence in philosophy while developing transferable skills through meeting like-minded students and major exploration.,philosophy;history;law;meeting like-minded students;major exploration,solid,3.2-3.49,Introductory coursework or demonstrated interest helpful,No formal experience required; beginner exposure helpful,moderate,No strict prerequisite; demonstrated interest improves fit
SYN-0699,Prairie Stone Scholars Program Open Door Explorers Program in Robotics,Prairie Stone Scholars Program,synthetic_generated,,robotics,mechanical engineering;electrical engineering,robotics;mechanical engineering;electrical engineering,academic challenge;skill development;career exploration,strongly prefer free,in-person only,international,Toronto,Canada,International,open enrollment,4 to 8 weeks,8,summer,9,12,application guidance,750,need-based aid,yes,"Designed for motivated teens, this program combines robotics content with academic challenge and skill development.",robotics;mechanical engineering;electrical engineering;academic challenge;skill development,accessible,No formal minimum / 2.5+ preferred,Introductory coursework helpful but not required,Open to beginners; no prior experience required,accessible,Math/programming familiarity helpful; projects or coding exposure useful
SYN-0189,Prairie Stone Scholars Program Frontier Pre-College Institute for Software Engineering,Prairie Stone Scholars Program,synthetic_generated,,software engineering,computer science;artificial intelligence,software engineering;computer science;artificial intelligence,career exploration;skill development;hands-on projects,moderate cost is okay,in-person only,international,Toronto,Canada,International,less competitive,4 to 8 weeks,6,summer,9,12,small class size,2800,no,yes,"A 4 to 8 weeks pre-college experience focused on software engineering, blending career exploration with skill development.",software engineering;computer science;artificial intelligence;career exploration;skill development,average,3.0-3.19,Introductory coursework helpful but not required,Beginner friendly; no prior experience required,moderate-low,Math/programming familiarity helpful; projects or coding exposure useful
SYN-0929,Brightwater Institute Honors Immersion in Mechanical Engineering,Brightwater Institute,synthetic_generated,,mechanical engineering,robotics;civil engineering,mechanical engineering;robotics;civil engineering,career exploration;academic challenge;hands-on projects,low cost only,mostly in-person,South,Houston,Texas,South,competitive,4 to 8 weeks,6,summer,9,12,peer community,1500,limited,yes,Students build confidence in mechanical engineering while developing transferable skills through career exploration and academic challenge.,mechanical engineering;robotics;civil engineering;career exploration;academic challenge,strong,3.5-3.79,Advanced coursework preferred (honors/AP/IB or strong equivalent),Some prior exposure or self-directed projects helpful,moderately high,No strict prerequisite; demonstrated interest improves fit
SYN-0208,Vertex Learning Center Future Leaders College Prep Seminar in Law,Vertex Learning Center,synthetic_generated,,law,political science;history,law;political science;history;international relations,career exploration;academic challenge;resume building,must be free,hybrid,West Coast,San Francisco,California,West Coast,very competitive,4 to 8 weeks,6,summer,10,12,peer community,0,yes,optional,"A 4 to 8 weeks pre-college experience focused on law, blending career exploration with academic challenge.",law;political science;history;career exploration;academic challenge,exceptional,3.8+,Introductory coursework or demonstrated interest helpful,Demonstrated sustained interest and prior exposure preferred,high,No strict prerequisite; demonstrated interest improves fit
SYN-0083,Sagebrook Academy Pioneer Innovation Studio in Pre-Med,Sagebrook Academy,synthetic_generated,,pre-med,medicine;biology,pre-med;medicine;biology,college preparation;research experience;medical exposure,not a major concern,in-person only,Midwest,Madison,Wisconsin,Midwest,less competitive,4 to 8 weeks,6,summer,9,12,peer community,9200,no,yes,This summer program helps high school students explore pre-med through college preparation and research experience.,pre-med;medicine;biology;college preparation;research experience,average,3.0-3.19,Introductory coursework helpful but not required,Beginner friendly; no prior experience required,moderate-low,Biology/chemistry exposure helpful; healthcare interest expected
SYN-0406,Skyline Discovery Institute Elite Workshop Series in Physics,Skyline Discovery Institute,synthetic_generated,,physics,mathematics;engineering,physics;mathematics;engineering;statistics,hands-on projects;research experience;academic challenge,not a major concern,in-person only,Midwest,Ann Arbor,Michigan,Midwest,less competitive,4 to 8 weeks,6,summer,9,12,research mentorship,13500,no,yes,This summer program helps high school students explore physics through hands-on projects and research experience.,physics;mathematics;engineering;hands-on projects;research experience,average,3.0-3.19,Introductory coursework helpful but not required,Beginner friendly; no prior experience required,moderate-low,No strict prerequisite; demonstrated interest improves fit
SYN-0595,Urban Horizon Institute Honors Field School in Design,Urban Horizon Institute,synthetic_generated,,design,graphic design;entrepreneurship,design;graphic design;entrepreneurship,hands-on projects;portfolio building;skill development,must be free,hybrid,South,Houston,Texas,South,less competitive,1 to 2 weeks,1,summer,9,12,student mentorship,0,no,optional,"A 1 to 2 weeks pre-college experience focused on design, blending hands-on projects with portfolio building.",design;graphic design;entrepreneurship;hands-on projects;portfolio building,average,3.0-3.19,Foundational coursework or portfolio-building experience helpful,Beginner friendly; no prior experience required,moderate-low,"Portfolio, writing samples, or prior creative work may strengthen fit"
SYN-0342,Maple Bridge Academy Foundations College Prep Seminar in Biomedical Engineering,Maple Bridge Academy,synthetic_generated,,biomedical engineering,medicine;mechanical engineering,biomedical engineering;medicine;mechanical engineering;biology,career exploration;hands-on projects;research experience,low cost only,in-person only,East Coast,Raleigh,North Carolina,East Coast,competitive,1 to 2 weeks,1,summer,10,12,student mentorship,2200,merit scholarships,yes,Students build confidence in biomedical engineering while developing transferable skills through career exploration and hands-on projects.,biomedical engineering;medicine;mechanical engineering;career exploration;hands-on projects,strong,3.5-3.79,Advanced coursework preferred (honors/AP/IB or strong equivalent),Some prior exposure or self-directed projects helpful,moderately high,No strict prerequisite; demonstrated interest improves fit
SYN-0448,Vertex Learning Center Foundations Pre-College Institute for Journalism,Vertex Learning Center,synthetic_generated,,journalism,creative writing;political science,journalism;creative writing;political science,leadership development;career exploration;networking,low cost only,mostly in-person,Midwest,Chicago,Illinois,Midwest,competitive,1 to 2 weeks,1,summer,9,12,faculty mentorship,1500,merit scholarships,yes,This summer program helps high school students explore journalism through leadership development and career exploration.,journalism;creative writing;political science;leadership development;career exploration,strong,3.5-3.79,Foundational coursework or portfolio-building experience helpful,Beginner-to-intermediate portfolio or prior work helpful,moderately high,"Portfolio, writing samples, or prior creative work may strengthen fit"
SYN-0608,Crescent Peak University Honors College Prep Seminar in Genetics,Crescent Peak University,synthetic_generated,,genetics,biology;biotechnology,genetics;biology;biotechnology;chemistry,college preparation;research experience;career exploration,strongly prefer free,mostly in-person,Midwest,Chicago,Illinois,Midwest,competitive,2 to 4 weeks,4,summer,9,12,career guidance,350,merit scholarships,yes,Students build confidence in genetics while developing transferable skills through college preparation and research experience.,genetics;biology;biotechnology;college preparation;research experience,strong,3.5-3.79,Advanced coursework preferred (honors/AP/IB or strong equivalent),Some prior exposure or self-directed projects helpful,moderately high,No strict prerequisite; demonstrated interest improves fit
SYN-0154,Aurora Youth Research Institute Elite Pre-College Institute for Chemistry,Aurora Youth Research Institute,synthetic_generated,,chemistry,biochemistry;research,chemistry;biochemistry;research,academic challenge;research experience;college preparation,not a major concern,mostly in-person,East Coast,New York,New York,East Coast,balanced,2 to 4 weeks,3,summer,9,12,career guidance,9200,no,yes,"A 2 to 4 weeks pre-college experience focused on chemistry, blending academic challenge with research experience.",chemistry;biochemistry;research;academic challenge;research experience,solid,3.2-3.49,Introductory coursework helpful but not required,No formal experience required; beginner exposure helpful,moderate,No strict prerequisite; demonstrated interest improves fit
SYN-0259,Bridgewater Youth Academy Discovery Innovation Studio in Chemistry,Bridgewater Youth Academy,synthetic_generated,,chemistry,biochemistry;research,chemistry;biochemistry;research,college preparation;hands-on projects;academic challenge,strongly prefer free,either,South,Austin,Texas,South,less competitive,4 to 8 weeks,8,summer,9,12,small class size,500,need-based aid,optional,Students build confidence in chemistry while developing transferable skills through college preparation and hands-on projects.,chemistry;biochemistry;research;college preparation;hands-on projects,average,3.0-3.19,Introductory coursework helpful but not required,Beginner friendly; no prior experience required,moderate-low,No strict prerequisite; demonstrated interest improves fit
SYN-0672,Maple Bridge Academy Pioneer Field School in Arts,Maple Bridge Academy,synthetic_generated,,arts,design;film,arts;design;film;graphic design,meeting like-minded students;skill development;portfolio building,cost matters but flexible,hybrid,West Coast,San Diego,California,West Coast,balanced,1 to 2 weeks,1,summer,8,12,independent exploration,6100,need-based aid,optional,"Designed for motivated teens, this program combines arts content with meeting like-minded students and skill development.",arts;design;film;meeting like-minded students;skill development,solid,3.2-3.49,Foundational coursework or portfolio-building experience helpful,No formal experience required; beginner exposure helpful,moderate,"Portfolio, writing samples, or prior creative work may strengthen fit"
SYN-0517,Riverview Innovation Lab Applied Pre-College Institute for Graphic Design,Riverview Innovation Lab,synthetic_generated,,graphic design,design;marketing,graphic design;design;marketing,hands-on projects;portfolio building;skill development,cost matters but flexible,hybrid,East Coast,Pittsburgh,Pennsylvania,East Coast,balanced,4 to 8 weeks,6,summer,9,12,application guidance,5200,need-based aid,optional,This summer program helps high school students explore graphic design through hands-on projects and portfolio building.,graphic design;design;marketing;hands-on projects;portfolio building,solid,3.2-3.49,Foundational coursework or portfolio-building experience helpful,No formal experience required; beginner exposure helpful,moderate,"Portfolio, writing samples, or prior creative work may strengthen fit"
SYN-0153,Pioneer Horizon University Foundations Immersion in Game Development,Pioneer Horizon University,synthetic_generated,,game development,computer science;design,game development;computer science;design;software engineering,portfolio building;hands-on projects;meeting like-minded students,must be free,hybrid,international,Oxford,England,International,balanced,1 to 2 weeks,2,summer,8,12,peer community,0,need-based aid,optional,This summer program helps high school students explore game development through portfolio building and hands-on projects.,game development;computer science;design;portfolio building;hands-on projects,solid,3.2-3.49,Foundational coursework helpful but not required,No formal experience required; beginner exposure helpful,moderate,No strict prerequisite; demonstrated interest improves fit
SYN-0004,Aurora Youth Research Institute Advanced Innovation Studio in Leadership,Aurora Youth Research Institute,synthetic_generated,,leadership,social impact;business,leadership;social impact;business,networking;college preparation;leadership development,strongly prefer free,in-person only,international,Toronto,Canada,International,very competitive,1 to 2 weeks,1,summer,9,12,independent exploration,500,merit scholarships,yes,"A 1 to 2 weeks pre-college experience focused on leadership, blending networking with college preparation.",leadership;social impact;business;networking;college preparation,exceptional,3.8+,Introductory coursework or demonstrated interest helpful,Demonstrated sustained interest and prior exposure preferred,high,No strict prerequisite; demonstrated interest improves fit
SYN-0211,Northstar Future Institute Future Leaders College Prep Seminar in Marine Biology,Northstar Future Institute,synthetic_generated,,marine biology,biology;environmental science,marine biology;biology;environmental science;chemistry,hands-on projects;research experience;career exploration,moderate cost is okay,mostly in-person,South,Nashville,Tennessee,South,less competitive,4 to 8 weeks,8,summer,9,12,application guidance,3200,need-based aid,yes,"A 4 to 8 weeks pre-college experience focused on marine biology, blending hands-on projects with research experience.",marine biology;biology;environmental science;hands-on projects;research experience,average,3.0-3.19,Foundational coursework helpful but not required,Beginner friendly; no prior experience required,moderate-low,No strict prerequisite; demonstrated interest improves fit
SYN-0347,Lighthouse Prep Academy Future Leaders Bootcamp in Political Science,Lighthouse Prep Academy,synthetic_generated,,political science,international relations;law,political science;international relations;law,academic challenge;leadership development;social impact,not a major concern,either,South,Austin,Texas,South,balanced,2 to 4 weeks,4,summer,10,12,research mentorship,11800,limited,optional,Students build confidence in political science while developing transferable skills through academic challenge and leadership development.,political science;international relations;law;academic challenge;leadership development,solid,3.2-3.49,Introductory coursework or demonstrated interest helpful,No formal experience required; beginner exposure helpful,moderate,No strict prerequisite; demonstrated interest improves fit
SYN-0260,Granite Point Institute Elite Immersion in Robotics,Granite Point Institute,synthetic_generated,,robotics,mechanical engineering;electrical engineering,robotics;mechanical engineering;electrical engineering,skill development;hands-on projects;academic challenge,must be free,mostly online,East Coast,Providence,Rhode Island,East Coast,less competitive,1 to 2 weeks,2,summer,9,12,research mentorship,0,no,optional,Students build confidence in robotics while developing transferable skills through skill development and hands-on projects.,robotics;mechanical engineering;electrical engineering;skill development;hands-on projects,average,3.0-3.19,Introductory coursework helpful but not required,Beginner friendly; no prior experience required,moderate-low,Math/programming familiarity helpful; projects or coding exposure useful
SYN-0761,Evergreen Future Lab Global Workshop Series in Arts,Evergreen Future Lab,synthetic_generated,,arts,design;film,arts;design;film;graphic design,skill development;portfolio building;meeting like-minded students,must be free,in-person only,international,Singapore,Singapore,International,very competitive,1 to 2 weeks,1,summer,8,12,student mentorship,0,no,yes,This summer program helps high school students explore arts through skill development and portfolio building.,arts;design;film;skill development;portfolio building,exceptional,3.8+,Foundational coursework or portfolio-building experience helpful,"Strong prior experience, portfolio, or sustained work preferred",high,"Portfolio, writing samples, or prior creative work may strengthen fit"
SYN-0919,Bridgewater Youth Academy Elite College Prep Seminar in Economics,Bridgewater Youth Academy,synthetic_generated,,economics,finance;political science,economics;finance;political science,career exploration;academic challenge;leadership development,low cost only,either,Midwest,Madison,Wisconsin,Midwest,competitive,2 to 4 weeks,4,summer,9,12,student mentorship,1200,limited,optional,This summer program helps high school students explore economics through career exploration and academic challenge.,economics;finance;political science;career exploration;academic challenge,strong,3.5-3.79,Relevant introductory coursework or strong extracurricular exposure helpful,Some prior exposure helpful,moderately high,"Quantitative comfort, initiative, or leadership/project experience helpful"
SYN-0778,Vertex Learning Center Global Leadership Forum in Research,Vertex Learning Center,synthetic_generated,,research,biology;computer science,research;biology;computer science;chemistry,research experience;mentorship;academic challenge,strongly prefer free,mostly in-person,East Coast,Philadelphia,Pennsylvania,East Coast,very competitive,2 to 4 weeks,4,winter,10,12,small class size,500,merit scholarships,yes,This winter program helps high school students explore research through research experience and mentorship.,research;biology;computer science;research experience;mentorship,exceptional,3.8+,Foundational coursework helpful but not required,Demonstrated sustained interest and prior exposure preferred,high,No strict prerequisite; demonstrated interest improves fit
SYN-0171,Helix Summer Scholars Future Leaders Research Lab in Sustainability,Helix Summer Scholars,synthetic_generated,,sustainability,environmental science;social impact,sustainability;environmental science;social impact,career exploration;leadership development;social impact,low cost only,hybrid,Arizona,Phoenix,Arizona,Southwest,balanced,4 to 8 weeks,8,summer,9,12,independent exploration,1200,merit scholarships,optional,This summer program helps high school students explore sustainability through career exploration and leadership development.,sustainability;environmental science;social impact;career exploration;leadership development,solid,3.2-3.49,Foundational coursework helpful but not required,No formal experience required; beginner exposure helpful,moderate,No strict prerequisite; demonstrated interest improves fit
REAL-0058,NSLC Medicine & Health Care - University of Michigan,National Student Leadership Conference,real_sourced,https://www.nslcleaders.org/youth-leadership-programs/summer-medical-programs/,medicine,biology;public health;leadership,medicine;biology;public health;leadership,medical exposure;career exploration;hands-on projects,moderate cost is okay,in-person only,Midwest,Ann Arbor,Michigan,Midwest,balanced,1 to 2 weeks,1.3,summer,9,12,peer community,4195,scholarships available,yes,Residential NSLC medicine program hosted at University of Michigan.,medicine;biology;public health;leadership;medical exposure;career exploration,solid,3.2-3.49,Introductory coursework helpful but not required,No formal experience required; beginner exposure helpful,moderate,Biology/chemistry exposure helpful; healthcare interest expected
SYN-0731,Evergreen Future Lab Open Door Pre-College Institute for Electrical Engineering,Evergreen Future Lab,synthetic_generated,,electrical engineering,physics;robotics,electrical engineering;physics;robotics;mathematics,hands-on projects;skill development;career exploration,cost matters but flexible,either,West Coast,Los Angeles,California,West Coast,competitive,4 to 8 weeks,6,summer,9,12,faculty mentorship,6100,merit scholarships,optional,This summer program helps high school students explore electrical engineering through hands-on projects and skill development.,electrical engineering;physics;robotics;hands-on projects;skill development,strong,3.5-3.79,Advanced coursework preferred (honors/AP/IB or strong equivalent),Some prior exposure or self-directed projects helpful,moderately high,No strict prerequisite; demonstrated interest improves fit
SYN-0723,Pioneer Horizon University Discovery Immersion in Medicine,Pioneer Horizon University,synthetic_generated,,medicine,biology;public health,medicine;biology;public health;chemistry,college preparation;hands-on projects;medical exposure,strongly prefer free,in-person only,anywhere in the U.S.,Denver,Colorado,Mountain,balanced,2 to 4 weeks,3,summer,9,12,application guidance,500,no,yes,Students build confidence in medicine while developing transferable skills through college preparation and hands-on projects.,medicine;biology;public health;college preparation;hands-on projects,solid,3.2-3.49,Introductory coursework helpful but not required,No formal experience required; beginner exposure helpful,moderate,Biology/chemistry exposure helpful; healthcare interest expected
SYN-0800,Granite Point Institute Future Leaders College Prep Seminar in Psychology,Granite Point Institute,synthetic_generated,,psychology,neuroscience;public health,psychology;neuroscience;public health;biology,academic challenge;career exploration;major exploration,low cost only,hybrid,East Coast,Pittsburgh,Pennsylvania,East Coast,very competitive,1 to 2 weeks,1,summer,9,12,small class size,1800,no,optional,This summer program helps high school students explore psychology through academic challenge and career exploration.,psychology;neuroscience;public health;academic challenge;career exploration,exceptional,3.8+,Introductory coursework or demonstrated interest helpful,Demonstrated sustained interest and prior exposure preferred,high,No strict prerequisite; demonstrated interest improves fit
SYN-0269,Brightwater Institute Future Leaders Pre-College Institute for Biomedical Engineering,Brightwater Institute,synthetic_generated,,biomedical engineering,medicine;mechanical engineering,biomedical engineering;medicine;mechanical engineering;biology,career exploration;hands-on projects;medical exposure,strongly prefer free,in-person only,anywhere in the U.S.,Boulder,Colorado,Mountain,balanced,1 to 2 weeks,2,summer,10,12,project guidance,350,no,yes,"Designed for motivated teens, this program combines biomedical engineering content with career exploration and hands-on projects.",biomedical engineering;medicine;mechanical engineering;career exploration;hands-on projects,solid,3.2-3.49,Introductory coursework helpful but not required,No formal experience required; beginner exposure helpful,moderate,No strict prerequisite; demonstrated interest improves fit
SYN-0638,Crescent Peak University Discovery Pre-College Institute for Statistics,Crescent Peak University,synthetic_generated,,statistics,mathematics;data science,statistics;mathematics;data science,skill development;college preparation;academic challenge,low cost only,hybrid,anywhere in the U.S.,Denver,Colorado,Mountain,open enrollment,1 to 2 weeks,1,summer,9,12,research mentorship,1200,merit scholarships,optional,"A 1 to 2 weeks pre-college experience focused on statistics, blending skill development with college preparation.",statistics;mathematics;data science;skill development;college preparation,accessible,No formal minimum / 2.5+ preferred,Introductory coursework helpful but not required,Open to beginners; no prior experience required,accessible,No strict prerequisite; demonstrated interest improves fit
SYN-0161,Evergreen Future Lab Foundations Pre-College Institute for Sustainability,Evergreen Future Lab,synthetic_generated,,sustainability,environmental science;social impact,sustainability;environmental science;social impact,leadership development;career exploration;hands-on projects,not a major concern,mostly online,Arizona,Phoenix,Arizona,Southwest,balanced,2 to 4 weeks,4,summer,9,12,faculty mentorship,9200,yes,optional,This summer program helps high school students explore sustainability through leadership development and career exploration.,sustainability;environmental science;social impact;leadership development;career exploration,solid,3.2-3.49,Foundational coursework helpful but not required,No formal experience required; beginner exposure helpful,moderate,No strict prerequisite; demonstrated interest improves fit
SYN-0507,Mosaic Futures Academy Foundations Field School in Music,Mosaic Futures Academy,synthetic_generated,,music,arts;film,music;arts;film;design,portfolio building;career exploration;meeting like-minded students,not a major concern,mostly in-person,East Coast,Pittsburgh,Pennsylvania,East Coast,competitive,1 to 2 weeks,1,summer,8,12,small class size,10500,yes,yes,Students build confidence in music while developing transferable skills through portfolio building and career exploration.,music;arts;film;portfolio building;career exploration,strong,3.5-3.79,Foundational coursework or portfolio-building experience helpful,Beginner-to-intermediate portfolio or prior work helpful,moderately high,"Portfolio, writing samples, or prior creative work may strengthen fit"
SYN-0641,Evergreen Future Lab Elite Field School in Biotechnology,Evergreen Future Lab,synthetic_generated,,biotechnology,biology;chemistry,biotechnology;biology;chemistry,career exploration;hands-on projects;skill development,cost matters but flexible,in-person only,international,Oxford,England,International,less competitive,4 to 8 weeks,8,winter,9,12,small class size,7200,need-based aid,yes,"A 4 to 8 weeks pre-college experience focused on biotechnology, blending career exploration with hands-on projects.",biotechnology;biology;chemistry;career exploration;hands-on projects,average,3.0-3.19,Introductory coursework helpful but not required,Beginner friendly; no prior experience required,moderate-low,No strict prerequisite; demonstrated interest improves fit
SYN-0592,Pacific Crest College Prep Pioneer Workshop Series in Electrical Engineering,Pacific Crest College Prep,synthetic_generated,,electrical engineering,physics;robotics,electrical engineering;physics;robotics;mathematics,academic challenge;hands-on projects;skill development,must be free,mostly online,East Coast,Boston,Massachusetts,East Coast,balanced,1 to 2 weeks,2,summer,9,12,application guidance,0,limited,optional,"Designed for motivated teens, this program combines electrical engineering content with academic challenge and hands-on projects.",electrical engineering;physics;robotics;academic challenge;hands-on projects,solid,3.2-3.49,Introductory coursework helpful but not required,No formal experience required; beginner exposure helpful,moderate,No strict prerequisite; demonstrated interest improves fit
SYN-0213,Pioneer Horizon University Pioneer Research Lab in Business,Pioneer Horizon University,synthetic_generated,,business,finance;marketing,business;finance;marketing;economics,leadership development;resume building;career exploration,not a major concern,in-person only,West Coast,Los Angeles,California,West Coast,balanced,4 to 8 weeks,6,summer,9,12,student mentorship,11800,need-based aid,yes,This summer program helps high school students explore business through leadership development and resume building.,business;finance;marketing;leadership development;resume building,solid,3.2-3.49,Relevant introductory coursework or strong extracurricular exposure helpful,No formal experience required; beginner exposure helpful,moderate,"Quantitative comfort, initiative, or leadership/project experience helpful"
SYN-0325,Urban Horizon Institute Elite Explorers Program in Political Science,Urban Horizon Institute,synthetic_generated,,political science,international relations;law,political science;international relations;law,leadership development;academic challenge;social impact,moderate cost is okay,in-person only,West Coast,Los Angeles,California,West Coast,balanced,1 to 2 weeks,1,summer,10,12,independent exploration,4500,limited,yes,Students build confidence in political science while developing transferable skills through leadership development and academic challenge.,political science;international relations;law;leadership development;academic challenge,solid,3.2-3.49,Introductory coursework or demonstrated interest helpful,No formal experience required; beginner exposure helpful,moderate,No strict prerequisite; demonstrated interest improves fit
SYN-0410,Granite Point Institute Future Leaders Workshop Series in Physics,Granite Point Institute,synthetic_generated,,physics,mathematics;engineering,physics;mathematics;engineering;statistics,hands-on projects;college preparation;academic challenge,not a major concern,either,Midwest,Madison,Wisconsin,Midwest,balanced,4 to 8 weeks,8,summer,9,12,career guidance,11800,no,optional,Students build confidence in physics while developing transferable skills through hands-on projects and college preparation.,physics;mathematics;engineering;hands-on projects;college preparation,solid,3.2-3.49,Introductory coursework helpful but not required,No formal experience required; beginner exposure helpful,moderate,No strict prerequisite; demonstrated interest improves fit
SYN-0104,Silverline Summer College Honors Bootcamp in Psychology,Silverline Summer College,synthetic_generated,,psychology,neuroscience;public health,psychology;neuroscience;public health;biology,major exploration;academic challenge;research experience,moderate cost is okay,hybrid,East Coast,Baltimore,Maryland,East Coast,open enrollment,4 to 8 weeks,8,summer,9,12,project guidance,3200,no,optional,"Designed for motivated teens, this program combines psychology content with major exploration and academic challenge.",psychology;neuroscience;public health;major exploration;academic challenge,accessible,No formal minimum / 2.5+ preferred,Introductory coursework or demonstrated interest helpful,Open to beginners; no prior experience required,accessible,No strict prerequisite; demonstrated interest improves fit
SYN-0931,Northstar Future Institute Young Innovators Summer Academy in Statistics,Northstar Future Institute,synthetic_generated,,statistics,mathematics;data science,statistics;mathematics;data science,academic challenge;skill development;career exploration,low cost only,in-person only,Midwest,Ann Arbor,Michigan,Midwest,balanced,2 to 4 weeks,4,summer,9,12,independent exploration,2200,need-based aid,yes,Students build confidence in statistics while developing transferable skills through academic challenge and skill development.,statistics;mathematics;data science;academic challenge;skill development,solid,3.2-3.49,Introductory coursework helpful but not required,No formal experience required; beginner exposure helpful,moderate,No strict prerequisite; demonstrated interest improves fit
SYN-0683,Sagebrook Academy Discovery Leadership Forum in Biotechnology,Sagebrook Academy,synthetic_generated,,biotechnology,biology;chemistry,biotechnology;biology;chemistry,skill development;career exploration;hands-on projects,moderate cost is okay,mostly online,East Coast,Providence,Rhode Island,East Coast,open enrollment,2 to 4 weeks,3,summer,9,12,faculty mentorship,3200,yes,optional,"A 2 to 4 weeks pre-college experience focused on biotechnology, blending skill development with career exploration.",biotechnology;biology;chemistry;skill development;career exploration,accessible,No formal minimum / 2.5+ preferred,Introductory coursework helpful but not required,Open to beginners; no prior experience required,accessible,No strict prerequisite; demonstrated interest improves fit
SYN-0483,Pioneer Horizon University Discovery Scholars Program in Dentistry,Pioneer Horizon University,synthetic_generated,,dentistry,medicine;biology,dentistry;medicine;biology,career exploration;resume building;skill development,cost matters but flexible,mostly in-person,East Coast,Pittsburgh,Pennsylvania,East Coast,open enrollment,2 to 4 weeks,4,summer,10,12,small class size,7200,yes,yes,"Designed for motivated teens, this program combines dentistry content with career exploration and resume building.",dentistry;medicine;biology;career exploration;resume building,accessible,No formal minimum / 2.5+ preferred,Foundational coursework helpful but not required,Open to beginners; no prior experience required,accessible,No strict prerequisite; demonstrated interest improves fit
SYN-0112,Pacific Crest College Prep Global Summer Academy in Biochemistry,Pacific Crest College Prep,synthetic_generated,,biochemistry,chemistry;biology,biochemistry;chemistry;biology,career exploration;skill development;academic challenge,cost matters but flexible,in-person only,Midwest,Madison,Wisconsin,Midwest,less competitive,1 to 2 weeks,1,summer,9,12,faculty mentorship,8400,limited,yes,"Designed for motivated teens, this program combines biochemistry content with career exploration and skill development.",biochemistry;chemistry;biology;career exploration;skill development,average,3.0-3.19,Introductory coursework helpful but not required,Beginner friendly; no prior experience required,moderate-low,No strict prerequisite; demonstrated interest improves fit
SYN-0844,Aurora Youth Research Institute Global Bootcamp in Neuroscience,Aurora Youth Research Institute,synthetic_generated,,neuroscience,biology;psychology,neuroscience;biology;psychology;chemistry,major exploration;academic challenge;career exploration,not a major concern,hybrid,international,Singapore,Singapore,International,less competitive,2 to 4 weeks,4,summer,9,12,student mentorship,10500,need-based aid,optional,"Designed for motivated teens, this program combines neuroscience content with major exploration and academic challenge.",neuroscience;biology;psychology;major exploration;academic challenge,average,3.0-3.19,Introductory coursework helpful but not required,Beginner friendly; no prior experience required,moderate-low,No strict prerequisite; demonstrated interest improves fit
SYN-0560,Granite Point Institute Discovery Workshop Series in Architecture,Granite Point Institute,synthetic_generated,,architecture,civil engineering;design,architecture;civil engineering;design,hands-on projects;academic challenge;career exploration,must be free,in-person only,East Coast,Washington,District of Columbia,East Coast,balanced,1 to 2 weeks,2,summer,9,12,career guidance,0,need-based aid,yes,"Designed for motivated teens, this program combines architecture content with hands-on projects and academic challenge.",architecture;civil engineering;design;hands-on projects;academic challenge,solid,3.2-3.49,Foundational coursework or portfolio-building experience helpful,No formal experience required; beginner exposure helpful,moderate,"Portfolio, writing samples, or prior creative work may strengthen fit"
SYN-0010,Coastal Edge Institute Open Door Explorers Program in Dentistry,Coastal Edge Institute,synthetic_generated,,dentistry,medicine;biology,dentistry;medicine;biology,medical exposure;resume building;skill development,must be free,either,anywhere in the U.S.,Boulder,Colorado,Mountain,competitive,1 to 2 weeks,2,summer,10,12,research mentorship,0,no,optional,"Designed for motivated teens, this program combines dentistry content with medical exposure and resume building.",dentistry;medicine;biology;medical exposure;resume building,strong,3.5-3.79,Foundational coursework helpful but not required,Some prior exposure helpful,moderately high,No strict prerequisite; demonstrated interest improves fit
SYN-0600,Compass Youth University Global Pre-College Institute for Creative Writing,Compass Youth University,synthetic_generated,,creative writing,journalism;history,creative writing;journalism;history,college preparation;skill development;portfolio building,moderate cost is okay,hybrid,Arizona,Phoenix,Arizona,Southwest,balanced,1 to 2 weeks,1,summer,9,12,student mentorship,3800,need-based aid,optional,This summer program helps high school students explore creative writing through college preparation and skill development.,creative writing;journalism;history;college preparation;skill development,solid,3.2-3.49,Foundational coursework or portfolio-building experience helpful,No formal experience required; beginner exposure helpful,moderate,"Portfolio, writing samples, or prior creative work may strengthen fit"
SYN-0636,Catalyst Pre-College Center Applied Summer Academy in Machine Learning,Catalyst Pre-College Center,synthetic_generated,,machine learning,artificial intelligence;data science,machine learning;artificial intelligence;data science,portfolio building;research experience;hands-on projects,not a major concern,hybrid,international,Singapore,Singapore,International,competitive,4 to 8 weeks,8,summer,9,12,application guidance,13500,yes,optional,"Designed for motivated teens, this program combines machine learning content with portfolio building and research experience.",machine learning;artificial intelligence;data science;portfolio building;research experience,strong,3.5-3.79,Advanced coursework preferred (honors/AP/IB or strong equivalent),Some prior exposure or self-directed projects helpful,moderately high,Math/programming familiarity helpful; projects or coding exposure useful
SYN-0907,Riverview Innovation Lab Elite Summer Academy in Chemistry,Riverview Innovation Lab,synthetic_generated,,chemistry,biochemistry;research,chemistry;biochemistry;research,research experience;college preparation;hands-on projects,low cost only,mostly in-person,Arizona,Phoenix,Arizona,Southwest,balanced,1 to 2 weeks,1,summer,9,12,small class size,1800,need-based aid,yes,"A 1 to 2 weeks pre-college experience focused on chemistry, blending research experience with college preparation.",chemistry;biochemistry;research;research experience;college preparation,solid,3.2-3.49,Introductory coursework helpful but not required,No formal experience required; beginner exposure helpful,moderate,No strict prerequisite; demonstrated interest improves fit
SYN-0210,Compass Youth University Foundations Field School in Film,Compass Youth University,synthetic_generated,,film,arts;creative writing,film;arts;creative writing;design,portfolio building;hands-on projects;meeting like-minded students,not a major concern,in-person only,Midwest,Chicago,Illinois,Midwest,less competitive,2 to 4 weeks,3,summer,9,12,student mentorship,9200,limited,yes,Students build confidence in film while developing transferable skills through portfolio building and hands-on projects.,film;arts;creative writing;portfolio building;hands-on projects,average,3.0-3.19,Foundational coursework or portfolio-building experience helpful,Beginner friendly; no prior experience required,moderate-low,"Portfolio, writing samples, or prior creative work may strengthen fit"
SYN-0623,Sagebrook Academy Open Door Field School in Creative Writing,Sagebrook Academy,synthetic_generated,,creative writing,journalism;history,creative writing;journalism;history,skill development;portfolio building;college preparation,must be free,in-person only,Arizona,Phoenix,Arizona,Southwest,balanced,2 to 4 weeks,4,summer,9,12,student mentorship,0,need-based aid,yes,This summer program helps high school students explore creative writing through skill development and portfolio building.,creative writing;journalism;history;skill development;portfolio building,solid,3.2-3.49,Foundational coursework or portfolio-building experience helpful,No formal experience required; beginner exposure helpful,moderate,"Portfolio, writing samples, or prior creative work may strengthen fit"
SYN-0151,Northstar Future Institute Elite Field School in Philosophy,Northstar Future Institute,synthetic_generated,,philosophy,history;law,philosophy;history;law;political science,college preparation;academic challenge;major exploration,not a major concern,hybrid,Midwest,Madison,Wisconsin,Midwest,balanced,1 to 2 weeks,1,summer,9,12,application guidance,9200,limited,optional,Students build confidence in philosophy while developing transferable skills through college preparation and academic challenge.,philosophy;history;law;college preparation;academic challenge,solid,3.2-3.49,Introductory coursework or demonstrated interest helpful,No formal experience required; beginner exposure helpful,moderate,No strict prerequisite; demonstrated interest improves fit
SYN-0300,Compass Youth University Frontier College Prep Seminar in Cybersecurity,Compass Youth University,synthetic_generated,,cybersecurity,computer science;law,cybersecurity;computer science;law;software engineering,leadership development;skill development;hands-on projects,strongly prefer free,mostly in-person,East Coast,Pittsburgh,Pennsylvania,East Coast,balanced,1 to 2 weeks,2,summer,9,12,small class size,350,need-based aid,yes,Students build confidence in cybersecurity while developing transferable skills through leadership development and skill development.,cybersecurity;computer science;law;leadership development;skill development,solid,3.2-3.49,Introductory coursework helpful but not required,No formal experience required; beginner exposure helpful,moderate,Math/programming familiarity helpful; projects or coding exposure useful
SYN-0316,Skyline Discovery Institute Advanced College Prep Seminar in Psychology,Skyline Discovery Institute,synthetic_generated,,psychology,neuroscience;public health,psychology;neuroscience;public health;biology,major exploration;academic challenge;career exploration,must be free,in-person only,South,Miami,Florida,South,less competitive,2 to 4 weeks,3,summer,9,12,project guidance,0,no,yes,"A 2 to 4 weeks pre-college experience focused on psychology, blending major exploration with academic challenge.",psychology;neuroscience;public health;major exploration;academic challenge,average,3.0-3.19,Introductory coursework or demonstrated interest helpful,Beginner friendly; no prior experience required,moderate-low,No strict prerequisite; demonstrated interest improves fit
SYN-0103,Redwood Pathways Institute Pioneer College Prep Seminar in Film,Redwood Pathways Institute,synthetic_generated,,film,arts;creative writing,film;arts;creative writing;design,meeting like-minded students;portfolio building;hands-on projects,low cost only,mostly in-person,East Coast,Raleigh,North Carolina,East Coast,less competitive,1 to 2 weeks,2,summer,9,12,career guidance,1200,merit scholarships,yes,"Designed for motivated teens, this program combines film content with meeting like-minded students and portfolio building.",film;arts;creative writing;meeting like-minded students;portfolio building,average,3.0-3.19,Foundational coursework or portfolio-building experience helpful,Beginner friendly; no prior experience required,moderate-low,"Portfolio, writing samples, or prior creative work may strengthen fit"
SYN-0310,Coastal Edge Institute Applied College Prep Seminar in Sustainability,Coastal Edge Institute,synthetic_generated,,sustainability,environmental science;social impact,sustainability;environmental science;social impact,social impact;leadership development;career exploration,cost matters but flexible,hybrid,international,Oxford,England,International,less competitive,1 to 2 weeks,2,winter,9,12,research mentorship,8400,yes,optional,This winter program helps high school students explore sustainability through social impact and leadership development.,sustainability;environmental science;social impact;social impact;leadership development,average,3.0-3.19,Foundational coursework helpful but not required,Beginner friendly; no prior experience required,moderate-low,No strict prerequisite; demonstrated interest improves fit
SYN-0791,Evergreen Future Lab Future Leaders Immersion in Civil Engineering,Evergreen Future Lab,synthetic_generated,,civil engineering,architecture;sustainability,civil engineering;architecture;sustainability,career exploration;hands-on projects;skill development,low cost only,in-person only,East Coast,Providence,Rhode Island,East Coast,balanced,4 to 8 weeks,8,summer,9,12,career guidance,1800,merit scholarships,yes,"Designed for motivated teens, this program combines civil engineering content with career exploration and hands-on projects.",civil engineering;architecture;sustainability;career exploration;hands-on projects,solid,3.2-3.49,Introductory coursework helpful but not required,No formal experience required; beginner exposure helpful,moderate,No strict prerequisite; demonstrated interest improves fit
SYN-0587,Lighthouse Prep Academy Global Pre-College Institute for Medicine,Lighthouse Prep Academy,synthetic_generated,,medicine,biology;public health,medicine;biology;public health;chemistry,college preparation;medical exposure;career exploration,strongly prefer free,mostly in-person,anywhere in the U.S.,Boulder,Colorado,Mountain,competitive,1 to 2 weeks,2,summer,9,12,application guidance,350,limited,yes,Students build confidence in medicine while developing transferable skills through college preparation and medical exposure.,medicine;biology;public health;college preparation;medical exposure,strong,3.5-3.79,Advanced coursework preferred (honors/AP/IB or strong equivalent),Some prior exposure or self-directed projects helpful,moderately high,Biology/chemistry exposure helpful; healthcare interest expected
SYN-0401,Evergreen Future Lab Discovery Immersion in Business,Evergreen Future Lab,synthetic_generated,,business,finance;marketing,business;finance;marketing;economics,resume building;career exploration;leadership development,low cost only,mostly in-person,anywhere in the U.S.,Denver,Colorado,Mountain,open enrollment,1 to 2 weeks,2,summer,9,12,application guidance,1800,need-based aid,yes,"A 1 to 2 weeks pre-college experience focused on business, blending resume building with career exploration.",business;finance;marketing;resume building;career exploration,accessible,No formal minimum / 2.5+ preferred,Relevant introductory coursework or strong extracurricular exposure helpful,Open to beginners; no prior experience required,accessible,"Quantitative comfort, initiative, or leadership/project experience helpful"
SYN-0891,Helix Summer Scholars Advanced Immersion in Data Science,Helix Summer Scholars,synthetic_generated,,data science,statistics;computer science,data science;statistics;computer science;mathematics,hands-on projects;portfolio building;skill development,low cost only,mostly online,anywhere in the U.S.,Denver,Colorado,Mountain,very competitive,1 to 2 weeks,2,summer,9,12,application guidance,1200,yes,optional,"Designed for motivated teens, this program combines data science content with hands-on projects and portfolio building.",data science;statistics;computer science;hands-on projects;portfolio building,exceptional,3.8+,Advanced coursework preferred (honors/AP/IB or strong equivalent),"Some prior projects, research, competitions, or advanced exposure preferred",high,Math/programming familiarity helpful; projects or coding exposure useful
SYN-0884,Silverline Summer College Advanced Workshop Series in Psychology,Silverline Summer College,synthetic_generated,,psychology,neuroscience;public health,psychology;neuroscience;public health;biology,research experience;major exploration;career exploration,strongly prefer free,hybrid,East Coast,New York,New York,East Coast,balanced,4 to 8 weeks,8,spring,9,12,independent exploration,350,yes,optional,"A 4 to 8 weeks pre-college experience focused on psychology, blending research experience with major exploration.",psychology;neuroscience;public health;research experience;major exploration,solid,3.2-3.49,Introductory coursework or demonstrated interest helpful,No formal experience required; beginner exposure helpful,moderate,No strict prerequisite; demonstrated interest improves fit
SYN-0040,Coastal Edge Institute Pioneer Immersion in Arts,Coastal Edge Institute,synthetic_generated,,arts,design;film,arts;design;film;graphic design,portfolio building;hands-on projects;meeting like-minded students,must be free,hybrid,Midwest,Chicago,Illinois,Midwest,very competitive,2 to 4 weeks,4,summer,8,12,career guidance,0,need-based aid,optional,Students build confidence in arts while developing transferable skills through portfolio building and hands-on projects.,arts;design;film;portfolio building;hands-on projects,exceptional,3.8+,Foundational coursework or portfolio-building experience helpful,"Strong prior experience, portfolio, or sustained work preferred",high,"Portfolio, writing samples, or prior creative work may strengthen fit"
SYN-0824,Silverline Summer College Global Field School in Education,Silverline Summer College,synthetic_generated,,education,leadership;social impact,education;leadership;social impact,career exploration;college preparation;leadership development,low cost only,mostly online,South,Houston,Texas,South,balanced,4 to 8 weeks,8,summer,9,12,small class size,2200,need-based aid,optional,Students build confidence in education while developing transferable skills through career exploration and college preparation.,education;leadership;social impact;career exploration;college preparation,solid,3.2-3.49,Introductory coursework or demonstrated interest helpful,No formal experience required; beginner exposure helpful,moderate,No strict prerequisite; demonstrated interest improves fit
SYN-0915,Meridian Scholars Collective Applied Summer Academy in Nursing,Meridian Scholars Collective,synthetic_generated,,nursing,medicine;public health,nursing;medicine;public health;biology,career exploration;leadership development;hands-on projects,not a major concern,in-person only,South,Atlanta,Georgia,South,balanced,1 to 2 weeks,1,summer,9,12,student mentorship,9200,merit scholarships,yes,"A 1 to 2 weeks pre-college experience focused on nursing, blending career exploration with leadership development.",nursing;medicine;public health;career exploration;leadership development,solid,3.2-3.49,Introductory coursework helpful but not required,No formal experience required; beginner exposure helpful,moderate,Biology/chemistry exposure helpful; healthcare interest expected
SYN-0812,Blue Mesa Scholars Academy Discovery Field School in Genetics,Blue Mesa Scholars Academy,synthetic_generated,,genetics,biology;biotechnology,genetics;biology;biotechnology;chemistry,career exploration;research experience;academic challenge,must be free,mostly online,East Coast,Boston,Massachusetts,East Coast,less competitive,1 to 2 weeks,1,summer,9,12,career guidance,0,need-based aid,optional,This summer program helps high school students explore genetics through career exploration and research experience.,genetics;biology;biotechnology;career exploration;research experience,average,3.0-3.19,Introductory coursework helpful but not required,Beginner friendly; no prior experience required,moderate-low,No strict prerequisite; demonstrated interest improves fit
SYN-0018,Orbit Learning Institute Elite College Prep Seminar in Education,Orbit Learning Institute,synthetic_generated,,education,leadership;social impact,education;leadership;social impact,college preparation;social impact;career exploration,moderate cost is okay,mostly online,Midwest,Ann Arbor,Michigan,Midwest,balanced,1 to 2 weeks,2,summer,9,12,student mentorship,3800,merit scholarships,optional,Students build confidence in education while developing transferable skills through college preparation and social impact.,education;leadership;social impact;college preparation;social impact,solid,3.2-3.49,Introductory coursework or demonstrated interest helpful,No formal experience required; beginner exposure helpful,moderate,No strict prerequisite; demonstrated interest improves fit
SYN-0233,Sagebrook Academy Global Field School in Medicine,Sagebrook Academy,synthetic_generated,,medicine,biology;public health,medicine;biology;public health;chemistry,college preparation;career exploration;medical exposure,strongly prefer free,in-person only,West Coast,Portland,Oregon,West Coast,open enrollment,2 to 4 weeks,4,summer,9,12,application guidance,350,yes,yes,"Designed for motivated teens, this program combines medicine content with college preparation and career exploration.",medicine;biology;public health;college preparation;career exploration,accessible,No formal minimum / 2.5+ preferred,Introductory coursework helpful but not required,Open to beginners; no prior experience required,accessible,Biology/chemistry exposure helpful; healthcare interest expected
SYN-0728,Crescent Peak University Young Innovators Bootcamp in Cybersecurity,Crescent Peak University,synthetic_generated,,cybersecurity,computer science;law,cybersecurity;computer science;law;software engineering,skill development;hands-on projects;career exploration,not a major concern,mostly online,international,Toronto,Canada,International,competitive,4 to 8 weeks,8,summer,9,12,career guidance,11800,yes,optional,This summer program helps high school students explore cybersecurity through skill development and hands-on projects.,cybersecurity;computer science;law;skill development;hands-on projects,strong,3.5-3.79,Advanced coursework preferred (honors/AP/IB or strong equivalent),Some prior exposure or self-directed projects helpful,moderately high,Math/programming familiarity helpful; projects or coding exposure useful
SYN-0170,Granite Point Institute Frontier Leadership Forum in Computer Science,Granite Point Institute,synthetic_generated,,computer science,software engineering;artificial intelligence,computer science;software engineering;artificial intelligence,portfolio building;career exploration;hands-on projects,cost matters but flexible,mostly in-person,anywhere in the U.S.,Denver,Colorado,Mountain,balanced,4 to 8 weeks,6,summer,9,12,application guidance,5200,limited,yes,Students build confidence in computer science while developing transferable skills through portfolio building and career exploration.,computer science;software engineering;artificial intelligence;portfolio building;career exploration,solid,3.2-3.49,Introductory coursework helpful but not required,No formal experience required; beginner exposure helpful,moderate,Math/programming familiarity helpful; projects or coding exposure useful
SYN-0614,Silverline Summer College Open Door Research Lab in Animation,Silverline Summer College,synthetic_generated,,animation,design;film,animation;design;film;graphic design,career exploration;skill development;portfolio building,must be free,online only,remote only,Remote,Remote,Remote,balanced,1 to 2 weeks,2,spring,8,12,career guidance,0,need-based aid,no,"Designed for motivated teens, this program combines animation content with career exploration and skill development.",animation;design;film;career exploration;skill development,solid,3.2-3.49,Foundational coursework helpful but not required,No formal experience required; beginner exposure helpful,moderate,No strict prerequisite; demonstrated interest improves fit
REAL-0047,NSLC Law & Advocacy - Georgetown University,National Student Leadership Conference,real_sourced,https://www.nslcleaders.org/summer-program-locations/gu-washington-dc-summer-programs/,law,political science;history;journalism,law;political science;history;journalism,career exploration;leadership development;academic challenge,moderate cost is okay,in-person only,East Coast,Washington,District of Columbia,East Coast,balanced,1 to 2 weeks,1.3,summer,9,12,peer community,4395,scholarships available,yes,Residential NSLC pre-college program in law & advocacy hosted on the Georgetown campus.,law;political science;history;journalism;career exploration;leadership development,solid,3.2-3.49,Introductory coursework or demonstrated interest helpful,No formal experience required; beginner exposure helpful,moderate,No strict prerequisite; demonstrated interest improves fit
SYN-0008,Crescent Peak University Open Door Field School in Marine Biology,Crescent Peak University,synthetic_generated,,marine biology,biology;environmental science,marine biology;biology;environmental science;chemistry,research experience;social impact;hands-on projects,moderate cost is okay,mostly in-person,West Coast,Los Angeles,California,West Coast,less competitive,4 to 8 weeks,8,summer,9,12,career guidance,2800,limited,yes,"Designed for motivated teens, this program combines marine biology content with research experience and social impact.",marine biology;biology;environmental science;research experience;social impact,average,3.0-3.19,Foundational coursework helpful but not required,Beginner friendly; no prior experience required,moderate-low,No strict prerequisite; demonstrated interest improves fit
SYN-0658,Vertex Learning Center Honors Summer Academy in Environmental Science,Vertex Learning Center,synthetic_generated,,environmental science,sustainability;biology,environmental science;sustainability;biology,research experience;social impact;career exploration,not a major concern,mostly online,international,Toronto,Canada,International,competitive,2 to 4 weeks,3,summer,9,12,career guidance,11800,merit scholarships,optional,"A 2 to 4 weeks pre-college experience focused on environmental science, blending research experience with social impact.",environmental science;sustainability;biology;research experience;social impact,strong,3.5-3.79,Advanced coursework preferred (honors/AP/IB or strong equivalent),Some prior exposure or self-directed projects helpful,moderately high,No strict prerequisite; demonstrated interest improves fit
SYN-0133,Redwood Pathways Institute Elite Field School in Leadership,Redwood Pathways Institute,synthetic_generated,,leadership,social impact;business,leadership;social impact;business,college preparation;meeting like-minded students;networking,must be free,hybrid,West Coast,Portland,Oregon,West Coast,balanced,2 to 4 weeks,3,summer,9,12,research mentorship,0,need-based aid,optional,"A 2 to 4 weeks pre-college experience focused on leadership, blending college preparation with meeting like-minded students.",leadership;social impact;business;college preparation;meeting like-minded students,solid,3.2-3.49,Introductory coursework or demonstrated interest helpful,No formal experience required; beginner exposure helpful,moderate,No strict prerequisite; demonstrated interest improves fit
SYN-0528,Orbit Learning Institute Honors Leadership Forum in Music,Orbit Learning Institute,synthetic_generated,,music,arts;film,music;arts;film;design,portfolio building;career exploration;skill development,not a major concern,in-person only,South,Houston,Texas,South,balanced,2 to 4 weeks,3,summer,8,12,project guidance,9200,merit scholarships,yes,This summer program helps high school students explore music through portfolio building and career exploration.,music;arts;film;portfolio building;career exploration,solid,3.2-3.49,Foundational coursework or portfolio-building experience helpful,No formal experience required; beginner exposure helpful,moderate,"Portfolio, writing samples, or prior creative work may strengthen fit"
SYN-0307,Riverview Innovation Lab Advanced Research Lab in Film,Riverview Innovation Lab,synthetic_generated,,film,arts;creative writing,film;arts;creative writing;design,meeting like-minded students;hands-on projects;career exploration,moderate cost is okay,online only,remote only,Remote,Remote,Remote,very competitive,1 to 2 weeks,1,summer,9,12,project guidance,4500,no,no,Students build confidence in film while developing transferable skills through meeting like-minded students and hands-on projects.,film;arts;creative writing;meeting like-minded students;hands-on projects,exceptional,3.8+,Foundational coursework or portfolio-building experience helpful,"Strong prior experience, portfolio, or sustained work preferred",high,"Portfolio, writing samples, or prior creative work may strengthen fit"
SYN-0819,Prairie Stone Scholars Program Honors Workshop Series in Biomedical Engineering,Prairie Stone Scholars Program,synthetic_generated,,biomedical engineering,medicine;mechanical engineering,biomedical engineering;medicine;mechanical engineering;biology,hands-on projects;research experience;career exploration,cost matters but flexible,in-person only,West Coast,San Francisco,California,West Coast,balanced,4 to 8 weeks,8,summer,10,12,research mentorship,5200,no,yes,Students build confidence in biomedical engineering while developing transferable skills through hands-on projects and research experience.,biomedical engineering;medicine;mechanical engineering;hands-on projects;research experience,solid,3.2-3.49,Introductory coursework helpful but not required,No formal experience required; beginner exposure helpful,moderate,No strict prerequisite; demonstrated interest improves fit
SYN-0843,Pioneer Horizon University Pioneer Field School in Political Science,Pioneer Horizon University,synthetic_generated,,political science,international relations;law,political science;international relations;law,leadership development;social impact;career exploration,must be free,mostly online,East Coast,New York,New York,East Coast,less competitive,1 to 2 weeks,2,summer,10,12,independent exploration,0,need-based aid,optional,This summer program helps high school students explore political science through leadership development and social impact.,political science;international relations;law;leadership development;social impact,average,3.0-3.19,Introductory coursework or demonstrated interest helpful,Beginner friendly; no prior experience required,moderate-low,No strict prerequisite; demonstrated interest improves fit
SYN-0570,Compass Youth University Discovery Explorers Program in Physics,Compass Youth University,synthetic_generated,,physics,mathematics;engineering,physics;mathematics;engineering;statistics,research experience;college preparation;academic challenge,not a major concern,mostly online,anywhere in the U.S.,Boulder,Colorado,Mountain,less competitive,1 to 2 weeks,1,summer,9,12,career guidance,9200,need-based aid,optional,This summer program helps high school students explore physics through research experience and college preparation.,physics;mathematics;engineering;research experience;college preparation,average,3.0-3.19,Introductory coursework helpful but not required,Beginner friendly; no prior experience required,moderate-low,No strict prerequisite; demonstrated interest improves fit
SYN-0580,Coastal Edge Institute Foundations Pre-College Institute for Music,Coastal Edge Institute,synthetic_generated,,music,arts;film,music;arts;film;design,career exploration;portfolio building;skill development,cost matters but flexible,either,West Coast,Portland,Oregon,West Coast,balanced,4 to 8 weeks,6,summer,8,12,small class size,7200,no,optional,"Designed for motivated teens, this program combines music content with career exploration and portfolio building.",music;arts;film;career exploration;portfolio building,solid,3.2-3.49,Foundational coursework or portfolio-building experience helpful,No formal experience required; beginner exposure helpful,moderate,"Portfolio, writing samples, or prior creative work may strengthen fit"
SYN-0786,Catalyst Pre-College Center Future Leaders Innovation Studio in Electrical Engineering,Catalyst Pre-College Center,synthetic_generated,,electrical engineering,physics;robotics,electrical engineering;physics;robotics;mathematics,career exploration;skill development;academic challenge,strongly prefer free,hybrid,East Coast,New York,New York,East Coast,balanced,1 to 2 weeks,2,summer,9,12,small class size,500,merit scholarships,optional,"Designed for motivated teens, this program combines electrical engineering content with career exploration and skill development.",electrical engineering;physics;robotics;career exploration;skill development,solid,3.2-3.49,Introductory coursework helpful but not required,No formal experience required; beginner exposure helpful,moderate,No strict prerequisite; demonstrated interest improves fit
SYN-0237,Mosaic Futures Academy Global Innovation Studio in Game Development,Mosaic Futures Academy,synthetic_generated,,game development,computer science;design,game development;computer science;design;software engineering,portfolio building;meeting like-minded students;skill development,not a major concern,in-person only,East Coast,Providence,Rhode Island,East Coast,balanced,1 to 2 weeks,1,summer,8,12,student mentorship,11800,limited,yes,"A 1 to 2 weeks pre-college experience focused on game development, blending portfolio building with meeting like-minded students.",game development;computer science;design;portfolio building;meeting like-minded students,solid,3.2-3.49,Foundational coursework helpful but not required,No formal experience required; beginner exposure helpful,moderate,No strict prerequisite; demonstrated interest improves fit
SYN-0502,Pacific Crest College Prep Foundations Leadership Forum in Software Engineering,Pacific Crest College Prep,synthetic_generated,,software engineering,computer science;artificial intelligence,software engineering;computer science;artificial intelligence,skill development;hands-on projects;career exploration,not a major concern,mostly in-person,East Coast,Philadelphia,Pennsylvania,East Coast,open enrollment,2 to 4 weeks,3,summer,9,12,research mentorship,11800,merit scholarships,yes,"Designed for motivated teens, this program combines software engineering content with skill development and hands-on projects.",software engineering;computer science;artificial intelligence;skill development;hands-on projects,accessible,No formal minimum / 2.5+ preferred,Introductory coursework helpful but not required,Open to beginners; no prior experience required,accessible,Math/programming familiarity helpful; projects or coding exposure useful
SYN-0017,Lighthouse Prep Academy Frontier Bootcamp in International Relations,Lighthouse Prep Academy,synthetic_generated,,international relations,political science;law,international relations;political science;law,social impact;networking;leadership development,strongly prefer free,hybrid,East Coast,Pittsburgh,Pennsylvania,East Coast,competitive,1 to 2 weeks,2,summer,10,12,student mentorship,350,merit scholarships,optional,This summer program helps high school students explore international relations through social impact and networking.,international relations;political science;law;social impact;networking,strong,3.5-3.79,Introductory coursework or demonstrated interest helpful,Some prior exposure helpful,moderately high,No strict prerequisite; demonstrated interest improves fit
SYN-0324,Cobalt Ridge University Open Door Innovation Studio in Business,Cobalt Ridge University,synthetic_generated,,business,finance;marketing,business;finance;marketing;economics,resume building;networking;career exploration,must be free,hybrid,East Coast,Boston,Massachusetts,East Coast,balanced,1 to 2 weeks,2,summer,9,12,peer community,0,no,optional,This summer program helps high school students explore business through resume building and networking.,business;finance;marketing;resume building;networking,solid,3.2-3.49,Relevant introductory coursework or strong extracurricular exposure helpful,No formal experience required; beginner exposure helpful,moderate,"Quantitative comfort, initiative, or leadership/project experience helpful"
SYN-0064,Aurora Youth Research Institute Advanced Field School in Interdisciplinary,Aurora Youth Research Institute,synthetic_generated,,interdisciplinary,leadership;research,interdisciplinary;leadership;research;social impact,academic challenge;college preparation;major exploration,moderate cost is okay,either,South,Atlanta,Georgia,South,balanced,2 to 4 weeks,3,summer,9,12,student mentorship,3800,yes,optional,Students build confidence in interdisciplinary while developing transferable skills through academic challenge and college preparation.,interdisciplinary;leadership;research;academic challenge;college preparation,solid,3.2-3.49,Foundational coursework helpful but not required,No formal experience required; beginner exposure helpful,moderate,No strict prerequisite; demonstrated interest improves fit
SYN-0486,Catalyst Pre-College Center Elite Summer Academy in Software Engineering,Catalyst Pre-College Center,synthetic_generated,,software engineering,computer science;artificial intelligence,software engineering;computer science;artificial intelligence,portfolio building;hands-on projects;skill development,moderate cost is okay,mostly online,East Coast,New York,New York,East Coast,balanced,1 to 2 weeks,2,summer,9,12,career guidance,2800,need-based aid,optional,This summer program helps high school students explore software engineering through portfolio building and hands-on projects.,software engineering;computer science;artificial intelligence;portfolio building;hands-on projects,solid,3.2-3.49,Introductory coursework helpful but not required,No formal experience required; beginner exposure helpful,moderate,Math/programming familiarity helpful; projects or coding exposure useful
SYN-0407,Lighthouse Prep Academy Discovery College Prep Seminar in International Relations,Lighthouse Prep Academy,synthetic_generated,,international relations,political science;law,international relations;political science;law,leadership development;social impact;career exploration,cost matters but flexible,mostly online,West Coast,San Diego,California,West Coast,competitive,1 to 2 weeks,1,summer,10,12,career guidance,7200,need-based aid,optional,"Designed for motivated teens, this program combines international relations content with leadership development and social impact.",international relations;political science;law;leadership development;social impact,strong,3.5-3.79,Introductory coursework or demonstrated interest helpful,Some prior exposure helpful,moderately high,No strict prerequisite; demonstrated interest improves fit
SYN-0684,Cobalt Ridge University Pioneer Summer Academy in Machine Learning,Cobalt Ridge University,synthetic_generated,,machine learning,artificial intelligence;data science,machine learning;artificial intelligence;data science,skill development;research experience;hands-on projects,cost matters but flexible,online only,remote only,Remote,Remote,Remote,less competitive,1 to 2 weeks,1,summer,9,12,research mentorship,7200,need-based aid,no,"Designed for motivated teens, this program combines machine learning content with skill development and research experience.",machine learning;artificial intelligence;data science;skill development;research experience,average,3.0-3.19,Introductory coursework helpful but not required,Beginner friendly; no prior experience required,moderate-low,Math/programming familiarity helpful; projects or coding exposure useful
REAL-0045,NSLC Intelligence & National Security - Georgetown University,National Student Leadership Conference,real_sourced,https://www.nslcleaders.org/summer-program-locations/gu-washington-dc-summer-programs/,political science,international relations;law;history,political science;international relations;law;history,leadership development;career exploration;social impact,moderate cost is okay,in-person only,East Coast,Washington,District of Columbia,East Coast,balanced,1 to 2 weeks,1.3,summer,9,12,peer community,4295,scholarships available,yes,Residential NSLC pre-college program in intelligence & national security hosted on the Georgetown campus.,political science;international relations;law;history;leadership development;career exploration,solid,3.2-3.49,Introductory coursework or demonstrated interest helpful,No formal experience required; beginner exposure helpful,moderate,No strict prerequisite; demonstrated interest improves fit
SYN-0763,Redwood Pathways Institute Honors Explorers Program in Business,Redwood Pathways Institute,synthetic_generated,,business,finance;marketing,business;finance;marketing;economics,career exploration;resume building;leadership development,strongly prefer free,hybrid,Midwest,Madison,Wisconsin,Midwest,less competitive,2 to 4 weeks,3,summer,9,12,research mentorship,500,merit scholarships,optional,"Designed for motivated teens, this program combines business content with career exploration and resume building.",business;finance;marketing;career exploration;resume building,average,3.0-3.19,Relevant introductory coursework or strong extracurricular exposure helpful,Beginner friendly; no prior experience required,moderate-low,"Quantitative comfort, initiative, or leadership/project experience helpful"
SYN-0207,Mosaic Futures Academy Young Innovators Scholars Program in Economics,Mosaic Futures Academy,synthetic_generated,,economics,finance;political science,economics;finance;political science,career exploration;academic challenge;networking,strongly prefer free,either,South,Atlanta,Georgia,South,balanced,4 to 8 weeks,6,summer,9,12,faculty mentorship,350,limited,optional,"A 4 to 8 weeks pre-college experience focused on economics, blending career exploration with academic challenge.",economics;finance;political science;career exploration;academic challenge,solid,3.2-3.49,Relevant introductory coursework or strong extracurricular exposure helpful,No formal experience required; beginner exposure helpful,moderate,"Quantitative comfort, initiative, or leadership/project experience helpful"
SYN-0555,Meridian Scholars Collective Global Field School in Public Health,Meridian Scholars Collective,synthetic_generated,,public health,medicine;biology,public health;medicine;biology,leadership development;social impact;career exploration,strongly prefer free,mostly in-person,Midwest,Chicago,Illinois,Midwest,balanced,1 to 2 weeks,1,summer,9,12,career guidance,500,limited,yes,This summer program helps high school students explore public health through leadership development and social impact.,public health;medicine;biology;leadership development;social impact,solid,3.2-3.49,Introductory coursework or demonstrated interest helpful,No formal experience required; beginner exposure helpful,moderate,Biology/chemistry exposure helpful; healthcare interest expected
SYN-0289,Bridgewater Youth Academy Honors Workshop Series in Genetics,Bridgewater Youth Academy,synthetic_generated,,genetics,biology;biotechnology,genetics;biology;biotechnology;chemistry,college preparation;career exploration;research experience,moderate cost is okay,mostly online,West Coast,Portland,Oregon,West Coast,balanced,1 to 2 weeks,1,summer,9,12,project guidance,2800,yes,optional,This summer program helps high school students explore genetics through college preparation and career exploration.,genetics;biology;biotechnology;college preparation;career exploration,solid,3.2-3.49,Introductory coursework helpful but not required,No formal experience required; beginner exposure helpful,moderate,No strict prerequisite; demonstrated interest improves fit
SYN-0804,Cobalt Ridge University Advanced Summer Academy in Leadership,Cobalt Ridge University,synthetic_generated,,leadership,social impact;business,leadership;social impact;business,leadership development;networking;college preparation,cost matters but flexible,hybrid,South,Austin,Texas,South,balanced,4 to 8 weeks,8,summer,9,12,faculty mentorship,6100,yes,optional,"A 4 to 8 weeks pre-college experience focused on leadership, blending leadership development with networking.",leadership;social impact;business;leadership development;networking,solid,3.2-3.49,Introductory coursework or demonstrated interest helpful,No formal experience required; beginner exposure helpful,moderate,No strict prerequisite; demonstrated interest improves fit
SYN-0304,Aurora Youth Research Institute Foundations Field School in Data Science,Aurora Youth Research Institute,synthetic_generated,,data science,statistics;computer science,data science;statistics;computer science;mathematics,skill development;career exploration;hands-on projects,strongly prefer free,online only,remote only,Remote,Remote,Remote,less competitive,2 to 4 weeks,3,summer,9,12,peer community,350,need-based aid,no,"A 2 to 4 weeks pre-college experience focused on data science, blending skill development with career exploration.",data science;statistics;computer science;skill development;career exploration,average,3.0-3.19,Introductory coursework helpful but not required,Beginner friendly; no prior experience required,moderate-low,Math/programming familiarity helpful; projects or coding exposure useful
SYN-0036,Catalyst Pre-College Center Foundations Field School in Machine Learning,Catalyst Pre-College Center,synthetic_generated,,machine learning,artificial intelligence;data science,machine learning;artificial intelligence;data science,skill development;hands-on projects;research experience,must be free,hybrid,East Coast,Pittsburgh,Pennsylvania,East Coast,less competitive,2 to 4 weeks,4,summer,9,12,independent exploration,0,no,optional,"Designed for motivated teens, this program combines machine learning content with skill development and hands-on projects.",machine learning;artificial intelligence;data science;skill development;hands-on projects,average,3.0-3.19,Introductory coursework helpful but not required,Beginner friendly; no prior experience required,moderate-low,Math/programming familiarity helpful; projects or coding exposure useful
SYN-0326,Cedar Grove Scholars Future Leaders Pre-College Institute for Artificial Intelligence,Cedar Grove Scholars,synthetic_generated,,artificial intelligence,machine learning;computer science,artificial intelligence;machine learning;computer science,skill development;career exploration;hands-on projects,moderate cost is okay,mostly in-person,Midwest,Ann Arbor,Michigan,Midwest,balanced,2 to 4 weeks,3,summer,9,12,application guidance,2800,yes,yes,"Designed for motivated teens, this program combines artificial intelligence content with skill development and career exploration.",artificial intelligence;machine learning;computer science;skill development;career exploration,solid,3.2-3.49,Introductory coursework helpful but not required,No formal experience required; beginner exposure helpful,moderate,Math/programming familiarity helpful; projects or coding exposure useful
SYN-0031,Northstar Future Institute Pioneer Explorers Program in Computer Science,Northstar Future Institute,synthetic_generated,,computer science,software engineering;artificial intelligence,computer science;software engineering;artificial intelligence,skill development;hands-on projects;career exploration,cost matters but flexible,mostly in-person,East Coast,Philadelphia,Pennsylvania,East Coast,balanced,4 to 8 weeks,8,summer,9,12,faculty mentorship,7200,need-based aid,yes,"A 4 to 8 weeks pre-college experience focused on computer science, blending skill development with hands-on projects.",computer science;software engineering;artificial intelligence;skill development;hands-on projects,solid,3.2-3.49,Introductory coursework helpful but not required,No formal experience required; beginner exposure helpful,moderate,Math/programming familiarity helpful; projects or coding exposure useful
SYN-0927,Mosaic Futures Academy Pioneer Workshop Series in Graphic Design,Mosaic Futures Academy,synthetic_generated,,graphic design,design;marketing,graphic design;design;marketing,hands-on projects;career exploration;skill development,cost matters but flexible,online only,remote only,Remote,Remote,Remote,balanced,4 to 8 weeks,8,summer,9,12,research mentorship,6100,no,no,"A 4 to 8 weeks pre-college experience focused on graphic design, blending hands-on projects with career exploration.",graphic design;design;marketing;hands-on projects;career exploration,solid,3.2-3.49,Foundational coursework or portfolio-building experience helpful,No formal experience required; beginner exposure helpful,moderate,"Portfolio, writing samples, or prior creative work may strengthen fit"
SYN-0281,Evergreen Future Lab Global Research Lab in Public Health,Evergreen Future Lab,synthetic_generated,,public health,medicine;biology,public health;medicine;biology,leadership development;research experience;social impact,low cost only,in-person only,West Coast,San Diego,California,West Coast,very competitive,1 to 2 weeks,2,summer,9,12,peer community,1500,merit scholarships,yes,This summer program helps high school students explore public health through leadership development and research experience.,public health;medicine;biology;leadership development;research experience,exceptional,3.8+,Introductory coursework or demonstrated interest helpful,Demonstrated sustained interest and prior exposure preferred,high,Biology/chemistry exposure helpful; healthcare interest expected
SYN-0718,Vertex Learning Center Honors Workshop Series in Civil Engineering,Vertex Learning Center,synthetic_generated,,civil engineering,architecture;sustainability,civil engineering;architecture;sustainability,skill development;hands-on projects;social impact,must be free,in-person only,East Coast,Philadelphia,Pennsylvania,East Coast,very competitive,4 to 8 weeks,6,summer,9,12,student mentorship,0,no,yes,"A 4 to 8 weeks pre-college experience focused on civil engineering, blending skill development with hands-on projects.",civil engineering;architecture;sustainability;skill development;hands-on projects,exceptional,3.8+,Advanced coursework preferred (honors/AP/IB or strong equivalent),"Some prior projects, research, competitions, or advanced exposure preferred",high,No strict prerequisite; demonstrated interest improves fit
SYN-0157,Riverview Innovation Lab Honors Summer Academy in Data Science,Riverview Innovation Lab,synthetic_generated,,data science,statistics;computer science,data science;statistics;computer science;mathematics,hands-on projects;career exploration;skill development,strongly prefer free,in-person only,South,Nashville,Tennessee,South,very competitive,1 to 2 weeks,1,summer,9,12,student mentorship,500,merit scholarships,yes,This summer program helps high school students explore data science through hands-on projects and career exploration.,data science;statistics;computer science;hands-on projects;career exploration,exceptional,3.8+,Advanced coursework preferred (honors/AP/IB or strong equivalent),"Some prior projects, research, competitions, or advanced exposure preferred",high,Math/programming familiarity helpful; projects or coding exposure useful
SYN-0096,Catalyst Pre-College Center Frontier Pre-College Institute for Game Development,Catalyst Pre-College Center,synthetic_generated,,game development,computer science;design,game development;computer science;design;software engineering,meeting like-minded students;skill development;hands-on projects,moderate cost is okay,hybrid,South,Nashville,Tennessee,South,very competitive,1 to 2 weeks,2,summer,8,12,student mentorship,3200,no,optional,"A 1 to 2 weeks pre-college experience focused on game development, blending meeting like-minded students with skill development.",game development;computer science;design;meeting like-minded students;skill development,exceptional,3.8+,Foundational coursework helpful but not required,Demonstrated sustained interest and prior exposure preferred,high,No strict prerequisite; demonstrated interest improves fit
SYN-0901,Northstar Future Institute Advanced Pre-College Institute for Film,Northstar Future Institute,synthetic_generated,,film,arts;creative writing,film;arts;creative writing;design,hands-on projects;portfolio building;career exploration,moderate cost is okay,mostly in-person,South,Austin,Texas,South,very competitive,4 to 8 weeks,8,summer,9,12,small class size,2800,no,yes,"Designed for motivated teens, this program combines film content with hands-on projects and portfolio building.",film;arts;creative writing;hands-on projects;portfolio building,exceptional,3.8+,Foundational coursework or portfolio-building experience helpful,"Strong prior experience, portfolio, or sustained work preferred",high,"Portfolio, writing samples, or prior creative work may strengthen fit"
SYN-0285,Meridian Scholars Collective Foundations College Prep Seminar in Veterinary Medicine,Meridian Scholars Collective,synthetic_generated,,veterinary medicine,biology;medicine,veterinary medicine;biology;medicine;chemistry,hands-on projects;career exploration;medical exposure,not a major concern,in-person only,Midwest,Chicago,Illinois,Midwest,competitive,4 to 8 weeks,6,summer,9,12,project guidance,13500,no,yes,Students build confidence in veterinary medicine while developing transferable skills through hands-on projects and career exploration.,veterinary medicine;biology;medicine;hands-on projects;career exploration,strong,3.5-3.79,Foundational coursework helpful but not required,Some prior exposure helpful,moderately high,No strict prerequisite; demonstrated interest improves fit
SYN-0920,Granite Point Institute Applied Research Lab in Cybersecurity,Granite Point Institute,synthetic_generated,,cybersecurity,computer science;law,cybersecurity;computer science;law;software engineering,hands-on projects;skill development;career exploration,must be free,mostly in-person,East Coast,Washington,District of Columbia,East Coast,competitive,2 to 4 weeks,4,spring,9,12,research mentorship,0,merit scholarships,yes,Students build confidence in cybersecurity while developing transferable skills through hands-on projects and skill development.,cybersecurity;computer science;law;hands-on projects;skill development,strong,3.5-3.79,Advanced coursework preferred (honors/AP/IB or strong equivalent),Some prior exposure or self-directed projects helpful,moderately high,Math/programming familiarity helpful; projects or coding exposure useful
SYN-0651,Helix Summer Scholars Young Innovators Pre-College Institute for Dentistry,Helix Summer Scholars,synthetic_generated,,dentistry,medicine;biology,dentistry;medicine;biology,career exploration;medical exposure;resume building,not a major concern,in-person only,Midwest,Chicago,Illinois,Midwest,balanced,2 to 4 weeks,4,summer,10,12,career guidance,13500,merit scholarships,yes,This summer program helps high school students explore dentistry through career exploration and medical exposure.,dentistry;medicine;biology;career exploration;medical exposure,solid,3.2-3.49,Foundational coursework helpful but not required,No formal experience required; beginner exposure helpful,moderate,No strict prerequisite; demonstrated interest improves fit
SYN-0100,Coastal Edge Institute Pioneer Bootcamp in Veterinary Medicine,Coastal Edge Institute,synthetic_generated,,veterinary medicine,biology;medicine,veterinary medicine;biology;medicine;chemistry,career exploration;research experience;medical exposure,cost matters but flexible,mostly in-person,West Coast,Seattle,Washington,West Coast,balanced,1 to 2 weeks,2,summer,9,12,project guidance,8400,limited,yes,"Designed for motivated teens, this program combines veterinary medicine content with career exploration and research experience.",veterinary medicine;biology;medicine;career exploration;research experience,solid,3.2-3.49,Foundational coursework helpful but not required,No formal experience required; beginner exposure helpful,moderate,No strict prerequisite; demonstrated interest improves fit
SYN-0762,Maple Bridge Academy Foundations Bootcamp in Interdisciplinary,Maple Bridge Academy,synthetic_generated,,interdisciplinary,leadership;research,interdisciplinary;leadership;research;social impact,college preparation;major exploration;meeting like-minded students,low cost only,hybrid,international,Toronto,Canada,International,competitive,4 to 8 weeks,6,summer,9,12,independent exploration,1800,no,optional,"A 4 to 8 weeks pre-college experience focused on interdisciplinary, blending college preparation with major exploration.",interdisciplinary;leadership;research;college preparation;major exploration,strong,3.5-3.79,Foundational coursework helpful but not required,Some prior exposure helpful,moderately high,No strict prerequisite; demonstrated interest improves fit
SYN-0714,Cobalt Ridge University Pioneer Explorers Program in Mathematics,Cobalt Ridge University,synthetic_generated,,mathematics,statistics;physics,mathematics;statistics;physics,skill development;academic challenge;major exploration,moderate cost is okay,mostly online,Midwest,Madison,Wisconsin,Midwest,less competitive,2 to 4 weeks,4,summer,9,12,independent exploration,3800,no,optional,"Designed for motivated teens, this program combines mathematics content with skill development and academic challenge.",mathematics;statistics;physics;skill development;academic challenge,average,3.0-3.19,Introductory coursework helpful but not required,Beginner friendly; no prior experience required,moderate-low,No strict prerequisite; demonstrated interest improves fit
REAL-0007,Economics Policy Academy,Georgetown University,real_sourced,https://summer.georgetown.edu/pre-college-programs/academies/academy-finder/,economics,finance;political science;statistics,economics;finance;political science;statistics,academic challenge;career exploration;networking,not a major concern,in-person only,East Coast,Washington,District of Columbia,East Coast,competitive,2 to 4 weeks,3,summer,8,12,faculty mentorship,9085,limited,yes,Three-week academy combining economics with public policy analysis.,economics;finance;political science;statistics;academic challenge;career exploration,strong,3.5-3.79,Relevant introductory coursework or strong extracurricular exposure helpful,Some prior exposure helpful,moderately high,"Quantitative comfort, initiative, or leadership/project experience helpful"
SYN-0827,Lighthouse Prep Academy Advanced Workshop Series in Journalism,Lighthouse Prep Academy,synthetic_generated,,journalism,creative writing;political science,journalism;creative writing;political science,career exploration;portfolio building;leadership development,not a major concern,mostly online,West Coast,San Diego,California,West Coast,competitive,1 to 2 weeks,1,spring,9,12,research mentorship,9200,need-based aid,optional,This spring program helps high school students explore journalism through career exploration and portfolio building.,journalism;creative writing;political science;career exploration;portfolio building,strong,3.5-3.79,Foundational coursework or portfolio-building experience helpful,Beginner-to-intermediate portfolio or prior work helpful,moderately high,"Portfolio, writing samples, or prior creative work may strengthen fit"
SYN-0765,Meridian Scholars Collective Advanced Pre-College Institute for Biochemistry,Meridian Scholars Collective,synthetic_generated,,biochemistry,chemistry;biology,biochemistry;chemistry;biology,skill development;career exploration;research experience,must be free,in-person only,West Coast,Seattle,Washington,West Coast,balanced,1 to 2 weeks,2,fall,9,12,project guidance,0,need-based aid,yes,"Designed for motivated teens, this program combines biochemistry content with skill development and career exploration.",biochemistry;chemistry;biology;skill development;career exploration,solid,3.2-3.49,Introductory coursework helpful but not required,No formal experience required; beginner exposure helpful,moderate,No strict prerequisite; demonstrated interest improves fit
SYN-0221,Evergreen Future Lab Applied Summer Academy in Social Impact,Evergreen Future Lab,synthetic_generated,,social impact,leadership;public health,social impact;leadership;public health,leadership development;networking;career exploration,moderate cost is okay,mostly in-person,South,Atlanta,Georgia,South,less competitive,4 to 8 weeks,8,summer,9,12,student mentorship,3800,merit scholarships,yes,Students build confidence in social impact while developing transferable skills through leadership development and networking.,social impact;leadership;public health;leadership development;networking,average,3.0-3.19,Introductory coursework or demonstrated interest helpful,Beginner friendly; no prior experience required,moderate-low,No strict prerequisite; demonstrated interest improves fit
SYN-0540,Compass Youth University Discovery Research Lab in History,Compass Youth University,synthetic_generated,,history,political science;philosophy,history;political science;philosophy;international relations,major exploration;college preparation;leadership development,must be free,mostly in-person,international,Oxford,England,International,balanced,1 to 2 weeks,1,winter,9,12,independent exploration,0,need-based aid,yes,This winter program helps high school students explore history through major exploration and college preparation.,history;political science;philosophy;major exploration;college preparation,solid,3.2-3.49,Introductory coursework or demonstrated interest helpful,No formal experience required; beginner exposure helpful,moderate,No strict prerequisite; demonstrated interest improves fit
SYN-0396,Catalyst Pre-College Center Discovery Research Lab in Medicine,Catalyst Pre-College Center,synthetic_generated,,medicine,biology;public health,medicine;biology;public health;chemistry,medical exposure;hands-on projects;career exploration,low cost only,either,East Coast,Raleigh,North Carolina,East Coast,competitive,1 to 2 weeks,2,summer,9,12,research mentorship,1200,merit scholarships,optional,"A 1 to 2 weeks pre-college experience focused on medicine, blending medical exposure with hands-on projects.",medicine;biology;public health;medical exposure;hands-on projects,strong,3.5-3.79,Advanced coursework preferred (honors/AP/IB or strong equivalent),Some prior exposure or self-directed projects helpful,moderately high,Biology/chemistry exposure helpful; healthcare interest expected
SYN-0162,Maple Bridge Academy Future Leaders Field School in Interdisciplinary,Maple Bridge Academy,synthetic_generated,,interdisciplinary,leadership;research,interdisciplinary;leadership;research;social impact,academic challenge;meeting like-minded students;college preparation,strongly prefer free,in-person only,West Coast,Seattle,Washington,West Coast,balanced,4 to 8 weeks,6,summer,9,12,application guidance,750,need-based aid,yes,This summer program helps high school students explore interdisciplinary through academic challenge and meeting like-minded students.,interdisciplinary;leadership;research;academic challenge;meeting like-minded students,solid,3.2-3.49,Foundational coursework helpful but not required,No formal experience required; beginner exposure helpful,moderate,No strict prerequisite; demonstrated interest improves fit
SYN-0366,Catalyst Pre-College Center Global Leadership Forum in Software Engineering,Catalyst Pre-College Center,synthetic_generated,,software engineering,computer science;artificial intelligence,software engineering;computer science;artificial intelligence,skill development;portfolio building;hands-on projects,not a major concern,mostly in-person,East Coast,Washington,District of Columbia,East Coast,balanced,1 to 2 weeks,2,summer,9,12,independent exploration,10500,yes,yes,"A 1 to 2 weeks pre-college experience focused on software engineering, blending skill development with portfolio building.",software engineering;computer science;artificial intelligence;skill development;portfolio building,solid,3.2-3.49,Introductory coursework helpful but not required,No formal experience required; beginner exposure helpful,moderate,Math/programming familiarity helpful; projects or coding exposure useful
SYN-0923,Sagebrook Academy Foundations Immersion in Biomedical Engineering,Sagebrook Academy,synthetic_generated,,biomedical engineering,medicine;mechanical engineering,biomedical engineering;medicine;mechanical engineering;biology,research experience;medical exposure;career exploration,cost matters but flexible,hybrid,East Coast,Baltimore,Maryland,East Coast,competitive,4 to 8 weeks,6,summer,10,12,application guidance,8400,yes,optional,"Designed for motivated teens, this program combines biomedical engineering content with research experience and medical exposure.",biomedical engineering;medicine;mechanical engineering;research experience;medical exposure,strong,3.5-3.79,Advanced coursework preferred (honors/AP/IB or strong equivalent),Some prior exposure or self-directed projects helpful,moderately high,No strict prerequisite; demonstrated interest improves fit
SYN-0655,Urban Horizon Institute Young Innovators College Prep Seminar in Biotechnology,Urban Horizon Institute,synthetic_generated,,biotechnology,biology;chemistry,biotechnology;biology;chemistry,skill development;hands-on projects;career exploration,low cost only,either,West Coast,San Francisco,California,West Coast,balanced,1 to 2 weeks,2,summer,9,12,independent exploration,1500,no,optional,"Designed for motivated teens, this program combines biotechnology content with skill development and hands-on projects.",biotechnology;biology;chemistry;skill development;hands-on projects,solid,3.2-3.49,Introductory coursework helpful but not required,No formal experience required; beginner exposure helpful,moderate,No strict prerequisite; demonstrated interest improves fit
SYN-0602,Blue Mesa Scholars Academy Honors Innovation Studio in Aerospace Engineering,Blue Mesa Scholars Academy,synthetic_generated,,aerospace engineering,physics;mechanical engineering,aerospace engineering;physics;mechanical engineering;mathematics,academic challenge;hands-on projects;career exploration,low cost only,in-person only,East Coast,Raleigh,North Carolina,East Coast,balanced,1 to 2 weeks,1,summer,9,12,application guidance,2200,merit scholarships,yes,This summer program helps high school students explore aerospace engineering through academic challenge and hands-on projects.,aerospace engineering;physics;mechanical engineering;academic challenge;hands-on projects,solid,3.2-3.49,Introductory coursework helpful but not required,No formal experience required; beginner exposure helpful,moderate,No strict prerequisite; demonstrated interest improves fit
SYN-0670,Coastal Edge Institute Advanced Explorers Program in History,Coastal Edge Institute,synthetic_generated,,history,political science;philosophy,history;political science;philosophy;international relations,academic challenge;leadership development;college preparation,cost matters but flexible,mostly online,East Coast,Pittsburgh,Pennsylvania,East Coast,competitive,4 to 8 weeks,6,summer,9,12,faculty mentorship,7200,limited,optional,Students build confidence in history while developing transferable skills through academic challenge and leadership development.,history;political science;philosophy;academic challenge;leadership development,strong,3.5-3.79,Introductory coursework or demonstrated interest helpful,Some prior exposure helpful,moderately high,No strict prerequisite; demonstrated interest improves fit
SYN-0140,Granite Point Institute Young Innovators Leadership Forum in Biomedical Engineering,Granite Point Institute,synthetic_generated,,biomedical engineering,medicine;mechanical engineering,biomedical engineering;medicine;mechanical engineering;biology,career exploration;medical exposure;hands-on projects,must be free,mostly online,international,Toronto,Canada,International,competitive,2 to 4 weeks,4,summer,10,12,independent exploration,0,merit scholarships,optional,Students build confidence in biomedical engineering while developing transferable skills through career exploration and medical exposure.,biomedical engineering;medicine;mechanical engineering;career exploration;medical exposure,strong,3.5-3.79,Advanced coursework preferred (honors/AP/IB or strong equivalent),Some prior exposure or self-directed projects helpful,moderately high,No strict prerequisite; demonstrated interest improves fit
SYN-0511,Northstar Future Institute Honors Leadership Forum in Creative Writing,Northstar Future Institute,synthetic_generated,,creative writing,journalism;history,creative writing;journalism;history,portfolio building;skill development;college preparation,cost matters but flexible,mostly in-person,Arizona,Phoenix,Arizona,Southwest,balanced,2 to 4 weeks,3,summer,9,12,project guidance,7200,limited,yes,Students build confidence in creative writing while developing transferable skills through portfolio building and skill development.,creative writing;journalism;history;portfolio building;skill development,solid,3.2-3.49,Foundational coursework or portfolio-building experience helpful,No formal experience required; beginner exposure helpful,moderate,"Portfolio, writing samples, or prior creative work may strengthen fit"
REAL-0028,Emerging World Leaders,University of Chicago,real_sourced,https://summer.uchicago.edu/courses/emerging-world-leaders/,leadership,political science;international relations;history,leadership;political science;international relations;history,leadership development;meeting like-minded students;college preparation,moderate cost is okay,in-person only,Midwest,Chicago,Illinois,Midwest,competitive,1 to 2 weeks,1,summer,9,12,peer community,3800,limited,yes,Leadership-focused UChicago experience exposing students to faculty research and civic inquiry.,leadership;political science;international relations;history;leadership development;meeting like-minded students,strong,3.5-3.79,Introductory coursework or demonstrated interest helpful,Some prior exposure helpful,moderately high,No strict prerequisite; demonstrated interest improves fit
SYN-0553,Redwood Pathways Institute Young Innovators Explorers Program in Sports Management,Redwood Pathways Institute,synthetic_generated,,sports management,business;marketing,sports management;business;marketing;finance,networking;leadership development;career exploration,strongly prefer free,hybrid,West Coast,San Diego,California,West Coast,balanced,1 to 2 weeks,1,winter,9,12,small class size,350,limited,optional,"Designed for motivated teens, this program combines sports management content with networking and leadership development.",sports management;business;marketing;networking;leadership development,solid,3.2-3.49,Foundational coursework helpful but not required,No formal experience required; beginner exposure helpful,moderate,No strict prerequisite; demonstrated interest improves fit
SYN-0454,Aurora Youth Research Institute Foundations Summer Academy in Animation,Aurora Youth Research Institute,synthetic_generated,,animation,design;film,animation;design;film;graphic design,hands-on projects;skill development;career exploration,moderate cost is okay,either,East Coast,Philadelphia,Pennsylvania,East Coast,very competitive,2 to 4 weeks,4,summer,8,12,research mentorship,3200,limited,optional,This summer program helps high school students explore animation through hands-on projects and skill development.,animation;design;film;hands-on projects;skill development,exceptional,3.8+,Foundational coursework helpful but not required,Demonstrated sustained interest and prior exposure preferred,high,No strict prerequisite; demonstrated interest improves fit
SYN-0175,Urban Horizon Institute Elite Workshop Series in Nursing,Urban Horizon Institute,synthetic_generated,,nursing,medicine;public health,nursing;medicine;public health;biology,hands-on projects;career exploration;leadership development,moderate cost is okay,mostly in-person,South,Nashville,Tennessee,South,balanced,2 to 4 weeks,4,summer,9,12,peer community,2800,limited,yes,"Designed for motivated teens, this program combines nursing content with hands-on projects and career exploration.",nursing;medicine;public health;hands-on projects;career exploration,solid,3.2-3.49,Introductory coursework helpful but not required,No formal experience required; beginner exposure helpful,moderate,Biology/chemistry exposure helpful; healthcare interest expected
SYN-0160,Coastal Edge Institute Young Innovators Scholars Program in Mathematics,Coastal Edge Institute,synthetic_generated,,mathematics,statistics;physics,mathematics;statistics;physics,college preparation;major exploration;skill development,cost matters but flexible,online only,remote only,Remote,Remote,Remote,competitive,1 to 2 weeks,2,summer,9,12,research mentorship,7200,need-based aid,no,This summer program helps high school students explore mathematics through college preparation and major exploration.,mathematics;statistics;physics;college preparation;major exploration,strong,3.5-3.79,Advanced coursework preferred (honors/AP/IB or strong equivalent),Some prior exposure or self-directed projects helpful,moderately high,No strict prerequisite; demonstrated interest improves fit
SYN-0032,Blue Mesa Scholars Academy Global Bootcamp in History,Blue Mesa Scholars Academy,synthetic_generated,,history,political science;philosophy,history;political science;philosophy;international relations,major exploration;college preparation;leadership development,strongly prefer free,in-person only,West Coast,San Diego,California,West Coast,very competitive,1 to 2 weeks,2,summer,9,12,peer community,350,yes,yes,"Designed for motivated teens, this program combines history content with major exploration and college preparation.",history;political science;philosophy;major exploration;college preparation,exceptional,3.8+,Introductory coursework or demonstrated interest helpful,Demonstrated sustained interest and prior exposure preferred,high,No strict prerequisite; demonstrated interest improves fit
REAL-0031,Secondary School Program - 4 Week Residential,Harvard Summer School,real_sourced,https://summer.harvard.edu/blog/everything-you-need-to-know-about-applying-to-summer-2026-programs/,interdisciplinary,education;research;leadership,interdisciplinary;education;research;leadership,college preparation;academic challenge;major exploration,not a major concern,in-person only,East Coast,Cambridge,Massachusetts,East Coast,very competitive,2 to 4 weeks,4,summer,9,12,faculty mentorship,9200,limited,yes,Four-week residential Secondary School Program course experience for high school students.,interdisciplinary;education;research;leadership;college preparation;academic challenge,exceptional,3.8+,Foundational coursework helpful but not required,Demonstrated sustained interest and prior exposure preferred,high,No strict prerequisite; demonstrated interest improves fit
REAL-0033,Secondary School Program - 7 Week Online,Harvard Summer School,real_sourced,https://summer.harvard.edu/high-school-programs/secondary-school-program/7-week-online-secondary-school-program/,interdisciplinary,education;research;leadership,interdisciplinary;education;research;leadership,college preparation;academic challenge;major exploration,cost matters but flexible,online only,remote only,Remote,Remote,Remote,competitive,4 to 8 weeks,7,summer,9,12,independent exploration,6800,limited,no,Seven-week online SSP option for students worldwide.,interdisciplinary;education;research;leadership;college preparation;academic challenge,strong,3.5-3.79,Foundational coursework helpful but not required,Some prior exposure helpful,moderately high,No strict prerequisite; demonstrated interest improves fit
SYN-0369,Prairie Stone Scholars Program Elite Summer Academy in Machine Learning,Prairie Stone Scholars Program,synthetic_generated,,machine learning,artificial intelligence;data science,machine learning;artificial intelligence;data science,research experience;hands-on projects;portfolio building,low cost only,hybrid,East Coast,Raleigh,North Carolina,East Coast,balanced,2 to 4 weeks,4,summer,9,12,peer community,2200,yes,optional,"Designed for motivated teens, this program combines machine learning content with research experience and hands-on projects.",machine learning;artificial intelligence;data science;research experience;hands-on projects,solid,3.2-3.49,Introductory coursework helpful but not required,No formal experience required; beginner exposure helpful,moderate,Math/programming familiarity helpful; projects or coding exposure useful
SYN-0541,Northstar Future Institute Future Leaders Innovation Studio in Public Health,Northstar Future Institute,synthetic_generated,,public health,medicine;biology,public health;medicine;biology,leadership development;social impact;research experience,not a major concern,online only,remote only,Remote,Remote,Remote,balanced,4 to 8 weeks,6,summer,9,12,project guidance,13500,need-based aid,no,This summer program helps high school students explore public health through leadership development and social impact.,public health;medicine;biology;leadership development;social impact,solid,3.2-3.49,Introductory coursework or demonstrated interest helpful,No formal experience required; beginner exposure helpful,moderate,Biology/chemistry exposure helpful; healthcare interest expected
SYN-0026,Cedar Grove Scholars Open Door Scholars Program in Pre-Med,Cedar Grove Scholars,synthetic_generated,,pre-med,medicine;biology,pre-med;medicine;biology,research experience;college preparation;medical exposure,moderate cost is okay,mostly in-person,Midwest,Chicago,Illinois,Midwest,open enrollment,4 to 8 weeks,8,summer,9,12,career guidance,2800,merit scholarships,yes,"Designed for motivated teens, this program combines pre-med content with research experience and college preparation.",pre-med;medicine;biology;research experience;college preparation,accessible,No formal minimum / 2.5+ preferred,Introductory coursework helpful but not required,Open to beginners; no prior experience required,accessible,Biology/chemistry exposure helpful; healthcare interest expected
SYN-0495,Meridian Scholars Collective Discovery Research Lab in Interdisciplinary,Meridian Scholars Collective,synthetic_generated,,interdisciplinary,leadership;research,interdisciplinary;leadership;research;social impact,major exploration;academic challenge;college preparation,low cost only,in-person only,Arizona,Phoenix,Arizona,Southwest,competitive,1 to 2 weeks,1,summer,9,12,student mentorship,1200,need-based aid,yes,"A 1 to 2 weeks pre-college experience focused on interdisciplinary, blending major exploration with academic challenge.",interdisciplinary;leadership;research;major exploration;academic challenge,strong,3.5-3.79,Foundational coursework helpful but not required,Some prior exposure helpful,moderately high,No strict prerequisite; demonstrated interest improves fit
SYN-0850,Coastal Edge Institute Elite Summer Academy in Mathematics,Coastal Edge Institute,synthetic_generated,,mathematics,statistics;physics,mathematics;statistics;physics,academic challenge;skill development;major exploration,cost matters but flexible,mostly online,Midwest,Chicago,Illinois,Midwest,balanced,4 to 8 weeks,8,winter,9,12,peer community,7200,yes,optional,"Designed for motivated teens, this program combines mathematics content with academic challenge and skill development.",mathematics;statistics;physics;academic challenge;skill development,solid,3.2-3.49,Introductory coursework helpful but not required,No formal experience required; beginner exposure helpful,moderate,No strict prerequisite; demonstrated interest improves fit
SYN-0695,Summit Forge Academy Honors Innovation Studio in Arts,Summit Forge Academy,synthetic_generated,,arts,design;film,arts;design;film;graphic design,portfolio building;skill development;hands-on projects,must be free,in-person only,West Coast,San Diego,California,West Coast,balanced,1 to 2 weeks,2,summer,8,12,peer community,0,yes,yes,"Designed for motivated teens, this program combines arts content with portfolio building and skill development.",arts;design;film;portfolio building;skill development,solid,3.2-3.49,Foundational coursework or portfolio-building experience helpful,No formal experience required; beginner exposure helpful,moderate,"Portfolio, writing samples, or prior creative work may strengthen fit"
SYN-0629,Brightwater Institute Global Immersion in Finance,Brightwater Institute,synthetic_generated,,finance,economics;business,finance;economics;business,academic challenge;skill development;networking,moderate cost is okay,mostly in-person,South,Atlanta,Georgia,South,balanced,1 to 2 weeks,2,summer,9,12,project guidance,3800,limited,yes,"Designed for motivated teens, this program combines finance content with academic challenge and skill development.",finance;economics;business;academic challenge;skill development,solid,3.2-3.49,Relevant introductory coursework or strong extracurricular exposure helpful,No formal experience required; beginner exposure helpful,moderate,"Quantitative comfort, initiative, or leadership/project experience helpful"
SYN-0041,Evergreen Future Lab Young Innovators Bootcamp in International Relations,Evergreen Future Lab,synthetic_generated,,international relations,political science;law,international relations;political science;law,networking;leadership development;social impact,strongly prefer free,online only,remote only,Remote,Remote,Remote,competitive,2 to 4 weeks,3,summer,10,12,peer community,350,need-based aid,no,"Designed for motivated teens, this program combines international relations content with networking and leadership development.",international relations;political science;law;networking;leadership development,strong,3.5-3.79,Introductory coursework or demonstrated interest helpful,Some prior exposure helpful,moderately high,No strict prerequisite; demonstrated interest improves fit
SYN-0691,Northstar Future Institute Elite Research Lab in Pharmacy,Northstar Future Institute,synthetic_generated,,pharmacy,chemistry;biochemistry,pharmacy;chemistry;biochemistry,college preparation;research experience;career exploration,low cost only,mostly in-person,South,Nashville,Tennessee,South,balanced,4 to 8 weeks,8,summer,10,12,student mentorship,1800,limited,yes,This summer program helps high school students explore pharmacy through college preparation and research experience.,pharmacy;chemistry;biochemistry;college preparation;research experience,solid,3.2-3.49,Introductory coursework helpful but not required,No formal experience required; beginner exposure helpful,moderate,Biology/chemistry exposure helpful; healthcare interest expected
SYN-0079,Bridgewater Youth Academy Applied Workshop Series in Environmental Science,Bridgewater Youth Academy,synthetic_generated,,environmental science,sustainability;biology,environmental science;sustainability;biology,career exploration;social impact;research experience,moderate cost is okay,in-person only,East Coast,Philadelphia,Pennsylvania,East Coast,balanced,1 to 2 weeks,1,summer,9,12,student mentorship,3800,need-based aid,yes,"Designed for motivated teens, this program combines environmental science content with career exploration and social impact.",environmental science;sustainability;biology;career exploration;social impact,solid,3.2-3.49,Introductory coursework helpful but not required,No formal experience required; beginner exposure helpful,moderate,No strict prerequisite; demonstrated interest improves fit
SYN-0165,Meridian Scholars Collective Applied Scholars Program in Pre-Med,Meridian Scholars Collective,synthetic_generated,,pre-med,medicine;biology,pre-med;medicine;biology,research experience;resume building;college preparation,must be free,hybrid,Midwest,Ann Arbor,Michigan,Midwest,very competitive,1 to 2 weeks,1,summer,9,12,small class size,0,limited,optional,This summer program helps high school students explore pre-med through research experience and resume building.,pre-med;medicine;biology;research experience;resume building,exceptional,3.8+,Advanced coursework preferred (honors/AP/IB or strong equivalent),"Some prior projects, research, competitions, or advanced exposure preferred",high,Biology/chemistry exposure helpful; healthcare interest expected
SYN-0187,Riverview Innovation Lab Pioneer Scholars Program in Physics,Riverview Innovation Lab,synthetic_generated,,physics,mathematics;engineering,physics;mathematics;engineering;statistics,college preparation;research experience;academic challenge,strongly prefer free,either,West Coast,Portland,Oregon,West Coast,less competitive,1 to 2 weeks,2,summer,9,12,faculty mentorship,350,merit scholarships,optional,This summer program helps high school students explore physics through college preparation and research experience.,physics;mathematics;engineering;college preparation;research experience,average,3.0-3.19,Introductory coursework helpful but not required,Beginner friendly; no prior experience required,moderate-low,No strict prerequisite; demonstrated interest improves fit
SYN-0218,Crescent Peak University Global Summer Academy in Physics,Crescent Peak University,synthetic_generated,,physics,mathematics;engineering,physics;mathematics;engineering;statistics,academic challenge;college preparation;hands-on projects,strongly prefer free,in-person only,East Coast,Pittsburgh,Pennsylvania,East Coast,balanced,4 to 8 weeks,8,summer,9,12,application guidance,350,need-based aid,yes,This summer program helps high school students explore physics through academic challenge and college preparation.,physics;mathematics;engineering;academic challenge;college preparation,solid,3.2-3.49,Introductory coursework helpful but not required,No formal experience required; beginner exposure helpful,moderate,No strict prerequisite; demonstrated interest improves fit
SYN-0696,Catalyst Pre-College Center Frontier Explorers Program in Fashion Design,Catalyst Pre-College Center,synthetic_generated,,fashion design,design;arts,fashion design;design;arts;graphic design,hands-on projects;networking;portfolio building,low cost only,mostly online,West Coast,Los Angeles,California,West Coast,competitive,1 to 2 weeks,1,summer,8,12,peer community,1500,yes,optional,"A 1 to 2 weeks pre-college experience focused on fashion design, blending hands-on projects with networking.",fashion design;design;arts;hands-on projects;networking,strong,3.5-3.79,Foundational coursework helpful but not required,Some prior exposure helpful,moderately high,No strict prerequisite; demonstrated interest improves fit
REAL-0026,3 Week Immersion,University of Chicago,real_sourced,https://summer.uchicago.edu/pre-college/pre-college/3-week-immersion/,interdisciplinary,research;education;leadership,interdisciplinary;research;education;leadership,academic challenge;college preparation;major exploration,cost matters but flexible,in-person only,Midwest,Chicago,Illinois,Midwest,very competitive,2 to 4 weeks,3,summer,9,12,faculty mentorship,7200,limited,yes,Three-week immersive residential pre-college experience in college-level coursework.,interdisciplinary;research;education;leadership;academic challenge;college preparation,exceptional,3.8+,Foundational coursework helpful but not required,Demonstrated sustained interest and prior exposure preferred,high,No strict prerequisite; demonstrated interest improves fit
SYN-0051,Helix Summer Scholars Advanced Innovation Studio in Economics,Helix Summer Scholars,synthetic_generated,,economics,finance;political science,economics;finance;political science,networking;academic challenge;career exploration,low cost only,mostly in-person,South,Houston,Texas,South,balanced,1 to 2 weeks,1,summer,9,12,career guidance,1500,need-based aid,yes,This summer program helps high school students explore economics through networking and academic challenge.,economics;finance;political science;networking;academic challenge,solid,3.2-3.49,Relevant introductory coursework or strong extracurricular exposure helpful,No formal experience required; beginner exposure helpful,moderate,"Quantitative comfort, initiative, or leadership/project experience helpful"
SYN-0591,Helix Summer Scholars Global Pre-College Institute for Mathematics,Helix Summer Scholars,synthetic_generated,,mathematics,statistics;physics,mathematics;statistics;physics,college preparation;major exploration;skill development,must be free,either,South,Miami,Florida,South,less competitive,1 to 2 weeks,2,summer,9,12,independent exploration,0,merit scholarships,optional,Students build confidence in mathematics while developing transferable skills through college preparation and major exploration.,mathematics;statistics;physics;college preparation;major exploration,average,3.0-3.19,Introductory coursework helpful but not required,Beginner friendly; no prior experience required,moderate-low,No strict prerequisite; demonstrated interest improves fit
